1.666666666666666852e-01 6.666666666666667407e-01 1.666666666666666574e-01 0.000000000000000000e+00 0.000000000000000000e+00
1.662669865813333758e-01 6.666660269226666324e-01 1.670669864106666125e-01 8.533333333333333593e-11 0.000000000000000000e+00
1.658679459840000370e-01 6.666641087146665257e-01 1.674679446186667087e-01 6.826666666666666874e-10 0.000000000000000000e+00
1.654695443626666151e-01 6.666609135786667473e-01 1.678695397546666468e-01 2.304000000000000316e-09 0.000000000000000000e+00
1.650717812053333067e-01 6.666564430506667360e-01 1.682717702826666828e-01 5.461333333333333499e-09 0.000000000000000000e+00
1.646746559999999748e-01 6.666506986666667078e-01 1.686746346666666840e-01 1.066666666666666623e-08 0.000000000000000000e+00
1.642781682346666772e-01 6.666436819626666566e-01 1.690781313706666289e-01 1.843200000000000252e-08 0.000000000000000000e+00
1.638823173973333325e-01 6.666353944746666871e-01 1.694822588586666623e-01 2.926933333333333152e-08 0.000000000000000000e+00
1.634871029759999705e-01 6.666258377386666822e-01 1.698870155946666238e-01 4.369066666666666799e-08 0.000000000000000000e+00
1.630925244586666489e-01 6.666150132906667469e-01 1.702924000426667139e-01 6.220800000000002341e-08 0.000000000000000000e+00
1.626985813333333142e-01 6.666029226666666530e-01 1.706984106666666889e-01 8.533333333333332982e-08 0.000000000000000000e+00
1.623052730880000238e-01 6.665895674026666162e-01 1.711050459306666383e-01 1.135786666666666715e-07 0.000000000000000000e+00
1.619125992106666689e-01 6.665749490346666306e-01 1.715123042986667068e-01 1.474560000000000202e-07 0.000000000000000000e+00
1.615205591893333348e-01 6.665590690986666900e-01 1.719201842346666231e-01 1.874773333333333741e-07 0.000000000000000000e+00
1.611291525119999957e-01 6.665419291306666771e-01 1.723286842026666987e-01 2.341546666666666522e-07 0.000000000000000000e+00
1.607383786666666814e-01 6.665235306666666970e-01 1.727378026666666622e-01 2.880000000000000378e-07 0.000000000000000000e+00
1.603482371413333663e-01 6.665038752426666324e-01 1.731475380906666028e-01 3.495253333333333439e-07 0.000000000000000000e+00
1.599587274240000245e-01 6.664829643946665882e-01 1.735578889386667212e-01 4.192426666666667277e-07 0.000000000000000000e+00
1.595698490026666305e-01 6.664607996586666694e-01 1.739688536746666625e-01 4.976640000000001873e-07 0.000000000000000000e+00
1.591816013653332695e-01 6.664373825706666477e-01 1.743804307626666827e-01 5.853013333333332974e-07 0.000000000000000000e+00
1.587939839999999714e-01 6.664127146666666279e-01 1.747926186666666493e-01 6.826666666666666386e-07 0.000000000000000000e+00
1.584069963946666548e-01 6.663867974826667151e-01 1.752054158506666237e-01 7.902720000000002621e-07 0.000000000000000000e+00
1.580206380373333497e-01 6.663596325546666810e-01 1.756188207786666677e-01 9.086293333333333720e-07 0.000000000000000000e+00
1.576349084159999747e-01 6.663312214186667415e-01 1.760328319146666487e-01 1.038250666666666655e-06 0.000000000000000000e+00
1.572498070186666430e-01 6.663015656106666684e-01 1.764474477226667393e-01 1.179648000000000162e-06 0.000000000000000000e+00
1.568653333333333288e-01 6.662706666666666777e-01 1.768626666666667235e-01 1.333333333333333414e-06 0.000000000000000000e+00
1.564814868480000065e-01 6.662385261226666522e-01 1.772784872106666632e-01 1.499818666666666993e-06 0.000000000000000000e+00
1.560982670506666781e-01 6.662051455146666967e-01 1.776949078186667030e-01 1.679616000000000209e-06 0.000000000000000000e+00
1.557156734293333178e-01 6.661705263786665832e-01 1.781119269546666550e-01 1.873237333333333217e-06 0.000000000000000000e+00
1.553337054719999832e-01 6.661346702506667494e-01 1.785295430826666918e-01 2.081194666666667024e-06 0.000000000000000000e+00
1.549523626666666765e-01 6.660975786666667453e-01 1.789477546666666530e-01 2.304000000000000302e-06 0.000000000000000000e+00
1.545716445013333717e-01 6.660592531626665647e-01 1.793665601706666002e-01 2.542165333333334057e-06 0.000000000000000000e+00
1.541915504640000434e-01 6.660196952746666454e-01 1.797859580586667061e-01 2.796202666666666752e-06 0.000000000000000000e+00
1.538120800426666102e-01 6.659789065386667595e-01 1.802059467946666715e-01 3.066623999999999813e-06 0.000000000000000000e+00
1.534332327253332962e-01 6.659368884906666786e-01 1.806265248426666969e-01 3.353941333333333822e-06 0.000000000000000000e+00
1.530550079999999646e-01 6.658936426666666186e-01 1.810476906666666497e-01 3.658666666666667241e-06 0.000000000000000000e+00
1.526774053546666454e-01 6.658491706026665735e-01 1.814694427306666469e-01 3.981312000000001498e-06 0.000000000000000000e+00
1.523004242773333405e-01 6.658034738346667591e-01 1.818917794986666947e-01 4.322389333333334210e-06 0.000000000000000000e+00
1.519240642559999688e-01 6.657565538986667253e-01 1.823146994346666605e-01 4.682410666666666379e-06 0.000000000000000000e+00
1.515483247786666710e-01 6.657084123306666879e-01 1.827382010026666059e-01 5.061888000000001128e-06 0.000000000000000000e+00
1.511732053333333103e-01 6.656590506666666407e-01 1.831622826666666759e-01 5.461333333333333109e-06 0.000000000000000000e+00
1.507987054080000278e-01 6.656084704426665777e-01 1.835869428906666267e-01 5.881258666666668830e-06 0.000000000000000000e+00
1.504248244906666865e-01 6.655566731946667147e-01 1.840121801386667422e-01 6.322176000000002097e-06 0.000000000000000000e+00
1.500515620693333163e-01 6.655036604586666016e-01 1.844379928746666952e-01 6.784597333333333489e-06 0.000000000000000000e+00
1.496789176320000025e-01 6.654494337706666762e-01 1.848643795626666031e-01 7.269034666666666976e-06 0.000000000000000000e+00
1.493068906666666640e-01 6.653939946666667105e-01 1.852913386666666939e-01 7.776000000000003138e-06 0.000000000000000000e+00
1.489354806613333582e-01 6.653373446826666981e-01 1.857188686506666409e-01 8.306005333333333238e-06 0.000000000000000000e+00
1.485646871040000316e-01 6.652794853546666332e-01 1.861469679786666998e-01 8.859562666666666327e-06 0.000000000000000000e+00
1.481945094826666309e-01 6.652204182186667314e-01 1.865756351146666547e-01 9.437184000000001292e-06 0.000000000000000000e+00
1.478249472853332969e-01 6.651601448106666536e-01 1.870048685226666507e-01 1.003938133333333194e-05 0.000000000000000000e+00
1.474559999999999760e-01 6.650986666666667269e-01 1.874346666666666661e-01 1.066666666666666731e-05 0.000000000000000000e+00
1.470876671146666703e-01 6.650359853226666118e-01 1.878650280106666237e-01 1.131955200000000292e-05 0.000000000000000000e+00
1.467199481173333264e-01 6.649721023146666354e-01 1.882959510186666685e-01 1.199854933333333595e-05 0.000000000000000000e+00
1.463528424959999741e-01 6.649070191786667916e-01 1.887274341546666678e-01 1.270417066666666697e-05 0.000000000000000000e+00
1.459863497386666709e-01 6.648407374506667411e-01 1.891594758826666001e-01 1.343692800000000167e-05 0.000000000000000000e+00
1.456204693333333355e-01 6.647732586666665888e-01 1.895920746666666934e-01 1.419733333333333722e-05 0.000000000000000000e+00
1.452552007680000257e-01 6.647045843626666617e-01 1.900252289706666764e-01 1.498589866666666574e-05 0.000000000000000000e+00
1.448905435306666878e-01 6.646347160746666205e-01 1.904589372586667217e-01 1.580313599999999966e-05 0.000000000000000000e+00
1.445264971093333239e-01 6.645636553386666812e-01 1.908931979946666690e-01 1.664955733333333619e-05 0.000000000000000000e+00
1.441630609919999917e-01 6.644914036906666155e-01 1.913280096426666355e-01 1.752567466666666573e-05 0.000000000000000000e+00
1.438002346666666653e-01 6.644179626666666394e-01 1.917633706666666549e-01 1.843200000000000242e-05 0.000000000000000000e+00
1.434380176213333746e-01 6.643433338026667467e-01 1.921992795306666502e-01 1.936904533333333667e-05 0.000000000000000000e+00
1.430764093440000384e-01 6.642675186346665983e-01 1.926357346986667107e-01 2.033732266666667246e-05 0.000000000000000000e+00
1.427154093226667142e-01 6.641905186986665210e-01 1.930727346346666762e-01 2.133734400000000019e-05 0.000000000000000000e+00
1.423550170453332930e-01 6.641123355306666198e-01 1.935102778026666359e-01 2.236962133333333401e-05 0.000000000000000000e+00
1.419952319999999713e-01 6.640329706666666665e-01 1.939483626666666793e-01 2.343466666666667449e-05 0.000000000000000000e+00
1.416360536746666676e-01 6.639524256426667659e-01 1.943869876906666461e-01 2.453299199999999850e-05 0.000000000000000000e+00
1.412774815573333287e-01 6.638707019946666898e-01 1.948261513386666810e-01 2.566510933333333711e-05 0.000000000000000000e+00
1.409195151359999565e-01 6.637878012586666543e-01 1.952658520746666793e-01 2.683153066666667057e-05 0.000000000000000000e+00
1.405621538986666641e-01 6.637037249706667641e-01 1.957060883626665915e-01 2.803276800000001302e-05 0.000000000000000000e+00
1.402053973333333148e-01 6.636184746666666801e-01 1.961468586666666736e-01 2.926933333333333793e-05 0.000000000000000000e+00
1.398492449280000216e-01 6.635320518826666181e-01 1.965881614506666819e-01 3.054173866666666959e-05 0.000000000000000000e+00
1.394936961706666756e-01 6.634444581546665720e-01 1.970299951786667059e-01 3.185049600000001199e-05 0.000000000000000000e+00
1.391387505493333621e-01 6.633556950186666468e-01 1.974723583146666961e-01 3.319611733333333519e-05 0.000000000000000000e+00
1.387844075519999998e-01 6.632657640106667252e-01 1.979152493226666309e-01 3.457911466666667368e-05 0.000000000000000000e+00
1.384306666666666741e-01 6.631746666666666901e-01 1.983586666666666554e-01 3.600000000000000769e-05 0.000000000000000000e+00
1.380775273813333592e-01 6.630824045226666463e-01 1.988026088106666089e-01 3.745928533333333103e-05 0.000000000000000000e+00
1.377249891840000295e-01 6.629889791146665878e-01 1.992470742186667476e-01 3.895748266666667139e-05 0.000000000000000000e+00
1.373730515626667148e-01 6.628943919786665084e-01 1.996920613546666889e-01 4.049510400000000903e-05 0.000000000000000000e+00
1.370217140053333060e-01 6.627986446506666240e-01 2.001375686826666334e-01 4.207266133333333773e-05 0.000000000000000000e+00
1.366709759999999441e-01 6.627017386666665955e-01 2.005835946666666703e-01 4.369066666666666487e-05 0.000000000000000000e+00
1.363208370346666587e-01 6.626036755626666386e-01 2.010301377706666393e-01 4.534963199999999102e-05 0.000000000000000000e+00
1.359712965973333132e-01 6.625044568746667473e-01 2.014771964586667408e-01 4.705006933333335064e-05 0.000000000000000000e+00
1.356223541760000206e-01 6.624040841386666933e-01 2.019247691946666756e-01 4.879249066666666978e-05 0.000000000000000000e+00
1.352740092586666720e-01 6.623025588906666927e-01 2.023728544426666165e-01 5.057740800000001677e-05 0.000000000000000000e+00
1.349262613333332972e-01 6.621998826666666282e-01 2.028214506666666805e-01 5.240533333333334477e-05 0.000000000000000000e+00
1.345791098880000092e-01 6.620960570026666048e-01 2.032705563306666796e-01 5.427677866666666791e-05 0.000000000000000000e+00
1.342325544106666713e-01 6.619910834346667272e-01 2.037201698986667309e-01 5.619225600000001387e-05 0.000000000000000000e+00
1.338865943893333688e-01 6.618849634986665453e-01 2.041702898346666739e-01 5.815227733333333581e-05 0.000000000000000000e+00
1.335412293119999927e-01 6.617776987306666081e-01 2.046209146026666259e-01 6.015735466666666140e-05 0.000000000000000000e+00
1.331964586666666561e-01 6.616692906666665763e-01 2.050720426666666762e-01 6.220800000000002510e-05 0.000000000000000000e+00
1.328522819413333611e-01 6.615597408426667769e-01 2.055236724906666645e-01 6.430472533333333942e-05 0.000000000000000000e+00
1.325086986240000542e-01 6.614490507946666487e-01 2.059758025386666247e-01 6.644804266666666590e-05 0.000000000000000000e+00
1.321657082026667096e-01 6.613372220586666295e-01 2.064284312746667016e-01 6.863846400000001870e-05 0.000000000000000000e+00
1.318233101653333017e-01 6.612242561706667132e-01 2.068815571626666516e-01 7.087650133333333062e-05 0.000000000000000000e+00
1.314815039999999713e-01 6.611101546666666717e-01 2.073351786666666752e-01 7.316266666666667001e-05 0.000000000000000000e+00
1.311402891946666649e-01 6.609949190826667209e-01 2.077892942506666674e-01 7.549747200000001034e-05 0.000000000000000000e+00
1.307996652373333568e-01 6.608785509546667436e-01 2.082439023786666621e-01 7.788142933333333864e-05 0.000000000000000000e+00
1.304596316160000213e-01 6.607610518186666226e-01 2.086990015146666377e-01 8.031505066666665550e-05 0.000000000000000000e+00
1.301201878186666605e-01 6.606424232106666850e-01 2.091545901226666004e-01 8.279884800000002925e-05 0.000000000000000000e+00
1.297813333333333041e-01 6.605226666666667024e-01 2.096106666666667229e-01 8.533333333333333851e-05 0.000000000000000000e+00
1.294430676480000098e-01 6.604017837226665577e-01 2.100672296106666781e-01 8.791901866666669227e-05 0.000000000000000000e+00
1.291053902506666962e-01 6.602797759146665779e-01 2.105242774186666388e-01 9.055641600000002335e-05 0.000000000000000000e+00
1.287683006293333376e-01 6.601566447786666458e-01 2.109818085546666944e-01 9.324603733333334588e-05 0.000000000000000000e+00
1.284317982719999918e-01 6.600323918506667553e-01 2.114398214826666567e-01 9.598839466666668756e-05 0.000000000000000000e+00
1.280958826666666606e-01 6.599070186666666782e-01 2.118983146666667261e-01 9.878400000000000830e-05 0.000000000000000000e+00
1.277605533013333738e-01 6.597805267626666303e-01 2.123572865706666313e-01 1.016333653333333358e-04 0.000000000000000000e+00
1.274258096640000504e-01 6.596529176746668277e-01 2.128167356586666559e-01 1.045370026666666977e-04 0.000000000000000000e+00
1.270916512426666922e-01 6.595241929386665980e-01 2.132766603946666950e-01 1.074954240000000133e-04 0.000000000000000000e+00
1.267580775253333292e-01 6.593943540906668233e-01 2.137370592426666716e-01 1.105091413333333375e-04 0.000000000000000000e+00
1.264250879999999633e-01 6.592634026666667202e-01 2.141979306666667304e-01 1.135786666666666978e-04 0.000000000000000000e+00
1.260926821546666521e-01 6.591313402026666157e-01 2.146592731306666557e-01 1.167045120000000135e-04 0.000000000000000000e+00
1.257608594773333421e-01 6.589981682346666148e-01 2.151210850986666201e-01 1.198871893333333259e-04 0.000000000000000000e+00
1.254296194560000077e-01 6.588638882986667111e-01 2.155833650346666852e-01 1.231272106666667034e-04 0.000000000000000000e+00
1.250989615786666509e-01 6.587285019306667877e-01 2.160461114026666629e-01 1.264250879999999973e-04 0.000000000000000000e+00
1.247688853333333153e-01 6.585920106666667273e-01 2.165093226666666981e-01 1.297813333333333033e-04 0.000000000000000000e+00
1.244393902080000031e-01 6.584544160426666348e-01 2.169729972906666582e-01 1.331964586666666895e-04 0.000000000000000000e+00
1.241104756906667023e-01 6.583157195946667262e-01 2.174371337386666603e-01 1.366709760000000076e-04 0.000000000000000000e+00
1.237821412693333456e-01 6.581759228586665511e-01 2.179017304746666828e-01 1.402053973333333258e-04 0.000000000000000000e+00
1.234543864320000045e-01 6.580350273706667696e-01 2.183667859626666763e-01 1.438002346666666855e-04 0.000000000000000000e+00
1.231272106666666671e-01 6.578930346666667095e-01 2.188322986666667025e-01 1.474560000000000193e-04 0.000000000000000000e+00
1.228006134613333494e-01 6.577499462826666976e-01 2.192982670506666842e-01 1.511732053333333958e-04 0.000000000000000000e+00
1.224745943040000257e-01 6.576057637546666168e-01 2.197646895786666277e-01 1.549523626666666934e-04 0.000000000000000000e+00
1.221491526826666979e-01 6.574604886186665720e-01 2.202315647146667055e-01 1.587939840000000076e-04 0.000000000000000000e+00
1.218242880853332988e-01 6.573141224106666680e-01 2.206988909226666740e-01 1.626985813333333797e-04 0.000000000000000000e+00
1.214999999999999691e-01 6.571666666666666767e-01 2.211666666666667058e-01 1.666666666666666882e-04 0.000000000000000000e+00
1.211762879146666555e-01 6.570181229226665920e-01 2.216348904106666684e-01 1.706987520000000016e-04 0.000000000000000000e+00
1.208531513173333322e-01 6.568684927146666297e-01 2.221035606186666234e-01 1.747953493333333881e-04 0.000000000000000000e+00
1.205305896960000012e-01 6.567177775786666727e-01 2.225726757546666879e-01 1.789569706666666721e-04 0.000000000000000000e+00
1.202086025386666646e-01 6.565659790506668259e-01 2.230422342826666737e-01 1.831841280000000034e-04 0.000000000000000000e+00
1.198871893333333105e-01 6.564130986666666390e-01 2.235122346666667259e-01 1.874773333333333960e-04 0.000000000000000000e+00
1.195663495680000105e-01 6.562591379626665500e-01 2.239826753706666562e-01 1.918370986666667014e-04 0.000000000000000000e+00
1.192460827306666832e-01 6.561040984746666638e-01 2.244535548586666374e-01 1.962639359999999880e-04 0.000000000000000000e+00
1.189263883093333446e-01 6.559479817386666411e-01 2.249248715946666755e-01 2.007583573333333513e-04 0.000000000000000000e+00
1.186072657920000106e-01 6.557907892906666980e-01 2.253966240426666656e-01 2.053208746666666969e-04 0.000000000000000000e+00
1.182887146666666556e-01 6.556325226666667172e-01 2.258688106666666973e-01 2.099519999999999577e-04 0.000000000000000000e+00
1.179707344213333370e-01 6.554731834026666926e-01 2.263414299306666655e-01 2.146522453333333646e-04 0.000000000000000000e+00
1.176533245440000430e-01 6.553127730346666180e-01 2.268144802986666042e-01 2.194221226666666878e-04 0.000000000000000000e+00
1.173364845226666925e-01 6.551512930986664873e-01 2.272879602346666861e-01 2.242621440000001042e-04 0.000000000000000000e+00
1.170202138453333013e-01 6.549887451306666275e-01 2.277618682026666674e-01 2.291728213333333838e-04 0.000000000000000000e+00
1.167045119999999547e-01 6.548251306666666993e-01 2.282362026666667487e-01 2.341546666666667034e-04 0.000000000000000000e+00
1.163893784746666549e-01 6.546604512426666966e-01 2.287109620906666585e-01 2.392081920000000501e-04 0.000000000000000000e+00
1.160748127573333344e-01 6.544947083946666133e-01 2.291861449386666250e-01 2.443339093333333567e-04 0.000000000000000000e+00
1.157608143359999953e-01 6.543279036586666653e-01 2.296617496746666542e-01 2.495323306666666916e-04 0.000000000000000000e+00
1.154473826986666535e-01 6.541600385706667353e-01 2.301377747626666415e-01 2.548039680000000959e-04 0.000000000000000000e+00
1.151345173333333111e-01 6.539911146666665953e-01 2.306142186666667315e-01 2.601493333333333670e-04 0.000000000000000000e+00
1.148222177279999978e-01 6.538211334826666832e-01 2.310910798506666530e-01 2.655689386666666815e-04 0.000000000000000000e+00
1.145104833706666880e-01 6.536500965546665487e-01 2.315683567786666341e-01 2.710632960000000538e-04 0.000000000000000000e+00
1.141993137493333421e-01 6.534780054186666298e-01 2.320460479146666810e-01 2.766329173333333894e-04 0.000000000000000000e+00
1.138887083519999899e-01 6.533048616106666984e-01 2.325241517226666610e-01 2.822783146666667025e-04 0.000000000000000000e+00
1.135786666666666472e-01 6.531306666666666372e-01 2.330026666666666912e-01 2.880000000000000615e-04 0.000000000000000000e+00
1.132691881813333440e-01 6.529554221226666622e-01 2.334815912106666391e-01 2.937984853333333178e-04 0.000000000000000000e+00
1.129602723840000267e-01 6.527791295146666561e-01 2.339609238186666218e-01 2.996742826666666483e-04 0.000000000000000000e+00
1.126519187626666973e-01 6.526017903786665020e-01 2.344406629546666732e-01 3.056279040000000669e-04 0.000000000000000000e+00
1.123441268053333025e-01 6.524234062506666376e-01 2.349208070826666606e-01 3.116598613333333712e-04 0.000000000000000000e+00
1.120368959999999692e-01 6.522439786666667239e-01 2.354013546666667012e-01 3.177706666666666293e-04 0.000000000000000000e+00
1.117302258346666438e-01 6.520635091626667545e-01 2.358823041706666901e-01 3.239608320000000722e-04 0.000000000000000000e+00
1.114241157973333285e-01 6.518819992746666125e-01 2.363636540586666335e-01 3.302308693333334973e-04 0.000000000000000000e+00
1.111185653759999975e-01 6.516994505386666248e-01 2.368454027946666762e-01 3.365812906666667019e-04 0.000000000000000000e+00
1.108135740586666390e-01 6.515158644906666741e-01 2.373275488426666857e-01 3.430126080000000252e-04 0.000000000000000000e+00
1.105091413333333106e-01 6.513312426666666433e-01 2.378100906666666958e-01 3.495253333333333190e-04 0.000000000000000000e+00
1.102052666879999865e-01 6.511455866026666373e-01 2.382930267306667127e-01 3.561199786666666514e-04 0.000000000000000000e+00
1.099019496106666827e-01 6.509588978346666499e-01 2.387763554986666592e-01 3.627970559999999282e-04 0.000000000000000000e+00
1.095991895893333318e-01 6.507711778986666751e-01 2.392600754346666803e-01 3.695570773333334887e-04 0.000000000000000000e+00
1.092969861119999914e-01 6.505824283306667066e-01 2.397441850026666432e-01 3.764005546666668051e-04 0.000000000000000000e+00
1.089953386666666496e-01 6.503926506666666274e-01 2.402286826666666930e-01 3.833280000000001083e-04 0.000000000000000000e+00
1.086942467413333224e-01 6.502018464426666533e-01 2.407135668906666415e-01 3.903399253333333582e-04 0.000000000000000000e+00
1.083937098240000396e-01 6.500100171946667782e-01 2.411988361386666335e-01 3.974368426666666774e-04 0.000000000000000000e+00
1.080937274026666783e-01 6.498171644586665519e-01 2.416844888746667031e-01 4.046192640000001342e-04 0.000000000000000000e+00
1.077942989653332961e-01 6.496232897706666343e-01 2.421705235626666619e-01 4.118877013333334717e-04 0.000000000000000000e+00
1.074954239999999644e-01 6.494283946666666862e-01 2.426569386666667105e-01 4.192426666666667582e-04 0.000000000000000000e+00
1.071971019946666437e-01 6.492324806826665906e-01 2.431437326506666885e-01 4.266846720000000079e-04 0.000000000000000000e+00
1.068993324373333498e-01 6.490355493546666743e-01 2.436309039786666575e-01 4.342142293333333433e-04 0.000000000000000000e+00
1.066021148160000015e-01 6.488376022186667091e-01 2.441184511146667069e-01 4.418318506666666159e-04 0.000000000000000000e+00
1.063054486186666286e-01 6.486386408106668000e-01 2.446063725226666763e-01 4.495380480000001110e-04 0.000000000000000000e+00
1.060093333333333027e-01 6.484386666666666077e-01 2.450946666666667384e-01 4.573333333333334089e-04 0.000000000000000000e+00
1.057137684479999978e-01 6.482376813226665702e-01 2.455833320106666773e-01 4.652182186666666865e-04 0.000000000000000000e+00
1.054187534506666746e-01 6.480356863146665702e-01 2.460723670186666656e-01 4.731932160000000120e-04 0.000000000000000000e+00
1.051242878293333488e-01 6.478326831786667128e-01 2.465617701546667095e-01 4.812588373333332912e-04 0.000000000000000000e+00
1.048303710719999948e-01 6.476286734506666587e-01 2.470515398826666487e-01 4.894155946666665924e-04 0.000000000000000000e+00
1.045370026666666424e-01 6.474236586666666238e-01 2.475416746666667112e-01 4.976640000000002008e-04 0.000000000000000000e+00
1.042441821013333353e-01 6.472176403626666019e-01 2.480321729706666534e-01 5.060045653333334259e-04 0.000000000000000000e+00
1.039519088640000338e-01 6.470106200746666980e-01 2.485230332586666202e-01 5.144378026666667153e-04 0.000000000000000000e+00
1.036601824426666985e-01 6.468025993386665728e-01 2.490142539946667011e-01 5.229642240000000834e-04 0.000000000000000000e+00
1.033690023253333728e-01 6.465935796906665534e-01 2.495058336426666801e-01 5.315843413333333272e-04 0.000000000000000000e+00
1.030783679999999480e-01 6.463835626666665224e-01 2.499977706666666744e-01 5.402986666666668948e-04 0.000000000000000000e+00
1.027882789546666481e-01 6.461725498026666958e-01 2.504900635306666623e-01 5.491077120000001496e-04 0.000000000000000000e+00
1.024987346773333363e-01 6.459605426346666235e-01 2.509827106986666778e-01 5.580119893333334311e-04 0.000000000000000000e+00
1.022097346559999870e-01 6.457475426986667433e-01 2.514757106346666715e-01 5.670120106666666450e-04 0.000000000000000000e+00
1.019212783786666437e-01 6.455335515306667160e-01 2.519690618026666495e-01 5.761082880000000222e-04 0.000000000000000000e+00
1.016333653333333226e-01 6.453185706666666466e-01 2.524627626666666180e-01 5.853013333333333601e-04 0.000000000000000000e+00
1.013459950079999838e-01 6.451026016426666398e-01 2.529568116906666941e-01 5.945916586666668896e-04 0.000000000000000000e+00
1.010591668906666851e-01 6.448856459946665787e-01 2.534512073386666620e-01 6.039797760000000827e-04 0.000000000000000000e+00
1.007728804693333313e-01 6.446677052586666790e-01 2.539459480746667497e-01 6.134661973333334958e-04 0.000000000000000000e+00
1.004871352320000216e-01 6.444487809706667125e-01 2.544410323626666859e-01 6.230514346666667092e-04 0.000000000000000000e+00
1.002019306666666748e-01 6.442288746666666732e-01 2.549364586666666432e-01 6.327359999999999539e-04 0.000000000000000000e+00
9.991726626133332068e-02 6.440079878826665549e-01 2.554322254506666834e-01 6.425204053333332440e-04 0.000000000000000000e+00
9.963314150400003066e-02 6.437861221546667956e-01 2.559283311786666459e-01 6.524051626666669190e-04 0.000000000000000000e+00
9.934955588266668192e-02 6.435632790186666119e-01 2.564247743146667591e-01 6.623907840000002340e-04 0.000000000000000000e+00
9.906650888533329036e-02 6.433394600106666639e-01 2.569215533226666959e-01 6.724777813333334200e-04 0.000000000000000000e+00
9.878399999999996905e-02 6.431146666666666123e-01 2.574186666666666290e-01 6.826666666666667081e-04 0.000000000000000000e+00
9.850202871466663679e-02 6.428889005226666731e-01 2.579161128106667311e-01 6.929579520000000038e-04 0.000000000000000000e+00
9.822059451733333724e-02 6.426621631146667291e-01 2.584138902186666753e-01 7.033521493333335381e-04 0.000000000000000000e+00
9.793969689599998918e-02 6.424344559786666631e-01 2.589119973546666897e-01 7.138497706666668916e-04 0.000000000000000000e+00
9.765933533866667793e-02 6.422057806506666910e-01 2.594104326826666695e-01 7.244513280000001868e-04 0.000000000000000000e+00
9.737950933333332226e-02 6.419761386666666958e-01 2.599091946666666209e-01 7.351573333333334377e-04 0.000000000000000000e+00
9.710021836799997974e-02 6.417455315626665602e-01 2.604082817706666608e-01 7.459682986666667671e-04 0.000000000000000000e+00
9.682146193066668016e-02 6.415139608746667221e-01 2.609076924586666291e-01 7.568847359999999721e-04 0.000000000000000000e+00
9.654323950933332843e-02 6.412814281386665094e-01 2.614074251946666982e-01 7.679071573333335005e-04 0.000000000000000000e+00
9.626555059199996822e-02 6.410479348906666930e-01 2.619074784426667080e-01 7.790360746666668244e-04 0.000000000000000000e+00
9.598839466666667097e-02 6.408134826666667117e-01 2.624078506666666089e-01 7.902720000000000664e-04 0.000000000000000000e+00
9.571177122133331383e-02 6.405780730026666703e-01 2.629085403306666846e-01 8.016154453333333490e-04 0.000000000000000000e+00
9.543567974400002374e-02 6.403417074346667848e-01 2.634095458986666638e-01 8.130669226666666864e-04 0.000000000000000000e+00
9.516011972266670560e-02 6.401043874986667159e-01 2.639108658346666081e-01 8.246269439999998757e-04 0.000000000000000000e+00
9.488509064533336146e-02 6.398661147306665686e-01 2.644124986026666901e-01 8.362960213333335818e-04 0.000000000000000000e+00
9.461059199999996561e-02 6.396268906666666698e-01 2.649144426666666385e-01 8.480746666666669513e-04 0.000000000000000000e+00
9.433662327466663111e-02 6.393867168426665692e-01 2.654166964906666260e-01 8.599633920000001068e-04 0.000000000000000000e+00
9.406318395733333226e-02 6.391455947946667049e-01 2.659192585386666585e-01 8.719627093333333877e-04 0.000000000000000000e+00
9.379027353600001560e-02 6.389035260586667375e-01 2.664221272746666314e-01 8.840731306666666997e-04 0.000000000000000000e+00
9.351789149866666928e-02 6.386605121706666610e-01 2.669253011626666616e-01 8.962951680000000570e-04 0.000000000000000000e+00
9.324603733333332312e-02 6.384165546666666913e-01 2.674287786666665889e-01 9.086293333333335821e-04 0.000000000000000000e+00
9.297471052799997915e-02 6.381716550826666001e-01 2.679325582506666970e-01 9.210761386666669638e-04 0.000000000000000000e+00
9.270391057066666718e-02 6.379258149546666035e-01 2.684366383786666588e-01 9.336360960000001080e-04 0.000000000000000000e+00
9.243363694933334762e-02 6.376790358186665841e-01 2.689410175146666471e-01 9.463097173333334623e-04 0.000000000000000000e+00
9.216388915200002252e-02 6.374313192106666470e-01 2.694456941226666680e-01 9.590975146666666073e-04 0.000000000000000000e+00
9.189466666666666617e-02 6.371826666666666750e-01 2.699506666666666721e-01 9.720000000000002076e-04 0.000000000000000000e+00
9.162596898133332224e-02 6.369330797226666618e-01 2.704559336106666656e-01 9.850176853333336268e-04 0.000000000000000000e+00
9.135779558400002054e-02 6.366825599146667125e-01 2.709614934186666546e-01 9.981510826666667707e-04 0.000000000000000000e+00
9.109014596266670760e-02 6.364311087786667098e-01 2.714673445546666453e-01 1.011400703999999979e-03 0.000000000000000000e+00
9.082301960533335772e-02 6.361787278506665366e-01 2.719734854826666992e-01 1.024767061333333373e-03 0.000000000000000000e+00
9.055641599999998681e-02 6.359254186666667419e-01 2.724799146666666561e-01 1.038250666666666426e-03 0.000000000000000000e+00
9.029033463466662468e-02 6.356711827626666533e-01 2.729866305706667440e-01 1.051852032000000344e-03 0.000000000000000000e+00
9.002477499733332889e-02 6.354160216746667089e-01 2.734936316586666916e-01 1.065571669333333516e-03 0.000000000000000000e+00
8.975973657600000433e-02 6.351599369386666805e-01 2.740009163946666160e-01 1.079410090666666931e-03 0.000000000000000000e+00
8.949521885866666693e-02 6.349029300906666728e-01 2.745084832426666899e-01 1.093367808000000061e-03 0.000000000000000000e+00
8.923122133333331873e-02 6.346450026666667910e-01 2.750163306666666418e-01 1.107445333333333245e-03 0.000000000000000000e+00
8.896774348799998955e-02 6.343861562026665846e-01 2.755244571306667001e-01 1.121643178666666607e-03 0.000000000000000000e+00
8.870478481066666754e-02 6.341263922346666027e-01 2.760328610986666487e-01 1.135961856000000268e-03 0.000000000000000000e+00
8.844234478933335475e-02 6.338657122986666170e-01 2.765415410346666603e-01 1.150401877333333484e-03 0.000000000000000000e+00
8.818042291200001159e-02 6.336041179306666216e-01 2.770504954026666855e-01 1.164963754666666811e-03 0.000000000000000000e+00
8.791901866666668175e-02 6.333416106666667211e-01 2.775597226666666195e-01 1.179648000000000155e-03 0.000000000000000000e+00
8.765813154133332563e-02 6.330781920426666876e-01 2.780692212906666350e-01 1.194455125333333204e-03 0.000000000000000000e+00
8.739776102400001467e-02 6.328138635946667367e-01 2.785789897386666825e-01 1.209385642666667166e-03 0.000000000000000000e+00
8.713790660266669541e-02 6.325486268586666405e-01 2.790890264746666016e-01 1.224440064000000428e-03 0.000000000000000000e+00
8.687856776533335601e-02 6.322824833706666148e-01 2.795993299626666762e-01 1.239618901333333547e-03 0.000000000000000000e+00
8.661974399999998464e-02 6.320154346666666534e-01 2.801098986666666346e-01 1.254922666666667078e-03 0.000000000000000000e+00
8.636143479466663886e-02 6.317474822826666392e-01 2.806207310506667052e-01 1.270351872000000061e-03 0.000000000000000000e+00
8.610363963733332071e-02 6.314786277546666771e-01 2.811318255786666720e-01 1.285907029333333267e-03 0.000000000000000000e+00
8.584635801600000449e-02 6.312088726186666499e-01 2.816431807146665967e-01 1.301588650666667037e-03 0.000000000000000000e+00
8.558958941866666448e-02 6.309382184106666625e-01 2.821547949226666518e-01 1.317397248000000192e-03 0.000000000000000000e+00
8.533333333333333048e-02 6.306666666666668197e-01 2.826666666666666772e-01 1.333333333333333506e-03 0.000000000000000000e+00
8.507758924799999067e-02 6.303942189226666715e-01 2.831787944106667343e-01 1.349397418666666883e-03 0.000000000000000000e+00
8.482235665066666097e-02 6.301208767146666556e-01 2.836911766186666628e-01 1.365590016000000012e-03 0.000000000000000000e+00
8.456763502933334342e-02 6.298466415786665440e-01 2.842038117546666354e-01 1.381911637333333017e-03 0.000000000000000000e+00
8.431342387200001232e-02 6.295715150506666635e-01 2.847166982826666581e-01 1.398362794666667104e-03 0.000000000000000000e+00
8.405972266666666970e-02 6.292954986666667860e-01 2.852298346666667372e-01 1.414944000000000444e-03 0.000000000000000000e+00
8.380653090133333150e-02 6.290185939626666833e-01 2.857432193706667123e-01 1.431655765333333377e-03 0.000000000000000000e+00
8.355384806400001363e-02 6.287408024746666824e-01 2.862568508586666449e-01 1.448498602666666675e-03 0.000000000000000000e+00
8.330167364266669039e-02 6.284621257386667770e-01 2.867707275946666523e-01 1.465473024000000027e-03 0.000000000000000000e+00
8.305000712533334994e-02 6.281825652906665169e-01 2.872848480426666851e-01 1.482579541333333990e-03 0.000000000000000000e+00
8.279884799999998046e-02 6.279021226666666733e-01 2.877992106666666938e-01 1.499818666666667168e-03 0.000000000000000000e+00
8.254819575466662562e-02 6.276207994026666848e-01 2.883138139306666847e-01 1.517190912000000551e-03 0.000000000000000000e+00
8.229804987733331523e-02 6.273385970346666562e-01 2.888286562986666639e-01 1.534696789333333611e-03 0.000000000000000000e+00
8.204840985600000969e-02 6.270555170986666926e-01 2.893437362346665820e-01 1.552336810666666905e-03 0.000000000000000000e+00
8.179927517866665554e-02 6.267715611306666768e-01 2.898590522026666672e-01 1.570111487999999904e-03 0.000000000000000000e+00
8.155064533333332422e-02 6.264867306666668245e-01 2.903746026666667035e-01 1.588021333333333816e-03 0.000000000000000000e+00
8.130251980799997613e-02 6.262010272426665747e-01 2.908903860906667527e-01 1.606066858666666810e-03 0.000000000000000000e+00
8.105489809066666884e-02 6.259144523946665872e-01 2.914064009386666543e-01 1.624248576000000095e-03 0.000000000000000000e+00
8.080777966933334888e-02 6.256270076586666340e-01 2.919226456746666365e-01 1.642566997333333575e-03 0.000000000000000000e+00
8.056116403200000442e-02 6.253386945706665978e-01 2.924391187626666500e-01 1.661022634666666506e-03 0.000000000000000000e+00
8.031505066666666526e-02 6.250495146666666946e-01 2.929558186666666453e-01 1.679615999999999661e-03 0.000000000000000000e+00
8.006943906133331956e-02 6.247594694826666961e-01 2.934727438506666841e-01 1.698347605333333813e-03 0.000000000000000000e+00
7.982432870400001101e-02 6.244685605546667073e-01 2.939898927786666616e-01 1.717217962666666917e-03 0.000000000000000000e+00
7.957971908266668615e-02 6.241767894186667220e-01 2.945072639146665838e-01 1.736227584000000395e-03 0.000000000000000000e+00
7.933560968533334701e-02 6.238841576106665121e-01 2.950248557226666790e-01 1.755376981333333503e-03 0.000000000000000000e+00
7.909199999999998176e-02 6.235906666666666265e-01 2.955426666666666757e-01 1.774666666666666580e-03 0.000000000000000000e+00
7.884888951466663409e-02 6.232963181226667260e-01 2.960606952106666911e-01 1.794097152000000833e-03 0.000000000000000000e+00
7.860627771733331992e-02 6.230011135146666934e-01 2.965789398186666759e-01 1.813668949333333783e-03 0.000000000000000000e+00
7.836416409599999966e-02 6.227050543786666337e-01 2.970973989546666361e-01 1.833382570666667070e-03 0.000000000000000000e+00
7.812254813866666148e-02 6.224081422506666517e-01 2.976160710826666889e-01 1.853238528000000383e-03 0.000000000000000000e+00
7.788142933333332130e-02 6.221103786666667412e-01 2.981349546666666184e-01 1.873237333333333627e-03 0.000000000000000000e+00
7.764080716799996729e-02 6.218117651626665632e-01 2.986540481706667083e-01 1.893379498666666926e-03 0.000000000000000000e+00
7.740068113066667088e-02 6.215123032746665555e-01 2.991733500586666872e-01 1.913665536000000401e-03 0.000000000000000000e+00
7.716105070933335086e-02 6.212119945386666009e-01 2.996928587946666722e-01 1.934095957333333742e-03 0.000000000000000000e+00
7.692191539200000927e-02 6.209108404906666934e-01 3.002125728426666695e-01 1.954671274666666854e-03 0.000000000000000000e+00
7.668327466666666203e-02 6.206088426666667157e-01 3.007324906666666298e-01 1.975391999999999860e-03 0.000000000000000000e+00
7.644512802133332507e-02 6.203060026026666618e-01 3.012526107306666701e-01 1.996258645333333533e-03 0.000000000000000000e+00
7.620747494400000044e-02 6.200023218346666365e-01 3.017729314986666300e-01 2.017271722666666260e-03 0.000000000000000000e+00
7.597031492266669017e-02 6.196978018986666337e-01 3.022934514346665713e-01 2.038431744000000767e-03 0.000000000000000000e+00
7.573364744533335469e-02 6.193924443306665362e-01 3.028141690026667221e-01 2.059739221333333706e-03 0.000000000000000000e+00
7.549747199999996827e-02 6.190862506666666709e-01 3.033350826666666444e-01 2.081194666666666936e-03 0.000000000000000000e+00
7.526178807466663012e-02 6.187792224426665877e-01 3.038561908906666775e-01 2.102798592000000143e-03 0.000000000000000000e+00
7.502659515733331452e-02 6.184713611946666134e-01 3.043774921386667165e-01 2.124551509333333452e-03 0.000000000000000000e+00
7.479189273599999577e-02 6.181626684586666309e-01 3.048989848746666564e-01 2.146453930666667419e-03 0.000000000000000000e+00
7.455768029866664814e-02 6.178531457706666341e-01 3.054206675626666700e-01 2.168506368000000430e-03 0.000000000000000000e+00
7.432395733333331533e-02 6.175427946666667278e-01 3.059425386666666524e-01 2.190709333333333911e-03 0.000000000000000000e+00
7.409072332799997163e-02 6.172316166826665729e-01 3.064645966506667762e-01 2.213063338666667115e-03 0.000000000000000000e+00
7.385797777066666070e-02 6.169196133546666072e-01 3.069868399786666591e-01 2.235568896000000600e-03 0.000000000000000000e+00
7.362572014933334297e-02 6.166067862186666027e-01 3.075092671146666401e-01 2.258226517333333620e-03 0.000000000000000000e+00
7.339394995199999272e-02 6.162931368106665531e-01 3.080318765226667255e-01 2.281036714666667166e-03 0.000000000000000000e+00
7.316266666666665364e-02 6.159786666666666743e-01 3.085546666666666993e-01 2.304000000000000492e-03 0.000000000000000000e+00
7.293186978133331388e-02 6.156633773226666273e-01 3.090776360106666787e-01 2.327116885333333288e-03 0.000000000000000000e+00
7.270155878400000327e-02 6.153472703146667389e-01 3.096007830186666143e-01 2.350387882666666543e-03 0.000000000000000000e+00
7.247173316266669607e-02 6.150303471786666698e-01 3.101241061546666233e-01 2.373813503999999946e-03 0.000000000000000000e+00
7.224239240533335271e-02 6.147126094506666361e-01 3.106476038826667119e-01 2.397394261333333186e-03 0.000000000000000000e+00
7.201353599999997523e-02 6.143940586666666315e-01 3.111712746666666640e-01 2.421130666666667253e-03 0.000000000000000000e+00
7.178516343466663507e-02 6.140746963626666499e-01 3.116951169706667080e-01 2.445023232000000536e-03 0.000000000000000000e+00
7.155727419733332040e-02 6.137545240746666853e-01 3.122191292586666833e-01 2.469072469333334022e-03 0.000000000000000000e+00
7.132986777599999162e-02 6.134335433386667313e-01 3.127433099946666517e-01 2.493278890666666969e-03 0.000000000000000000e+00
7.110294365866666466e-02 6.131117556906666710e-01 3.132676576426667303e-01 2.517643008000000366e-03 0.000000000000000000e+00
7.087650133333331381e-02 6.127891626666667202e-01 3.137921706666666477e-01 2.542165333333333034e-03 0.000000000000000000e+00
7.065054028799998276e-02 6.124657658026666507e-01 3.143168475306667431e-01 2.566846378666667264e-03 0.000000000000000000e+00
7.042506001066665966e-02 6.121415666346665674e-01 3.148416866986666895e-01 2.591686656000000578e-03 0.000000000000000000e+00
7.020005998933334657e-02 6.118165666986666862e-01 3.153666866346667152e-01 2.616686677333333964e-03 0.000000000000000000e+00
6.997553971200000389e-02 6.114907675306666679e-01 3.158918458026667153e-01 2.641846954666667979e-03 0.000000000000000000e+00
6.975149866666668919e-02 6.111641706666666174e-01 3.164171626666666959e-01 2.667168000000000577e-03 0.000000000000000000e+00
6.952793634133332124e-02 6.108367776426666396e-01 3.169426356906667186e-01 2.692650325333333615e-03 0.000000000000000000e+00
6.930485222399998535e-02 6.105085899946666173e-01 3.174682633386666786e-01 2.718294442666666783e-03 0.000000000000000000e+00
6.908224580266669745e-02 6.101796092586666553e-01 3.179940440746666375e-01 2.744100864000000202e-03 0.000000000000000000e+00
6.886011656533333469e-02 6.098498369706665256e-01 3.185199763626667124e-01 2.770070101333334863e-03 0.000000000000000000e+00
6.863846399999996850e-02 6.095192746666666661e-01 3.190460586666666876e-01 2.796202666666666552e-03 0.000000000000000000e+00
6.841728759466662868e-02 6.091879238826666265e-01 3.195722894506667355e-01 2.822499072000001028e-03 0.000000000000000000e+00
6.819658683733331728e-02 6.088557861546666228e-01 3.200986671786666959e-01 2.848959829333333211e-03 0.000000000000000000e+00
6.797636121600000858e-02 6.085228630186667598e-01 3.206251903146666860e-01 2.875585450666667126e-03 0.000000000000000000e+00
6.775661021866669076e-02 6.081891560106666983e-01 3.211518573226666007e-01 2.902376447999999425e-03 0.000000000000000000e+00
6.753733333333333810e-02 6.078546666666666543e-01 3.216786666666666683e-01 2.929333333333333702e-03 0.000000000000000000e+00
6.731853004799998041e-02 6.075193965226665105e-01 3.222056168106667284e-01 2.956456618666667910e-03 0.000000000000000000e+00
6.710019985066664749e-02 6.071833471146665939e-01 3.227327062186667317e-01 2.983746816000000437e-03 0.000000000000000000e+00
6.688234222933334139e-02 6.068465199786666764e-01 3.232599333546666842e-01 3.011204437333334441e-03 0.000000000000000000e+00
6.666495667200002251e-02 6.065089166506666407e-01 3.237872966826665921e-01 3.038829994666666576e-03 0.000000000000000000e+00
6.644804266666665127e-02 6.061705386666667028e-01 3.243147946666666837e-01 3.066624000000000867e-03 0.000000000000000000e+00
6.623159970133331298e-02 6.058313875626666345e-01 3.248424257706667428e-01 3.094586965333334400e-03 0.000000000000000000e+00
6.601562726399999581e-02 6.054914648746666517e-01 3.253701884586666648e-01 3.122719402666666866e-03 0.000000000000000000e+00
6.580012484266668793e-02 6.051507721386667482e-01 3.258980811946666778e-01 3.151021824000000554e-03 0.000000000000000000e+00
6.558509192533336363e-02 6.048093108906668069e-01 3.264261024426666213e-01 3.179494741333333419e-03 0.000000000000000000e+00
6.537052800000002495e-02 6.044670826666665997e-01 3.269542506666667236e-01 3.208138666666667319e-03 0.000000000000000000e+00
6.515643255466661843e-02 6.041240890026666754e-01 3.274825243306667133e-01 3.236954112000001074e-03 0.000000000000000000e+00
6.494280507733329877e-02 6.037803314346665839e-01 3.280109218986666519e-01 3.265941589333333072e-03 0.000000000000000000e+00
6.472964505599999863e-02 6.034358114986667632e-01 3.285394418346667122e-01 3.295101610666667773e-03 0.000000000000000000e+00
6.451695197866667841e-02 6.030905307306667629e-01 3.290680826026666783e-01 3.324434687999999662e-03 0.000000000000000000e+00
6.430472533333331242e-02 6.027444906666667990e-01 3.295968426666666673e-01 3.353941333333334066e-03 0.000000000000000000e+00
6.409296460799999984e-02 6.023976928426668653e-01 3.301257204906666853e-01 3.383622058666665901e-03 0.000000000000000000e+00
6.388166929066665944e-02 6.020501387946666227e-01 3.306547145386666831e-01 3.413477376000000063e-03 0.000000000000000000e+00
6.367083886933334880e-02 6.017018300586667312e-01 3.311838232746667221e-01 3.443507797333334938e-03 0.000000000000000000e+00
6.346047283200001443e-02 6.013527681706667405e-01 3.317130451626666421e-01 3.473713834666666746e-03 0.000000000000000000e+00
6.325057066666668615e-02 6.010029546666666445e-01 3.322423786666666712e-01 3.504096000000000814e-03 0.000000000000000000e+00
6.304113186133333824e-02 6.006523910826666590e-01 3.327718222506666490e-01 3.534654805333332928e-03 0.000000000000000000e+00
6.283215590400000050e-02 6.003010789546666670e-01 3.333013743786666372e-01 3.565390762666667546e-03 0.000000000000000000e+00
6.262364228266668886e-02 5.999490198186667733e-01 3.338310335146666419e-01 3.596304384000000888e-03 0.000000000000000000e+00
6.241559048533336373e-02 5.995962152106667498e-01 3.343607981226666137e-01 3.627396181333333944e-03 0.000000000000000000e+00
6.220799999999996471e-02 5.992426666666665902e-01 3.348906666666666698e-01 3.658666666666667271e-03 0.000000000000000000e+00
6.200087031466664650e-02 5.988883757226667326e-01 3.354206376106667054e-01 3.690116352000000124e-03 0.000000000000000000e+00
6.179420091733330012e-02 5.985333439146666157e-01 3.359507094186667264e-01 3.721745749333333492e-03 0.000000000000000000e+00
6.158799129599999700e-02 5.981775727786667884e-01 3.364808805546666837e-01 3.753555370666667931e-03 0.000000000000000000e+00
6.138224093866667674e-02 5.978210638506666896e-01 3.370111494826665832e-01 3.785545728000000096e-03 0.000000000000000000e+00
6.117694933333334140e-02 5.974638186666667572e-01 3.375415146666666533e-01 3.817717333333334444e-03 0.000000000000000000e+00
6.097211596799998606e-02 5.971058387626667630e-01 3.380719745706666779e-01 3.850070698666666329e-03 0.000000000000000000e+00
6.076774033066665442e-02 5.967471256746665897e-01 3.386025276586667188e-01 3.882606336000000644e-03 0.000000000000000000e+00
6.056382190933334159e-02 5.963876809386665645e-01 3.391331723946666710e-01 3.915324757333332739e-03 0.000000000000000000e+00
6.036036019200001490e-02 5.960275060906666811e-01 3.396639072426667072e-01 3.948226474666667075e-03 0.000000000000000000e+00
6.015735466666664866e-02 5.956666026666667113e-01 3.401947306666666671e-01 3.981312000000001607e-03 0.000000000000000000e+00
5.995480482133333511e-02 5.953049722026667601e-01 3.407256411306666122e-01 4.014581845333333419e-03 0.000000000000000000e+00
5.975271014399999303e-02 5.949426162346667102e-01 3.412566370986666597e-01 4.048036522666667407e-03 0.000000000000000000e+00
5.955107012266667998e-02 5.945795362986667776e-01 3.417877170346666493e-01 4.081676543999999789e-03 0.000000000000000000e+00
5.934988424533336332e-02 5.942157339306667341e-01 3.423188794026665871e-01 4.115502421333333723e-03 0.000000000000000000e+00
5.914915200000001733e-02 5.938512106666665735e-01 3.428501226666667012e-01 4.149514666666668031e-03 0.000000000000000000e+00
5.894887287466665793e-02 5.934859680426667339e-01 3.433814452906666648e-01 4.183713792000000667e-03 0.000000000000000000e+00
5.874904635733330105e-02 5.931200075946666539e-01 3.439128457386666504e-01 4.218100309333334789e-03 0.000000000000000000e+00
5.854967193599999037e-02 5.927533308586666605e-01 3.444443224746666643e-01 4.252674730666666618e-03 0.000000000000000000e+00
5.835074909866667242e-02 5.923859393706667475e-01 3.449758739626666015e-01 4.287437568000000178e-03 0.000000000000000000e+00
5.815227733333330762e-02 5.920178346666666869e-01 3.455074986666666903e-01 4.322389333333335158e-03 0.000000000000000000e+00
5.795425612799999515e-02 5.916490182826668054e-01 3.460391950506666592e-01 4.357530538666666911e-03 0.000000000000000000e+00
5.775668497066664686e-02 5.912794917546665419e-01 3.465709615786667364e-01 4.392861696000001197e-03 0.000000000000000000e+00
5.755956334933333418e-02 5.909092566186666673e-01 3.471027967146667059e-01 4.428383317333332500e-03 0.000000000000000000e+00
5.736289075200001059e-02 5.905383144106666204e-01 3.476346989226666850e-01 4.464095914666667449e-03 0.000000000000000000e+00
5.716666666666667118e-02 5.901666666666666172e-01 3.481666666666666243e-01 4.499999999999999660e-03 0.000000000000000000e+00
5.697089058133333883e-02 5.897943149226666515e-01 3.486986984106666410e-01 4.536096085333333160e-03 0.000000000000000000e+00
5.677556198399998783e-02 5.894212607146666061e-01 3.492307926186666300e-01 4.572384682666668504e-03 0.000000000000000000e+00
5.658068036266667572e-02 5.890475055786666969e-01 3.497629477546665977e-01 4.608866304000000177e-03 0.000000000000000000e+00
5.638624520533335599e-02 5.886730510506666958e-01 3.502951622826666611e-01 4.645541461333334808e-03 0.000000000000000000e+00
5.619225600000001680e-02 5.882978986666665966e-01 3.508274346666667154e-01 4.682410666666666881e-03 0.000000000000000000e+00
5.599871223466665326e-02 5.879220499626667262e-01 3.513597633706666556e-01 4.719474432000000420e-03 0.000000000000000000e+00
5.580561339733330212e-02 5.875455064746666345e-01 3.518921468586667101e-01 4.756733269333335117e-03 0.000000000000000000e+00
5.561295897599999316e-02 5.871682697386666483e-01 3.524245835946666627e-01 4.794187690666667188e-03 0.000000000000000000e+00
5.542074845866666599e-02 5.867903412906666505e-01 3.529570720426666308e-01 4.831838208000000662e-03 0.000000000000000000e+00
5.522898133333332960e-02 5.864117226666666349e-01 3.534896106666666760e-01 4.869685333333333491e-03 0.000000000000000000e+00
5.503765708799998602e-02 5.860324154026668175e-01 3.540221979306666933e-01 4.907729578666667966e-03 0.000000000000000000e+00
5.484677521066664424e-02 5.856524210346665260e-01 3.545548322986666889e-01 4.945971456000002042e-03 0.000000000000000000e+00
5.465633518933333407e-02 5.852717410986665314e-01 3.550875122346666690e-01 4.984411477333333673e-03 0.000000000000000000e+00
5.446633651200000897e-02 5.848903771306667165e-01 3.556202362026666952e-01 5.023050154666667752e-03 0.000000000000000000e+00
5.427677866666667100e-02 5.845083306666665202e-01 3.561530026666666626e-01 5.061887999999999631e-03 0.000000000000000000e+00
5.408766114133332914e-02 5.841256032426667133e-01 3.566858100906666884e-01 5.100925525333334203e-03 0.000000000000000000e+00
5.389898342399999237e-02 5.837421963946666237e-01 3.572186569386666677e-01 5.140163242666665952e-03 0.000000000000000000e+00
5.371074500266666968e-02 5.833581116586666893e-01 3.577515416746666621e-01 5.179601664000000640e-03 0.000000000000000000e+00
5.352294536533334923e-02 5.829733505706666818e-01 3.582844627626666778e-01 5.219241301333335352e-03 0.000000000000000000e+00
5.333558400000001226e-02 5.825879146666664843e-01 3.588174186666666654e-01 5.259082666666666309e-03 0.000000000000000000e+00
5.314866039466664693e-02 5.822018054826666456e-01 3.593504078506666866e-01 5.299126272000001872e-03 0.000000000000000000e+00
5.296217403733331081e-02 5.818150245546666044e-01 3.598834287786666364e-01 5.339372629333333058e-03 0.000000000000000000e+00
5.277612441599998511e-02 5.814275734186666877e-01 3.604164799146666320e-01 5.379822250666667360e-03 0.000000000000000000e+00
5.259051101866666494e-02 5.810394536106667784e-01 3.609495597226666797e-01 5.420475648000001867e-03 0.000000000000000000e+00
5.240533333333333155e-02 5.806506666666666483e-01 3.614826666666666743e-01 5.461333333333333664e-03 0.000000000000000000e+00
5.222059084799999390e-02 5.802612141226667353e-01 3.620157992106666223e-01 5.502395818666667646e-03 0.000000000000000000e+00
5.203628305066665405e-02 5.798710975146665891e-01 3.625489558186666961e-01 5.543663616000000030e-03 0.000000000000000000e+00
5.185240942933332792e-02 5.794803183786665368e-01 3.630821349546666799e-01 5.585137237333333976e-03 0.000000000000000000e+00
5.166896947200000367e-02 5.790888782506665722e-01 3.636153350826666353e-01 5.626817194666668305e-03 0.000000000000000000e+00
5.148596266666666948e-02 5.786967786666665781e-01 3.641485546666666240e-01 5.668704000000000104e-03 0.000000000000000000e+00
5.130338850133332740e-02 5.783040211626667704e-01 3.646817921706667076e-01 5.710798165333335133e-03 0.000000000000000000e+00
5.112124646399999334e-02 5.779106072746666989e-01 3.652150460586667258e-01 5.753100202666667010e-03 0.000000000000000000e+00
5.093953604266666935e-02 5.775165385386666905e-01 3.657483147946666291e-01 5.795610624000001494e-03 0.000000000000000000e+00
5.075825672533335747e-02 5.771218164906667392e-01 3.662815968426665902e-01 5.838329941333332204e-03 0.000000000000000000e+00
5.057740800000001119e-02 5.767264426666665056e-01 3.668148906666666709e-01 5.881258666666667502e-03 0.000000000000000000e+00
5.039698935466664642e-02 5.763304186026666498e-01 3.673481947306666551e-01 5.924397312000002740e-03 0.000000000000000000e+00
5.021700027733330685e-02 5.759337458346666105e-01 3.678815074986667155e-01 5.967746389333334137e-03 0.000000000000000000e+00
5.003744025599998757e-02 5.755364258986666037e-01 3.684148274346666918e-01 6.011306410666668321e-03 0.000000000000000000e+00
4.985830877866667676e-02 5.751384603306667342e-01 3.689481530026666456e-01 6.055077887999999776e-03 0.000000000000000000e+00
4.967960533333332790e-02 5.747398506666666629e-01 3.694814826666666385e-01 6.099061333333335132e-03 0.000000000000000000e+00
4.950132940799998466e-02 5.743405984426668276e-01 3.700148148906666767e-01 6.143257258666668004e-03 0.000000000000000000e+00
4.932348049066664908e-02 5.739407051946666671e-01 3.705481481386667664e-01 6.187666176000000684e-03 0.000000000000000000e+00
4.914605806933333015e-02 5.735401724586666194e-01 3.710814808746666915e-01 6.232288597333334595e-03 0.000000000000000000e+00
4.896906163200001605e-02 5.731390017706666784e-01 3.716148115626666804e-01 6.277125034666666825e-03 0.000000000000000000e+00
4.879249066666666718e-02 5.727371946666666158e-01 3.721481386666666835e-01 6.322176000000000531e-03 0.000000000000000000e+00
4.861634466133333415e-02 5.723347526826667586e-01 3.726814606506667071e-01 6.367442005333336270e-03 0.000000000000000000e+00
4.844062310399999127e-02 5.719316773546666566e-01 3.732147759786666463e-01 6.412923562666666792e-03 0.000000000000000000e+00
4.826532548266666833e-02 5.715279702186666366e-01 3.737480831146666738e-01 6.458621184000002194e-03 0.000000000000000000e+00
4.809045128533335350e-02 5.711236328106668036e-01 3.742813805226666846e-01 6.504535381333333491e-03 0.000000000000000000e+00
4.791600000000000720e-02 5.707186666666664854e-01 3.748146666666666849e-01 6.550666666666668178e-03 0.000000000000000000e+00
4.774197111466669391e-02 5.703130733226665638e-01 3.753479400106666253e-01 6.597015551999999006e-03 0.000000000000000000e+00
4.756836411733330466e-02 5.699068543146665888e-01 3.758811990186666785e-01 6.643582549333334336e-03 0.000000000000000000e+00
4.739517849599998028e-02 5.695000111786665542e-01 3.764144421546666841e-01 6.690368170666668654e-03 0.000000000000000000e+00
4.722241373866667424e-02 5.690925454506667869e-01 3.769476678826667038e-01 6.737372927999999914e-03 0.000000000000000000e+00
4.705006933333332614e-02 5.686844586666666146e-01 3.774808746666666881e-01 6.784597333333335610e-03 0.000000000000000000e+00
4.687814476799998659e-02 5.682757523626666973e-01 3.780140609706666432e-01 6.832041898666666759e-03 0.000000000000000000e+00
4.670663953066664376e-02 5.678664280746665849e-01 3.785472252586667419e-01 6.879707136000000854e-03 0.000000000000000000e+00
4.653555310933332745e-02 5.674564873386666042e-01 3.790803659946667126e-01 6.927593557333334984e-03 0.000000000000000000e+00
4.636488499200001195e-02 5.670459316906666380e-01 3.796134816426666725e-01 6.975701674666667101e-03 0.000000000000000000e+00
4.619463466666666462e-02 5.666347626666665693e-01 3.801465706666666833e-01 7.024032000000001233e-03 0.000000000000000000e+00
4.602480162133334995e-02 5.662229818026666139e-01 3.806796315306666401e-01 7.072585045333333598e-03 0.000000000000000000e+00
4.585538534399998672e-02 5.658105906346666547e-01 3.812126626986667155e-01 7.121361322666668221e-03 0.000000000000000000e+00
4.568638532266666719e-02 5.653975906986666855e-01 3.817456626346666937e-01 7.170361344000000456e-03 0.000000000000000000e+00
4.551780104533335175e-02 5.649839835306667002e-01 3.822786298026666363e-01 7.219585621333334327e-03 0.000000000000000000e+00
4.534963200000000777e-02 5.645697706666665816e-01 3.828115626666667159e-01 7.269034666666668656e-03 0.000000000000000000e+00
4.518187767466664423e-02 5.641549536426666567e-01 3.833444596906667168e-01 7.318708991999999663e-03 0.000000000000000000e+00
4.501453755733330481e-02 5.637395339946665862e-01 3.838773193386667004e-01 7.368609109333335710e-03 0.000000000000000000e+00
4.484761113599998461e-02 5.633235132586666971e-01 3.844101400746666730e-01 7.418735530666666078e-03 0.000000000000000000e+00
4.468109789866666487e-02 5.629068929706666502e-01 3.849429203626666962e-01 7.469088768000000864e-03 0.000000000000000000e+00
4.451499733333331987e-02 5.624896746666665504e-01 3.854756586666666651e-01 7.519669333333335419e-03 0.000000000000000000e+00
4.434930892800000718e-02 5.620718598826667245e-01 3.860083534506666969e-01 7.570477738666667698e-03 0.000000000000000000e+00
4.418403217066664557e-02 5.616534501546666114e-01 3.865410031786667422e-01 7.621514496000001727e-03 0.000000000000000000e+00
4.401916654933332035e-02 5.612344470186665379e-01 3.870736063146666961e-01 7.672780117333332858e-03 0.000000000000000000e+00
4.385471155200000581e-02 5.608148520106666091e-01 3.876061613226667313e-01 7.724275114666668586e-03 0.000000000000000000e+00
4.369066666666666238e-02 5.603946666666665966e-01 3.881386666666666874e-01 7.776000000000001661e-03 0.000000000000000000e+00
4.352703138133332678e-02 5.599738925226667163e-01 3.886711208106666815e-01 7.827955285333334373e-03 0.000000000000000000e+00
4.336380518399998718e-02 5.595525311146666292e-01 3.892035222186666643e-01 7.880141482666669014e-03 0.000000000000000000e+00
4.320098756266665951e-02 5.591305839786666620e-01 3.897358693546666419e-01 7.932559104000000069e-03 0.000000000000000000e+00
4.303857800533334582e-02 5.587080526506666978e-01 3.902681606826666760e-01 7.985208661333334165e-03 0.000000000000000000e+00
4.287657600000002733e-02 5.582849386666667302e-01 3.908003946666666062e-01 8.038090666666667522e-03 0.000000000000000000e+00
4.271498103466669222e-02 5.578612435626666421e-01 3.913325697706667161e-01 8.091205631999999828e-03 0.000000000000000000e+00
4.255379259733330088e-02 5.574369688746665386e-01 3.918646844586667344e-01 8.144554069333335977e-03 0.000000000000000000e+00
4.239301017599998028e-02 5.570121161386666353e-01 3.923967371946666671e-01 8.198136490666666984e-03 0.000000000000000000e+00
4.223263325866666307e-02 5.565866868906667042e-01 3.929287264426666870e-01 8.251953408000001211e-03 0.000000000000000000e+00
4.207266133333333741e-02 5.561606826666666281e-01 3.934606506666665782e-01 8.306005333333331409e-03 0.000000000000000000e+00
4.191309388799997759e-02 5.557341050026667340e-01 3.939925083306666798e-01 8.360292778666667673e-03 0.000000000000000000e+00
4.175393041066664812e-02 5.553069554346665715e-01 3.945242978986667204e-01 8.414816256000002756e-03 0.000000000000000000e+00
4.159517038933332328e-02 5.548792354986665787e-01 3.950560178346667062e-01 8.469576277333334610e-03 0.000000000000000000e+00
4.143681331200000512e-02 5.544509467306666384e-01 3.955876666026666988e-01 8.524573354666668129e-03 0.000000000000000000e+00
4.127885866666668180e-02 5.540220906666667444e-01 3.961192426666667044e-01 8.579807999999999532e-03 0.000000000000000000e+00
4.112130594133334149e-02 5.535926688426666686e-01 3.966507444906666735e-01 8.635280725333335447e-03 0.000000000000000000e+00
4.096415462399998625e-02 5.531626827946667380e-01 3.971821705386667234e-01 8.690992042666668624e-03 0.000000000000000000e+00
4.080740420266665974e-02 5.527321340586666132e-01 3.977135192746666381e-01 8.746942464000000486e-03 0.000000000000000000e+00
4.065105416533334320e-02 5.523010241706667323e-01 3.982447891626667014e-01 8.803132501333335927e-03 0.000000000000000000e+00
4.049510400000001786e-02 5.518693546666667560e-01 3.987759786666665862e-01 8.859562666666665962e-03 0.000000000000000000e+00
4.033955319466664413e-02 5.514371270826665672e-01 3.993070862506666874e-01 8.916233472000002422e-03 0.000000000000000000e+00
4.018440123733332120e-02 5.510043429546667149e-01 3.998381103786666779e-01 8.973145429333332854e-03 0.000000000000000000e+00
4.002964761599998172e-02 5.505710038186666377e-01 4.003690495146666195e-01 9.030299050666669089e-03 0.000000000000000000e+00
3.987529181866666245e-02 5.501371112106666628e-01 4.008999021226666848e-01 9.087694848000002143e-03 0.000000000000000000e+00
3.972133333333333766e-02 5.497026666666666728e-01 4.014306666666666579e-01 9.145333333333333439e-03 0.000000000000000000e+00
3.956777164800000246e-02 5.492676717226666616e-01 4.019613416106666559e-01 9.203215018666667871e-03 0.000000000000000000e+00
3.941460625066666584e-02 5.488321279146667342e-01 4.024919254186666295e-01 9.261340416000001657e-03 0.000000000000000000e+00
3.926183662933331597e-02 5.483960367786665513e-01 4.030224165546667514e-01 9.319710037333334487e-03 0.000000000000000000e+00
3.910946227200000347e-02 5.479593998506666619e-01 4.035528134826666946e-01 9.378324394666669520e-03 0.000000000000000000e+00
3.895748266666668180e-02 5.475222186666667268e-01 4.040831146666666873e-01 9.437184000000001238e-03 0.000000000000000000e+00
3.880589730133332527e-02 5.470844947626666288e-01 4.046133185706666802e-01 9.496289365333334537e-03 0.000000000000000000e+00
3.865470566399999836e-02 5.466462296746668059e-01 4.051434236586666793e-01 9.555641002666665634e-03 0.000000000000000000e+00
3.850390724266665454e-02 5.462074249386665858e-01 4.056734283946666908e-01 9.615239424000001159e-03 0.000000000000000000e+00
3.835350152533333751e-02 5.457680820906667396e-01 4.062033312426666098e-01 9.675085141333337330e-03 0.000000000000000000e+00
3.820348800000001460e-02 5.453282026666667059e-01 4.067331306666665536e-01 9.735178666666666897e-03 0.000000000000000000e+00
3.805386615466668093e-02 5.448877882026665898e-01 4.072628251306666947e-01 9.795520512000003427e-03 0.000000000000000000e+00
3.790463547733332467e-02 5.444468402346666069e-01 4.077924130986666507e-01 9.856111189333332731e-03 0.000000000000000000e+00
3.775579545599998255e-02 5.440053602986665293e-01 4.083218930346667053e-01 9.916951210666668376e-03 0.000000000000000000e+00
3.760734557866665662e-02 5.435633499306666838e-01 4.088512634026666981e-01 9.978041087999999642e-03 0.000000000000000000e+00
3.745928533333333504e-02 5.431208106666666202e-01 4.093805226666666353e-01 1.003938133333333663e-02 0.000000000000000000e+00
3.731161420799997824e-02 5.426777440426666654e-01 4.099096692906666339e-01 1.010097245866667034e-02 0.000000000000000000e+00
3.716433169066665765e-02 5.422341515946668133e-01 4.104387017386667003e-01 1.016281497600000049e-02 0.000000000000000000e+00
3.701743726933331979e-02 5.417900348586666137e-01 4.109676184746667293e-01 1.022490939733333541e-02 0.000000000000000000e+00
3.687093043200000142e-02 5.413453953706666155e-01 4.114964179626666718e-01 1.028725623466666614e-02 0.000000000000000000e+00
3.672481066666667682e-02 5.409002346666667016e-01 4.120250986666667004e-01 1.034985600000000103e-02 0.000000000000000000e+00
3.657907746133334109e-02 5.404545542826666438e-01 4.125536590506666546e-01 1.041270920533333630e-02 0.000000000000000000e+00
3.643373030400000323e-02 5.400083557546667690e-01 4.130820975786667071e-01 1.047581636266666817e-02 0.000000000000000000e+00
3.628876868266665834e-02 5.395616406186666270e-01 4.136104127146665865e-01 1.053917798400000154e-02 0.000000000000000000e+00
3.614419208533334316e-02 5.391144104106666557e-01 4.141386029226666321e-01 1.060279458133333262e-02 0.000000000000000000e+00
3.600000000000001810e-02 5.386666666666667380e-01 4.146666666666666279e-01 1.066666666666666805e-02 0.000000000000000000e+00
3.585619191466664357e-02 5.382184109226666457e-01 4.151946024106666910e-01 1.073079475200000403e-02 0.000000000000000000e+00
3.571276731733331877e-02 5.377696447146667058e-01 4.157224086186667167e-01 1.079517934933333506e-02 0.000000000000000000e+00
3.556972569599997636e-02 5.373203695786665790e-01 4.162500837546666554e-01 1.085982097066666950e-02 0.000000000000000000e+00
3.542706653866666000e-02 5.368705870506667033e-01 4.167776262826666800e-01 1.092472012800000010e-02 0.000000000000000000e+00
3.528478933333333706e-02 5.364202986666666284e-01 4.173050346666665744e-01 1.098987733333333695e-02 0.000000000000000000e+00
3.514289356799999570e-02 5.359695059626666813e-01 4.178323073706666224e-01 1.105529309866666414e-02 0.000000000000000000e+00
3.500137873066666572e-02 5.355182104746667449e-01 4.183594428586667191e-01 1.112096793600000216e-02 0.000000000000000000e+00
3.486024430933331447e-02 5.350664137386664798e-01 4.188864395946667041e-01 1.118690235733333684e-02 0.000000000000000000e+00
3.471948979199999952e-02 5.346141172906666572e-01 4.194132960426666390e-01 1.125309687466666785e-02 0.000000000000000000e+00
3.457911466666667433e-02 5.341613226666666048e-01 4.199400106666666410e-01 1.131955200000000356e-02 0.000000000000000000e+00
3.443911842133334095e-02 5.337080314026665384e-01 4.204665819306666608e-01 1.138626824533333498e-02 0.000000000000000000e+00
3.429950054399999448e-02 5.332542450346666740e-01 4.209930082986667044e-01 1.145324612266666701e-02 0.000000000000000000e+00
3.416026052266665780e-02 5.327999650986665614e-01 4.215192882346666670e-01 1.152048614400000108e-02 0.000000000000000000e+00
3.402139784533333988e-02 5.323451931306667495e-01 4.220454202026666657e-01 1.158798882133333340e-02 0.000000000000000000e+00
3.388291200000001502e-02 5.318899306666667881e-01 4.225714026666667067e-01 1.165575466666666886e-02 0.000000000000000000e+00
3.374480247466667138e-02 5.314341792426664490e-01 4.230972340906666851e-01 1.172378419200000021e-02 0.000000000000000000e+00
3.360706875733331794e-02 5.309779403946667253e-01 4.236229129386667180e-01 1.179207790933333409e-02 0.000000000000000000e+00
3.346971033599997758e-02 5.305212156586665007e-01 4.241484376746666451e-01 1.186063633066667192e-02 0.000000000000000000e+00
3.333272669866665927e-02 5.300640065706666570e-01 4.246738067626666391e-01 1.192945996800000123e-02 0.000000000000000000e+00
3.319611733333333037e-02 5.296063146666667443e-01 4.251990186666666505e-01 1.199854933333333734e-02 0.000000000000000000e+00
3.305988172799999292e-02 5.291481414826666452e-01 4.257240718506666854e-01 1.206790493866666605e-02 0.000000000000000000e+00
3.292401937066665590e-02 5.286894885546667977e-01 4.262489647786666946e-01 1.213752729600000441e-02 0.000000000000000000e+00
3.278852974933332137e-02 5.282303574186665296e-01 4.267736959146667397e-01 1.220741691733333301e-02 0.000000000000000000e+00
3.265341235199999831e-02 5.277707496106666119e-01 4.272982637226667157e-01 1.227757431466666889e-02 0.000000000000000000e+00
3.251866666666667488e-02 5.273106666666667053e-01 4.278226666666666844e-01 1.234800000000000307e-02 0.000000000000000000e+00
3.238429218133333232e-02 5.268501101226665817e-01 4.283469032106667074e-01 1.241869448533333524e-02 0.000000000000000000e+00
3.225028838400000042e-02 5.263890815146667901e-01 4.288709718186667352e-01 1.248965828266666855e-02 0.000000000000000000e+00
3.211665476266666042e-02 5.259275823786665471e-01 4.293948709546666076e-01 1.256089190399999923e-02 0.000000000000000000e+00
3.198339080533333517e-02 5.254656142506667349e-01 4.299185990826667192e-01 1.263239586133333564e-02 0.000000000000000000e+00
3.185049600000001285e-02 5.250031786666667921e-01 4.304421546666666321e-01 1.270417066666667052e-02 0.000000000000000000e+00
3.171796983466667469e-02 5.245402771626666016e-01 4.309655361706667409e-01 1.277621683200000184e-02 0.000000000000000000e+00
3.158581179733331579e-02 5.240769112746667124e-01 4.314887420586667743e-01 1.284853486933333448e-02 0.000000000000000000e+00
3.145402137599997983e-02 5.236130825386665633e-01 4.320117707946666830e-01 1.292112529066666640e-02 0.000000000000000000e+00
3.132259805866665497e-02 5.231487924906667031e-01 4.325346208426666950e-01 1.299398860800000076e-02 0.000000000000000000e+00
3.119154133333333287e-02 5.226840426666666817e-01 4.330572906666666499e-01 1.306712533333333898e-02 0.000000000000000000e+00
3.106085068799999474e-02 5.222188346026667150e-01 4.335797787306666651e-01 1.314053597866666860e-02 0.000000000000000000e+00
3.093052561066665651e-02 5.217531698346667968e-01 4.341020834986667465e-01 1.321422105600000320e-02 0.000000000000000000e+00
3.080056558933332023e-02 5.212870498986665879e-01 4.346242034346667338e-01 1.328818107733333205e-02 0.000000000000000000e+00
3.067097011199999487e-02 5.208204763306665264e-01 4.351461370026666886e-01 1.336241655466667046e-02 0.000000000000000000e+00
3.054173866666667556e-02 5.203534506666667170e-01 4.356678826666666726e-01 1.343692799999999729e-02 0.000000000000000000e+00
3.041287074133333310e-02 5.198859744426665985e-01 4.361894388906666364e-01 1.351171592533333479e-02 0.000000000000000000e+00
3.028436582399999730e-02 5.194180491946667200e-01 4.367108041386666972e-01 1.358678084266667051e-02 0.000000000000000000e+00
3.015622340266665979e-02 5.189496764586666311e-01 4.372319768746667501e-01 1.366212326400000239e-02 0.000000000000000000e+00
3.002844296533333304e-02 5.184808577706666588e-01 4.377529555626666347e-01 1.373774370133333533e-02 0.000000000000000000e+00
2.990102400000001215e-02 5.180115946666667970e-01 4.382737386666666901e-01 1.381364266666666729e-02 0.000000000000000000e+00
2.977396599466667140e-02 5.175418886826665954e-01 4.387943246506667005e-01 1.388982067200000316e-02 0.000000000000000000e+00
2.964726843733331979e-02 5.170717413546666030e-01 4.393147119786666721e-01 1.396627822933333742e-02 0.000000000000000000e+00
2.952093081599998017e-02 5.166011542186665917e-01 4.398348991146666664e-01 1.404301585066666802e-02 0.000000000000000000e+00
2.939495261866665460e-02 5.161301288106666663e-01 4.403548845226666897e-01 1.412003404800000333e-02 0.000000000000000000e+00
2.926933333333333470e-02 5.156586666666667096e-01 4.408746666666666369e-01 1.419733333333333264e-02 0.000000000000000000e+00
2.914407244799999477e-02 5.151867693226666045e-01 4.413942440106666809e-01 1.427491421866666950e-02 0.000000000000000000e+00
2.901916945066665768e-02 5.147144383146667890e-01 4.419136150186666612e-01 1.435277721600000667e-02 0.000000000000000000e+00
2.889462382933332199e-02 5.142416751786664797e-01 4.424327781546667504e-01 1.443092283733333515e-02 0.000000000000000000e+00
2.877043507199999323e-02 5.137684814506665587e-01 4.429517318826666772e-01 1.450935159466667027e-02 0.000000000000000000e+00
2.864660266666667690e-02 5.132948586666665758e-01 4.434704746666666697e-01 1.458806399999999955e-02 0.000000000000000000e+00
2.852312610133333343e-02 5.128208083626666358e-01 4.439890049706667341e-01 1.466706056533333656e-02 0.000000000000000000e+00
2.840000486400001342e-02 5.123463320746667327e-01 4.445073212586666545e-01 1.474634180266666539e-02 0.000000000000000000e+00
2.827723844266665648e-02 5.118714313386667492e-01 4.450254219946667145e-01 1.482590822400000306e-02 0.000000000000000000e+00
2.815482632533333057e-02 5.113961076906666792e-01 4.455433056426666982e-01 1.490576034133333713e-02 0.000000000000000000e+00
2.803276800000000998e-02 5.109203626666667386e-01 4.460609706666666119e-01 1.498589866666666902e-02 0.000000000000000000e+00
2.791106295466666901e-02 5.104441978026665883e-01 4.465784155306667391e-01 1.506632371200000362e-02 0.000000000000000000e+00
2.778971067733331662e-02 5.099676146346665551e-01 4.470956386986666420e-01 1.514703598933333541e-02 0.000000000000000000e+00
2.766871065599997917e-02 5.094906146986665219e-01 4.476126386346667152e-01 1.522803601066666755e-02 0.000000000000000000e+00
2.754806237866665522e-02 5.090131995306667045e-01 4.481294138026667428e-01 1.530932428800000321e-02 0.000000000000000000e+00
2.742776533333333641e-02 5.085353706666666529e-01 4.486459626666666756e-01 1.539090133333333513e-02 0.000000000000000000e+00
2.730781900799999010e-02 5.080571296426666938e-01 4.491622836906666860e-01 1.547276765866666993e-02 0.000000000000000000e+00
2.718822289066667036e-02 5.075784779946667102e-01 4.496783753386666693e-01 1.555492377600000038e-02 0.000000000000000000e+00
2.706897646933331680e-02 5.070994172586665849e-01 4.501942360746667426e-01 1.563737019733333483e-02 0.000000000000000000e+00
2.695007923199999392e-02 5.066199489706666448e-01 4.507098643626666901e-01 1.572010743466667124e-02 0.000000000000000000e+00
2.683153066666667252e-02 5.061400746666666617e-01 4.512252586666666843e-01 1.580313599999999888e-02 0.000000000000000000e+00
2.671333026133333385e-02 5.056597958826666295e-01 4.517404174506666759e-01 1.588645640533333653e-02 0.000000000000000000e+00
2.659547750399999036e-02 5.051791141546666530e-01 4.522553391786667265e-01 1.597006916266666826e-02 0.000000000000000000e+00
2.647797188266665797e-02 5.046980310186666152e-01 4.527700223146666758e-01 1.605397478400000244e-02 0.000000000000000000e+00
2.636081288533333178e-02 5.042165480106666209e-01 4.532844653226666409e-01 1.613817378133333008e-02 0.000000000000000000e+00
2.624400000000001038e-02 5.037346666666667749e-01 4.537986666666666280e-01 1.622266666666666995e-02 0.000000000000000000e+00
2.612753271466666805e-02 5.032523885226665161e-01 4.543126248106666987e-01 1.630745395200000614e-02 0.000000000000000000e+00
2.601141051733334847e-02 5.027697151146666155e-01 4.548263382186666925e-01 1.639253614933333311e-02 0.000000000000000000e+00
2.589563289599997736e-02 5.022866479786666227e-01 4.553398053546667268e-01 1.647791377066666965e-02 0.000000000000000000e+00
2.578019933866665392e-02 5.018031886506666428e-01 4.558530246826666965e-01 1.656358732800000330e-02 0.000000000000000000e+00
2.566510933333333508e-02 5.013193386666667806e-01 4.563659946666666634e-01 1.664955733333333548e-02 0.000000000000000000e+00
2.555036236799998819e-02 5.008350995626666968e-01 4.568787137706666890e-01 1.673582429866667109e-02 0.000000000000000000e+00
2.543595793066665695e-02 5.003504728746667185e-01 4.573911804586666685e-01 1.682238873600000115e-02 0.000000000000000000e+00
2.532189550933331909e-02 4.998654601386665619e-01 4.579033931946667191e-01 1.690925115733333400e-02 0.000000000000000000e+00
2.520817459199999055e-02 4.993800628906665540e-01 4.584153504426666803e-01 1.699641207466666762e-02 0.000000000000000000e+00
2.509479466666667338e-02 4.988942826666666885e-01 4.589270506666667249e-01 1.708387200000000342e-02 0.000000000000000000e+00
2.498175522133332799e-02 4.984081210026665154e-01 4.594384923306666924e-01 1.717163144533333935e-02 0.000000000000000000e+00
2.486905574400000846e-02 4.979215794346666391e-01 4.599496738986666999e-01 1.725969092266666990e-02 0.000000000000000000e+00
2.475669572266665786e-02 4.974346594986666092e-01 4.604605938346666427e-01 1.734805094400000344e-02 0.000000000000000000e+00
2.464467464533333027e-02 4.969473627306666974e-01 4.609712506026666934e-01 1.743671202133333098e-02 0.000000000000000000e+00
2.453299200000001040e-02 4.964596906666668419e-01 4.614816426666666915e-01 1.752567466666667129e-02 0.000000000000000000e+00
2.442164727466668295e-02 4.959716448426667590e-01 4.619917684906665878e-01 1.761493939199999803e-02 0.000000000000000000e+00
2.431063995733331873e-02 4.954832267946666646e-01 4.625016265386667214e-01 1.770450670933333692e-02 0.000000000000000000e+00
2.419996953599997877e-02 4.949944380586665527e-01 4.630112152746666543e-01 1.779437713066667204e-02 0.000000000000000000e+00
2.408963549866665471e-02 4.945052801706666390e-01 4.635205331626666703e-01 1.788455116800000480e-02 0.000000000000000000e+00
2.397963733333333125e-02 4.940157546666666954e-01 4.640295786666667199e-01 1.797502933333333663e-02 0.000000000000000000e+00
2.386997452800000696e-02 4.935258630826667159e-01 4.645383502506665874e-01 1.806581213866666896e-02 0.000000000000000000e+00
2.376064657066667002e-02 4.930356069546666942e-01 4.650468463786666673e-01 1.815690009600000321e-02 0.000000000000000000e+00
2.365165294933331899e-02 4.925449878186665131e-01 4.655550655146667438e-01 1.824829371733333733e-02 0.000000000000000000e+00
2.354299315199999063e-02 4.920540072106664997e-01 4.660630061226666565e-01 1.833999351466666927e-02 0.000000000000000000e+00
2.343466666666666962e-02 4.915626666666666478e-01 4.665706666666667446e-01 1.843200000000000394e-02 0.000000000000000000e+00
2.332667298133334066e-02 4.910709677226666181e-01 4.670780456106666256e-01 1.852431368533333580e-02 0.000000000000000000e+00
2.321901158399999193e-02 4.905789119146666821e-01 4.675851414186666943e-01 1.861693508266666630e-02 0.000000000000000000e+00
2.311168196266667058e-02 4.900865007786667782e-01 4.680919525546666793e-01 1.870986470400000032e-02 0.000000000000000000e+00
2.300468360533332660e-02 4.895937358506666781e-01 4.685984774826666976e-01 1.880310306133333234e-02 0.000000000000000000e+00
2.289801600000000367e-02 4.891006186666667088e-01 4.691047146666667000e-01 1.889665066666667420e-02 0.000000000000000000e+00
2.279167863466668303e-02 4.886071507626666977e-01 4.696106625706665816e-01 1.899050803199999957e-02 0.000000000000000000e+00
2.268567099733334244e-02 4.881133336746665830e-01 4.701163196586667370e-01 1.908467566933333762e-02 0.000000000000000000e+00
2.257999257599999435e-02 4.876191689386667472e-01 4.706216843946666728e-01 1.917915409066666549e-02 0.000000000000000000e+00
2.247464285866664774e-02 4.871246580906665180e-01 4.711267552426666727e-01 1.927394380800000195e-02 0.000000000000000000e+00
2.236962133333332894e-02 4.866298026666667220e-01 4.716315306666666873e-01 1.936904533333333803e-02 0.000000000000000000e+00
2.226492748800000185e-02 4.861346042026667424e-01 4.721360091306666673e-01 1.946445917866666819e-02 0.000000000000000000e+00
2.216056081066665462e-02 4.856390642346667397e-01 4.726401890986666743e-01 1.956018585600000428e-02 0.000000000000000000e+00
2.205652078933333093e-02 4.851431842986668186e-01 4.731440690346667144e-01 1.965622587733333385e-02 0.000000000000000000e+00
2.195280691199998774e-02 4.846469659306664735e-01 4.736476474026666272e-01 1.975257975466667218e-02 0.000000000000000000e+00
2.184941866666666871e-02 4.841504106666666418e-01 4.741509226666666965e-01 1.984924800000000683e-02 0.000000000000000000e+00
2.174635554133334120e-02 4.836535200426666514e-01 4.746538932906666508e-01 1.994623112533333575e-02 0.000000000000000000e+00
2.164361702400000378e-02 4.831562955946666627e-01 4.751565577386667183e-01 2.004352964266667078e-02 0.000000000000000000e+00
2.154120260266666545e-02 4.826587388586667249e-01 4.756589144746666831e-01 2.014114406400000293e-02 0.000000000000000000e+00
2.143911176533332477e-02 4.821608513706666099e-01 4.761609619626666068e-01 2.023907490133333709e-02 0.000000000000000000e+00
2.133734400000000808e-02 4.816626346666667002e-01 4.766626986666666621e-01 2.033732266666666427e-02 0.000000000000000000e+00
2.123589879466667926e-02 4.811640902826667676e-01 4.771641230506666886e-01 2.043588787199999979e-02 0.000000000000000000e+00
2.113477563733331607e-02 4.806652197546666394e-01 4.776652335786667480e-01 2.053477102933333812e-02 0.000000000000000000e+00
2.103397401599998995e-02 4.801660246186666425e-01 4.781660287146666799e-01 2.063397265066666680e-02 0.000000000000000000e+00
2.093349341866665089e-02 4.796665064106665488e-01 4.786665069226666569e-01 2.073349324800000462e-02 0.000000000000000000e+00
2.083333333333332871e-02 4.791666666666666852e-01 4.791666666666666852e-01 2.083333333333333218e-02 0.000000000000000000e+00
2.073349324800000115e-02 4.786665069226666569e-01 4.796665064106666043e-01 2.093349341866667171e-02 0.000000000000000000e+00
2.063397265066666680e-02 4.781660287146666244e-01 4.801660246186667536e-01 2.103397401600000383e-02 0.000000000000000000e+00
2.053477102933331383e-02 4.776652335786665815e-01 4.806652197546666949e-01 2.113477563733334383e-02 0.000000000000000000e+00
2.043588787199999285e-02 4.771641230506666886e-01 4.811640902826666566e-01 2.123589879466666192e-02 0.000000000000000000e+00
2.033732266666666427e-02 4.766626986666666621e-01 4.816626346666665892e-01 2.133734400000000461e-02 0.000000000000000000e+00
2.023907490133334056e-02 4.761609619626666623e-01 4.821608513706665544e-01 2.143911176533333518e-02 0.000000000000000000e+00
2.014114406399998905e-02 4.756589144746666831e-01 4.826587388586666694e-01 2.154120260266666892e-02 0.000000000000000000e+00
2.004352964266665343e-02 4.751565577386664962e-01 4.831562955946667737e-01 2.164361702400000725e-02 0.000000000000000000e+00
1.994623112533332882e-02 4.746538932906665398e-01 4.836535200426667069e-01 2.174635554133333426e-02 0.000000000000000000e+00
1.984924800000000336e-02 4.741509226666666410e-01 4.841504106666667528e-01 2.184941866666666871e-02 0.000000000000000000e+00
1.975257975466667912e-02 4.736476474026666272e-01 4.846469659306665845e-01 2.195280691200000162e-02 0.000000000000000000e+00
1.965622587733334078e-02 4.731440690346666589e-01 4.851431842986666521e-01 2.205652078933334134e-02 0.000000000000000000e+00
1.956018585599997653e-02 4.726401890986666188e-01 4.856390642346667952e-01 2.216056081066667890e-02 0.000000000000000000e+00
1.946445917866665432e-02 4.721360091306666673e-01 4.861346042026667424e-01 2.226492748799999491e-02 0.000000000000000000e+00
1.936904533333332762e-02 4.716315306666666318e-01 4.866298026666666665e-01 2.236962133333333241e-02 0.000000000000000000e+00
1.927394380800000195e-02 4.711267552426667837e-01 4.871246580906666845e-01 2.247464285866667549e-02 0.000000000000000000e+00
1.917915409066665161e-02 4.706216843946666173e-01 4.876191689386666916e-01 2.257999257600000823e-02 0.000000000000000000e+00
1.908467566933331680e-02 4.701163196586665149e-01 4.881133336746666940e-01 2.268567099733334244e-02 0.000000000000000000e+00
1.899050803199999263e-02 4.696106625706666371e-01 4.886071507626666421e-01 2.279167863466666569e-02 0.000000000000000000e+00
1.889665066666666379e-02 4.691047146666666445e-01 4.891006186666666533e-01 2.289801600000000020e-02 0.000000000000000000e+00
1.880310306133333581e-02 4.685984774826666976e-01 4.895937358506666781e-01 2.300468360533333700e-02 0.000000000000000000e+00
1.870986470400000032e-02 4.680919525546665683e-01 4.900865007786666672e-01 2.311168196266667405e-02 0.000000000000000000e+00
1.861693508266667671e-02 4.675851414186666943e-01 4.905789119146666821e-01 2.321901158399999540e-02 0.000000000000000000e+00
1.852431368533332887e-02 4.670780456106665701e-01 4.910709677226666736e-01 2.332667298133333025e-02 0.000000000000000000e+00
1.843200000000000394e-02 4.665706666666666891e-01 4.915626666666667033e-01 2.343466666666666962e-02 0.000000000000000000e+00
1.833999351466667621e-02 4.660630061226666010e-01 4.920540072106666662e-01 2.354299315200000103e-02 0.000000000000000000e+00
1.824829371733331304e-02 4.655550655146666328e-01 4.925449878186666797e-01 2.365165294933334328e-02 0.000000000000000000e+00
1.815690009599998933e-02 4.650468463786667228e-01 4.930356069546665831e-01 2.376064657066666655e-02 0.000000000000000000e+00
1.806581213866665508e-02 4.645383502506665874e-01 4.935258630826667159e-01 2.386997452800000349e-02 0.000000000000000000e+00
1.797502933333332623e-02 4.640295786666666644e-01 4.940157546666666954e-01 2.397963733333333819e-02 0.000000000000000000e+00
1.788455116800000133e-02 4.635205331626666703e-01 4.945052801706666945e-01 2.408963549866667553e-02 0.000000000000000000e+00
1.779437713066666163e-02 4.630112152746665988e-01 4.949944380586667192e-01 2.419996953600001000e-02 0.000000000000000000e+00
1.770450670933334039e-02 4.625016265386666658e-01 4.954832267946667201e-01 2.431063995733333261e-02 0.000000000000000000e+00
1.761493939199999109e-02 4.619917684906666433e-01 4.959716448426666480e-01 2.442164727466666560e-02 0.000000000000000000e+00
1.752567466666666435e-02 4.614816426666666915e-01 4.964596906666666198e-01 2.453299200000000693e-02 0.000000000000000000e+00
1.743671202133333445e-02 4.609712506026667489e-01 4.969473627306666419e-01 2.464467464533334068e-02 0.000000000000000000e+00
1.734805094399998956e-02 4.604605938346666427e-01 4.974346594986667203e-01 2.475669572266667520e-02 0.000000000000000000e+00
1.725969092266666643e-02 4.599496738986666999e-01 4.979215794346666946e-01 2.486905574399999805e-02 0.000000000000000000e+00
1.717163144533332894e-02 4.594384923306665258e-01 4.984081210026666819e-01 2.498175522133333493e-02 0.000000000000000000e+00
1.708387199999999995e-02 4.589270506666666138e-01 4.988942826666666885e-01 2.509479466666667338e-02 0.000000000000000000e+00
1.699641207466667109e-02 4.584153504426666803e-01 4.993800628906667205e-01 2.520817459200000443e-02 0.000000000000000000e+00
1.690925115733333747e-02 4.579033931946666636e-01 4.998654601386666729e-01 2.532189550933334685e-02 0.000000000000000000e+00
1.682238873600001156e-02 4.573911804586667240e-01 5.003504728746666075e-01 2.543595793066666735e-02 0.000000000000000000e+00
1.673582429866665375e-02 4.568787137706666335e-01 5.008350995626666968e-01 2.555036236800000207e-02 0.000000000000000000e+00
1.664955733333332508e-02 4.563659946666666078e-01 5.013193386666667806e-01 2.566510933333333855e-02 0.000000000000000000e+00
1.656358732799999983e-02 4.558530246826666965e-01 5.018031886506666428e-01 2.578019933866667474e-02 0.000000000000000000e+00
1.647791377066665230e-02 4.553398053546666158e-01 5.022866479786667337e-01 2.589563289600000859e-02 0.000000000000000000e+00
1.639253614933332617e-02 4.548263382186666370e-01 5.027697151146667265e-01 2.601141051733333459e-02 0.000000000000000000e+00
1.630745395199999226e-02 4.543126248106665876e-01 5.032523885226666271e-01 2.612753271466666458e-02 0.000000000000000000e+00
1.622266666666666302e-02 4.537986666666666835e-01 5.037346666666666639e-01 2.624400000000000691e-02 0.000000000000000000e+00
1.613817378133333355e-02 4.532844653226666964e-01 5.042165480106666209e-01 2.636081288533334219e-02 0.000000000000000000e+00
1.605397478399999897e-02 4.527700223146666203e-01 5.046980310186666152e-01 2.647797188266667531e-02 0.000000000000000000e+00
1.597006916266667520e-02 4.522553391786666710e-01 5.051791141546666530e-01 2.659547750399999730e-02 0.000000000000000000e+00
1.588645640533332959e-02 4.517404174506665648e-01 5.056597958826667405e-01 2.671333026133333732e-02 0.000000000000000000e+00
1.580313599999999888e-02 4.512252586666666287e-01 5.061400746666666617e-01 2.683153066666667252e-02 0.000000000000000000e+00
1.572010743466667124e-02 4.507098643626666346e-01 5.066199489706666448e-01 2.695007923200000780e-02 0.000000000000000000e+00
1.563737019733334871e-02 4.501942360746667426e-01 5.070994172586666959e-01 2.706897646933332721e-02 0.000000000000000000e+00
1.555492377599998997e-02 4.496783753386667248e-01 5.075784779946665992e-01 2.718822289066666689e-02 0.000000000000000000e+00
1.547276765866665259e-02 4.491622836906666305e-01 5.080571296426666938e-01 2.730781900800000050e-02 0.000000000000000000e+00
1.539090133333332472e-02 4.486459626666666756e-01 5.085353706666666529e-01 2.742776533333333988e-02 0.000000000000000000e+00
1.530932428799999800e-02 4.481294138026666873e-01 5.090131995306667045e-01 2.754806237866667951e-02 0.000000000000000000e+00
1.522803601066667276e-02 4.476126386346667152e-01 5.094906146986665219e-01 2.766871065599999652e-02 0.000000000000000000e+00
1.514703598933333888e-02 4.470956386986666420e-01 5.099676146346666661e-01 2.778971067733333397e-02 0.000000000000000000e+00
1.506632371199998974e-02 4.465784155306666281e-01 5.104441978026666993e-01 2.791106295466666554e-02 0.000000000000000000e+00
1.498589866666666208e-02 4.460609706666666674e-01 5.109203626666666276e-01 2.803276800000000651e-02 0.000000000000000000e+00
1.490576034133333540e-02 4.455433056426666427e-01 5.113961076906665681e-01 2.815482632533334098e-02 0.000000000000000000e+00
1.482590822400000827e-02 4.450254219946667700e-01 5.118714313386666381e-01 2.827723844266666342e-02 0.000000000000000000e+00
1.474634180266666192e-02 4.445073212586666545e-01 5.123463320746667327e-01 2.840000486399999954e-02 0.000000000000000000e+00
1.466706056533332615e-02 4.439890049706665676e-01 5.128208083626667468e-01 2.852312610133334037e-02 0.000000000000000000e+00
1.458806399999999781e-02 4.434704746666666142e-01 5.132948586666666868e-01 2.864660266666667690e-02 0.000000000000000000e+00
1.450935159466667027e-02 4.429517318826666217e-01 5.137684814506666697e-01 2.877043507200000710e-02 0.000000000000000000e+00
1.443092283733334730e-02 4.424327781546666949e-01 5.142416751786665907e-01 2.889462382933332893e-02 0.000000000000000000e+00
1.435277721600001014e-02 4.419136150186667167e-01 5.147144383146666780e-01 2.901916945066667156e-02 0.000000000000000000e+00
1.427491421866665215e-02 4.413942440106665699e-01 5.151867693226667155e-01 2.914407244800000518e-02 0.000000000000000000e+00
1.419733333333332570e-02 4.408746666666666369e-01 5.156586666666667096e-01 2.926933333333333817e-02 0.000000000000000000e+00
1.412003404799999640e-02 4.403548845226666342e-01 5.161301288106666663e-01 2.939495261866668235e-02 0.000000000000000000e+00
1.404301585066667149e-02 4.398348991146667220e-01 5.166011542186665917e-01 2.952093081600000099e-02 0.000000000000000000e+00
1.396627822933332527e-02 4.393147119786666166e-01 5.170717413546667141e-01 2.964726843733333714e-02 0.000000000000000000e+00
1.388982067199998928e-02 4.387943246506667005e-01 5.175418886826667064e-01 2.977396599466666793e-02 0.000000000000000000e+00
1.381364266666666209e-02 4.382737386666666346e-01 5.180115946666666860e-01 2.990102400000000868e-02 0.000000000000000000e+00
1.373774370133333360e-02 4.377529555626666902e-01 5.184808577706666588e-01 3.002844296533334345e-02 0.000000000000000000e+00
1.366212326400000759e-02 4.372319768746667501e-01 5.189496764586666311e-01 3.015622340266666326e-02 0.000000000000000000e+00
1.358678084266667051e-02 4.367108041386666417e-01 5.194180491946667200e-01 3.028436582400000077e-02 0.000000000000000000e+00
1.351171592533332612e-02 4.361894388906665254e-01 5.198859744426667095e-01 3.041287074133334004e-02 0.000000000000000000e+00
1.343692799999999903e-02 4.356678826666666171e-01 5.203534506666667170e-01 3.054173866666667556e-02 0.000000000000000000e+00
1.336241655466667393e-02 4.351461370026666886e-01 5.208204763306667484e-01 3.067097011199999487e-02 0.000000000000000000e+00
1.328818107733334419e-02 4.346242034346666783e-01 5.212870498986666989e-01 3.080056558933333063e-02 0.000000000000000000e+00
1.321422105599998932e-02 4.341020834986667465e-01 5.217531698346666857e-01 3.093052561066667039e-02 0.000000000000000000e+00
1.314053597866665299e-02 4.335797787306666096e-01 5.222188346026667150e-01 3.106085068800000515e-02 0.000000000000000000e+00
1.306712533333332510e-02 4.330572906666666499e-01 5.226840426666666817e-01 3.119154133333334328e-02 0.000000000000000000e+00
1.299398860799999902e-02 4.325346208426666950e-01 5.231487924906667031e-01 3.132259805866666191e-02 0.000000000000000000e+00
1.292112529066666987e-02 4.320117707946666830e-01 5.236130825386666743e-01 3.145402137600000064e-02 0.000000000000000000e+00
1.284853486933333622e-02 4.314887420586666078e-01 5.240769112746667124e-01 3.158581179733333660e-02 0.000000000000000000e+00
1.277621683199998970e-02 4.309655361706666299e-01 5.245402771626668237e-01 3.171796983466667469e-02 0.000000000000000000e+00
1.270417066666666012e-02 4.304421546666666876e-01 5.250031786666666811e-01 3.185049600000001285e-02 0.000000000000000000e+00
1.263239586133333564e-02 4.299185990826667192e-01 5.254656142506666239e-01 3.198339080533332823e-02 0.000000000000000000e+00
1.256089190400000617e-02 4.293948709546666631e-01 5.259275823786665471e-01 3.211665476266666736e-02 0.000000000000000000e+00
1.248965828266665988e-02 4.288709718186666242e-01 5.263890815146666791e-01 3.225028838400000736e-02 0.000000000000000000e+00
1.241869448533332657e-02 4.283469032106665964e-01 5.268501101226668037e-01 3.238429218133333926e-02 0.000000000000000000e+00
1.234799999999999787e-02 4.278226666666666289e-01 5.273106666666667053e-01 3.251866666666668182e-02 0.000000000000000000e+00
1.227757431466667236e-02 4.272982637226666602e-01 5.277707496106667229e-01 3.265341235199999831e-02 0.000000000000000000e+00
1.220741691733334168e-02 4.267736959146666287e-01 5.282303574186666406e-01 3.278852974933332831e-02 0.000000000000000000e+00
1.213752729600000788e-02 4.262489647786666946e-01 5.286894885546666867e-01 3.292401937066666978e-02 0.000000000000000000e+00
1.206790493866665218e-02 4.257240718506666299e-01 5.291481414826667562e-01 3.305988172800001373e-02 0.000000000000000000e+00
1.199854933333332346e-02 4.251990186666665950e-01 5.296063146666667443e-01 3.319611733333334425e-02 0.000000000000000000e+00
1.192945996799999950e-02 4.246738067626666391e-01 5.300640065706666570e-01 3.333272669866665927e-02 0.000000000000000000e+00
1.186063633066667018e-02 4.241484376746667562e-01 5.305212156586667227e-01 3.346971033600000534e-02 0.000000000000000000e+00
1.179207790933332368e-02 4.236229129386666070e-01 5.309779403946667253e-01 3.360706875733333876e-02 0.000000000000000000e+00
1.172378419199998981e-02 4.230972340906665741e-01 5.314341792426666711e-01 3.374480247466667832e-02 0.000000000000000000e+00
1.165575466666665845e-02 4.225714026666666512e-01 5.318899306666666771e-01 3.388291200000001502e-02 0.000000000000000000e+00
1.158798882133333340e-02 4.220454202026667212e-01 5.323451931306666385e-01 3.402139784533333294e-02 0.000000000000000000e+00
1.152048614400000455e-02 4.215192882346666670e-01 5.327999650986665614e-01 3.416026052266667168e-02 0.000000000000000000e+00
1.145324612266667048e-02 4.209930082986667044e-01 5.332542450346666740e-01 3.429950054400000142e-02 0.000000000000000000e+00
1.138626824533332457e-02 4.204665819306664942e-01 5.337080314026667605e-01 3.443911842133334789e-02 0.000000000000000000e+00
1.131955199999999662e-02 4.199400106666665855e-01 5.341613226666667158e-01 3.457911466666668127e-02 0.000000000000000000e+00
1.125309687466667131e-02 4.194132960426666390e-01 5.346141172906666572e-01 3.471948979199999952e-02 0.000000000000000000e+00
1.118690235733334030e-02 4.188864395946666486e-01 5.350664137386667019e-01 3.486024430933333529e-02 0.000000000000000000e+00
1.112096793599998829e-02 4.183594428586666636e-01 5.355182104746666338e-01 3.500137873066667960e-02 0.000000000000000000e+00
1.105529309866665200e-02 4.178323073706665669e-01 5.359695059626666813e-01 3.514289356800000957e-02 0.000000000000000000e+00
1.098987733333332655e-02 4.173050346666665744e-01 5.364202986666666284e-01 3.528478933333333012e-02 0.000000000000000000e+00
1.092472012799999663e-02 4.167776262826666800e-01 5.368705870506667033e-01 3.542706653866666000e-02 0.000000000000000000e+00
1.085982097066666777e-02 4.162500837546666554e-01 5.373203695786665790e-01 3.556972569600000411e-02 0.000000000000000000e+00
1.079517934933333333e-02 4.157224086186666057e-01 5.377696447146667058e-01 3.571276731733333959e-02 0.000000000000000000e+00
1.073079475199998842e-02 4.151946024106666355e-01 5.382184109226666457e-01 3.585619191466667827e-02 0.000000000000000000e+00
1.066666666666666284e-02 4.146666666666666279e-01 5.386666666666666270e-01 3.599999999999999728e-02 0.000000000000000000e+00
1.060279458133333262e-02 4.141386029226666876e-01 5.391144104106666557e-01 3.614419208533333622e-02 0.000000000000000000e+00
1.053917798400000327e-02 4.136104127146666976e-01 5.395616406186665159e-01 3.628876868266666528e-02 0.000000000000000000e+00
1.047581636266665950e-02 4.130820975786666516e-01 5.400083557546666579e-01 3.643373030400001017e-02 0.000000000000000000e+00
1.041270920533332589e-02 4.125536590506665435e-01 5.404545542826668658e-01 3.657907746133334803e-02 0.000000000000000000e+00
1.034985599999999929e-02 4.120250986666666448e-01 5.409002346666667016e-01 3.672481066666666294e-02 0.000000000000000000e+00
1.028725623466666961e-02 4.114964179626666163e-01 5.413453953706666155e-01 3.687093043200000142e-02 0.000000000000000000e+00
1.022490939733334062e-02 4.109676184746666738e-01 5.417900348586667247e-01 3.701743726933333367e-02 0.000000000000000000e+00
1.016281497600000569e-02 4.104387017386666447e-01 5.422341515946665913e-01 3.716433169066667846e-02 0.000000000000000000e+00
1.010097245866665300e-02 4.099096692906666339e-01 5.426777440426667765e-01 3.731161420800001294e-02 0.000000000000000000e+00
1.003938133333332622e-02 4.093805226666665797e-01 5.431208106666666202e-01 3.745928533333333504e-02 0.000000000000000000e+00
9.978041087999996173e-03 4.088512634026666981e-01 5.435633499306666838e-01 3.760734557866666355e-02 0.000000000000000000e+00
9.916951210666666641e-03 4.083218930346667053e-01 5.440053602986665293e-01 3.775579545600000336e-02 0.000000000000000000e+00
9.856111189333322323e-03 4.077924130986665952e-01 5.444468402346667180e-01 3.790463547733334548e-02 0.000000000000000000e+00
9.795520511999989549e-03 4.072628251306665836e-01 5.448877882026668118e-01 3.805386615466668093e-02 0.000000000000000000e+00
9.735178666666661693e-03 4.067331306666666091e-01 5.453282026666665949e-01 3.820348799999999378e-02 0.000000000000000000e+00
9.675085141333333860e-03 4.062033312426666654e-01 5.457680820906666286e-01 3.835350152533333751e-02 0.000000000000000000e+00
9.615239424000002894e-03 4.056734283946667463e-01 5.462074249386666969e-01 3.850390724266667536e-02 0.000000000000000000e+00
9.555641002666669104e-03 4.051434236586666238e-01 5.466462296746666949e-01 3.865470566400000529e-02 0.000000000000000000e+00
9.496289365333325863e-03 4.046133185706665136e-01 5.470844947626667398e-01 3.880589730133335302e-02 0.000000000000000000e+00
9.437183999999999504e-03 4.040831146666666318e-01 5.475222186666667268e-01 3.895748266666666793e-02 0.000000000000000000e+00
9.378324394666667785e-03 4.035528134826666391e-01 5.479593998506666619e-01 3.910946227200000347e-02 0.000000000000000000e+00
9.319710037333337957e-03 4.030224165546666959e-01 5.483960367786667733e-01 3.926183662933334373e-02 0.000000000000000000e+00
9.261340415999987780e-03 4.024919254186666295e-01 5.488321279146666232e-01 3.941460625066667972e-02 0.000000000000000000e+00
9.203215018666652258e-03 4.019613416106665449e-01 5.492676717226666616e-01 3.956777164800001634e-02 0.000000000000000000e+00
9.145333333333326500e-03 4.014306666666666579e-01 5.497026666666666728e-01 3.972133333333333766e-02 0.000000000000000000e+00
9.087694847999996939e-03 4.008999021226666848e-01 5.501371112106666628e-01 3.987529181866666939e-02 0.000000000000000000e+00
9.030299050666667354e-03 4.003690495146667305e-01 5.505710038186667488e-01 4.002964761600000948e-02 0.000000000000000000e+00
8.973145429333331119e-03 3.998381103786665669e-01 5.510043429546667149e-01 4.018440123733334202e-02 0.000000000000000000e+00
8.916233472000004157e-03 3.993070862506666874e-01 5.514371270826666782e-01 4.033955319466666495e-02 0.000000000000000000e+00
8.859562666666660757e-03 3.987759786666666417e-01 5.518693546666666450e-01 4.049510399999999705e-02 0.000000000000000000e+00
8.803132501333332458e-03 3.982447891626667014e-01 5.523010241706666212e-01 4.065105416533333627e-02 0.000000000000000000e+00
8.746942464000002221e-03 3.977135192746667491e-01 5.527321340586667242e-01 4.080740420266667362e-02 0.000000000000000000e+00
8.690992042666658215e-03 3.971821705386666124e-01 5.531626827946667380e-01 4.096415462400001400e-02 0.000000000000000000e+00
8.635280725333331978e-03 3.966507444906666735e-01 5.535926688426666686e-01 4.112130594133332762e-02 0.000000000000000000e+00
8.579807999999997797e-03 3.961192426666666488e-01 5.540220906666667444e-01 4.127885866666666792e-02 0.000000000000000000e+00
8.524573354666668129e-03 3.955876666026666433e-01 5.544509467306667494e-01 4.143681331200000512e-02 0.000000000000000000e+00
8.469576277333338080e-03 3.950560178346666507e-01 5.548792354986666897e-01 4.159517038933333716e-02 0.000000000000000000e+00
8.414816256000002756e-03 3.945242978986666094e-01 5.553069554346666825e-01 4.175393041066668282e-02 0.000000000000000000e+00
8.360292778666674612e-03 3.939925083306666798e-01 5.557341050026666229e-01 4.191309388799999841e-02 0.000000000000000000e+00
8.306005333333326204e-03 3.934606506666665782e-01 5.561606826666666281e-01 4.207266133333333047e-02 0.000000000000000000e+00
8.251953407999996007e-03 3.929287264426666870e-01 5.565866868906667042e-01 4.223263325866667001e-02 0.000000000000000000e+00
8.198136490666665249e-03 3.923967371946666671e-01 5.570121161386666353e-01 4.239301017600001498e-02 0.000000000000000000e+00
8.144554069333323834e-03 3.918646844586666234e-01 5.574369688746667606e-01 4.255379259733334946e-02 0.000000000000000000e+00
8.091205631999996359e-03 3.913325697706666606e-01 5.578612435626666421e-01 4.271498103466666446e-02 0.000000000000000000e+00
8.038090666666660583e-03 3.908003946666666062e-01 5.582849386666666192e-01 4.287657599999999958e-02 0.000000000000000000e+00
7.985208661333332431e-03 3.902681606826666760e-01 5.587080526506666978e-01 4.303857800533333888e-02 0.000000000000000000e+00
7.932559104000000069e-03 3.897358693546667530e-01 5.591305839786666620e-01 4.320098756266668033e-02 0.000000000000000000e+00
7.880141482666665545e-03 3.892035222186666088e-01 5.595525311146667402e-01 4.336380518400001494e-02 0.000000000000000000e+00
7.827955285333339577e-03 3.886711208106666815e-01 5.599738925226667163e-01 4.352703138133332678e-02 0.000000000000000000e+00
7.775999999999995589e-03 3.881386666666665208e-01 5.603946666666667076e-01 4.369066666666666932e-02 0.000000000000000000e+00
7.724275114666665984e-03 3.876061613226665648e-01 5.608148520106666091e-01 4.385471155200000581e-02 0.000000000000000000e+00
7.672780117333336328e-03 3.870736063146665851e-01 5.612344470186667600e-01 4.401916654933334117e-02 0.000000000000000000e+00
7.621514495999987850e-03 3.865410031786666867e-01 5.616534501546666114e-01 4.418403217066668720e-02 0.000000000000000000e+00
7.570477738666660759e-03 3.860083534506666969e-01 5.620718598826666135e-01 4.434930892800000024e-02 0.000000000000000000e+00
7.519669333333325878e-03 3.854756586666666096e-01 5.624896746666666614e-01 4.451499733333334069e-02 0.000000000000000000e+00
7.469088767999995659e-03 3.849429203626666407e-01 5.629068929706666502e-01 4.468109789866667181e-02 0.000000000000000000e+00
7.418735530666665211e-03 3.844101400746666730e-01 5.633235132586666971e-01 4.484761113600001237e-02 0.000000000000000000e+00
7.368609109333330506e-03 3.838773193386665894e-01 5.637395339946666972e-01 4.501453755733334644e-02 0.000000000000000000e+00
7.318708992000002266e-03 3.833444596906666613e-01 5.641549536426666567e-01 4.518187767466666505e-02 0.000000000000000000e+00
7.269034666666660850e-03 3.828115626666667159e-01 5.645697706666666926e-01 4.534963200000000083e-02 0.000000000000000000e+00
7.219585621333330858e-03 3.822786298026666363e-01 5.649839835306667002e-01 4.551780104533334481e-02 0.000000000000000000e+00
7.170361344000000456e-03 3.817456626346666937e-01 5.653975906986666855e-01 4.568638532266668106e-02 0.000000000000000000e+00
7.121361322666672558e-03 3.812126626986667155e-01 5.658105906346666547e-01 4.585538534399999366e-02 0.000000000000000000e+00
7.072585045333330996e-03 3.806796315306666401e-01 5.662229818026667250e-01 4.602480162133333608e-02 0.000000000000000000e+00
7.024031999999996896e-03 3.801465706666665723e-01 5.666347626666667914e-01 4.619463466666667156e-02 0.000000000000000000e+00
6.975701674666665367e-03 3.796134816426666170e-01 5.670459316906667491e-01 4.636488499200001195e-02 0.000000000000000000e+00
6.927593557333335851e-03 3.790803659946666571e-01 5.674564873386667152e-01 4.653555310933334133e-02 0.000000000000000000e+00
6.879707136000007793e-03 3.785472252586666864e-01 5.678664280746666959e-01 4.670663953066665763e-02 0.000000000000000000e+00
6.832041898666672830e-03 3.780140609706666988e-01 5.682757523626666973e-01 4.687814476800000046e-02 0.000000000000000000e+00
6.784597333333325202e-03 3.774808746666665216e-01 5.686844586666666146e-01 4.705006933333334002e-02 0.000000000000000000e+00
6.737372927999994709e-03 3.769476678826666483e-01 5.690925454506667869e-01 4.722241373866668118e-02 0.000000000000000000e+00
6.690368170666664317e-03 3.764144421546666841e-01 5.695000111786666652e-01 4.739517849600002192e-02 0.000000000000000000e+00
6.643582549333336938e-03 3.758811990186666785e-01 5.699068543146665888e-01 4.756836411733333242e-02 0.000000000000000000e+00
6.597015551999995536e-03 3.753479400106666253e-01 5.703130733226666749e-01 4.774197111466667309e-02 0.000000000000000000e+00
6.550666666666660372e-03 3.748146666666666293e-01 5.707186666666665964e-01 4.791600000000000720e-02 0.000000000000000000e+00
6.504535381333330021e-03 3.742813805226666291e-01 5.711236328106666926e-01 4.809045128533334656e-02 0.000000000000000000e+00
6.458621183999999592e-03 3.737480831146667293e-01 5.715279702186667476e-01 4.826532548266668221e-02 0.000000000000000000e+00
6.412923562666671996e-03 3.732147759786667574e-01 5.719316773546665456e-01 4.844062310399999821e-02 0.000000000000000000e+00
6.367442005333337138e-03 3.726814606506666516e-01 5.723347526826666476e-01 4.861634466133333415e-02 0.000000000000000000e+00
6.322175999999996195e-03 3.721481386666665725e-01 5.727371946666667268e-01 4.879249066666668105e-02 0.000000000000000000e+00
6.277125034666665958e-03 3.716148115626666248e-01 5.731390017706666784e-01 4.896906163200001605e-02 0.000000000000000000e+00
6.232288597333334595e-03 3.710814808746666360e-01 5.735401724586667305e-01 4.914605806933334403e-02 0.000000000000000000e+00
6.187666176000006756e-03 3.705481481386667664e-01 5.739407051946667782e-01 4.932348049066666296e-02 0.000000000000000000e+00
6.143257258666660198e-03 3.700148148906666767e-01 5.743405984426667166e-01 4.950132940800000547e-02 0.000000000000000000e+00
6.099061333333324723e-03 3.694814826666665830e-01 5.747398506666666629e-01 4.967960533333334178e-02 0.000000000000000000e+00
6.055077887999994572e-03 3.689481530026666456e-01 5.751384603306667342e-01 4.985830877866667676e-02 0.000000000000000000e+00
6.011306410666663984e-03 3.684148274346666918e-01 5.755364258986667148e-01 5.003744025600002227e-02 0.000000000000000000e+00
5.967746389333335871e-03 3.678815074986667710e-01 5.759337458346666105e-01 5.021700027733333460e-02 0.000000000000000000e+00
5.924397312000001005e-03 3.673481947306665996e-01 5.763304186026667608e-01 5.039698935466667418e-02 0.000000000000000000e+00
5.881258666666659696e-03 3.668148906666665598e-01 5.767264426666667276e-01 5.057740800000000425e-02 0.000000000000000000e+00
5.838329941333330469e-03 3.662815968426666458e-01 5.771218164906667392e-01 5.075825672533335053e-02 0.000000000000000000e+00
5.795610623999998892e-03 3.657483147946666291e-01 5.775165385386666905e-01 5.093953604266669016e-02 0.000000000000000000e+00
5.753100202666670479e-03 3.652150460586667813e-01 5.779106072746666989e-01 5.112124646400000028e-02 0.000000000000000000e+00
5.710798165333329929e-03 3.646817921706666521e-01 5.783040211626666594e-01 5.130338850133333434e-02 0.000000000000000000e+00
5.668703999999995767e-03 3.641485546666665130e-01 5.786967786666666891e-01 5.148596266666667642e-02 0.000000000000000000e+00
5.626817194666664836e-03 3.636153350826666353e-01 5.790888782506666832e-01 5.166896947200001755e-02 0.000000000000000000e+00
5.585137237333335711e-03 3.630821349546666243e-01 5.794803183786667589e-01 5.185240942933332792e-02 0.000000000000000000e+00
5.543663616000005234e-03 3.625489558186666406e-01 5.798710975146667002e-01 5.203628305066666793e-02 0.000000000000000000e+00
5.502395818666671115e-03 3.620157992106666778e-01 5.802612141226666242e-01 5.222059084800000778e-02 0.000000000000000000e+00
5.461333333333324991e-03 3.614826666666666188e-01 5.806506666666667593e-01 5.240533333333334542e-02 0.000000000000000000e+00
5.420475647999994928e-03 3.609495597226665686e-01 5.810394536106666674e-01 5.259051101866668576e-02 0.000000000000000000e+00
5.379822250666665626e-03 3.604164799146666320e-01 5.814275734186666877e-01 5.277612441599999205e-02 0.000000000000000000e+00
5.339372629333334792e-03 3.598834287786666919e-01 5.818150245546666044e-01 5.296217403733333162e-02 0.000000000000000000e+00
5.299126271999994933e-03 3.593504078506666310e-01 5.822018054826667566e-01 5.314866039466667469e-02 0.000000000000000000e+00
5.259082666666660237e-03 3.588174186666666099e-01 5.825879146666665953e-01 5.333558400000000532e-02 0.000000000000000000e+00
5.219241301333329280e-03 3.582844627626666223e-01 5.829733505706666818e-01 5.352294536533334923e-02 0.000000000000000000e+00
5.179601664000000640e-03 3.577515416746667176e-01 5.833581116586665782e-01 5.371074500266666274e-02 0.000000000000000000e+00
5.140163242666669421e-03 3.572186569386666677e-01 5.837421963946666237e-01 5.389898342399999931e-02 0.000000000000000000e+00
5.100925525333335070e-03 3.566858100906666329e-01 5.841256032426666023e-01 5.408766114133333608e-02 0.000000000000000000e+00
5.061887999999995294e-03 3.561530026666665516e-01 5.845083306666667422e-01 5.427677866666668488e-02 0.000000000000000000e+00
5.023050154666664283e-03 3.556202362026665842e-01 5.848903771306667165e-01 5.446633651200001591e-02 0.000000000000000000e+00
4.984411477333335408e-03 3.550875122346666135e-01 5.852717410986667534e-01 5.465633518933333407e-02 0.000000000000000000e+00
4.945971456000004644e-03 3.545548322986666334e-01 5.856524210346666370e-01 5.484677521066666506e-02 0.000000000000000000e+00
4.907729578666659292e-03 3.540221979306666378e-01 5.860324154026665955e-01 5.503765708800000683e-02 0.000000000000000000e+00
4.869685333333325684e-03 3.534896106666666205e-01 5.864117226666667460e-01 5.522898133333334347e-02 0.000000000000000000e+00
4.831838207999993723e-03 3.529570720426665753e-01 5.867903412906666505e-01 5.542074845866667987e-02 0.000000000000000000e+00
4.794187690666664586e-03 3.524245835946666627e-01 5.871682697386666483e-01 5.561295897600000010e-02 0.000000000000000000e+00
4.756733269333334249e-03 3.518921468586667101e-01 5.875455064746666345e-01 5.580561339733333681e-02 0.000000000000000000e+00
4.719474432000000420e-03 3.513597633706666001e-01 5.879220499626667262e-01 5.599871223466668102e-02 0.000000000000000000e+00
4.682410666666660809e-03 3.508274346666666599e-01 5.882978986666667076e-01 5.619225600000000986e-02 0.000000000000000000e+00
4.645541461333329604e-03 3.502951622826666056e-01 5.886730510506666958e-01 5.638624520533335599e-02 0.000000000000000000e+00
4.608866304000000177e-03 3.497629477546666532e-01 5.890475055786665859e-01 5.658068036266666878e-02 0.000000000000000000e+00
4.572384682666669371e-03 3.492307926186666855e-01 5.894212607146666061e-01 5.677556198400000170e-02 0.000000000000000000e+00
4.536096085333329690e-03 3.486986984106666410e-01 5.897943149226666515e-01 5.697089058133334577e-02 0.000000000000000000e+00
4.499999999999995323e-03 3.481666666666665688e-01 5.901666666666667282e-01 5.716666666666668506e-02 0.000000000000000000e+00
4.464095914666666581e-03 3.476346989226666295e-01 5.905383144106666204e-01 5.736289075200000365e-02 0.000000000000000000e+00
4.428383317333334235e-03 3.471027967146665949e-01 5.909092566186666673e-01 5.755956334933333418e-02 0.000000000000000000e+00
4.392861696000003799e-03 3.465709615786666808e-01 5.912794917546667639e-01 5.775668497066667462e-02 0.000000000000000000e+00
4.357530538666669513e-03 3.460391950506666592e-01 5.916490182826666944e-01 5.795425612800001597e-02 0.000000000000000000e+00
4.322389333333325617e-03 3.455074986666665238e-01 5.920178346666666869e-01 5.815227733333334925e-02 0.000000000000000000e+00
4.287437567999995841e-03 3.449758739626666015e-01 5.923859393706666365e-01 5.835074909866665854e-02 0.000000000000000000e+00
4.252674730666664883e-03 3.444443224746666643e-01 5.927533308586666605e-01 5.854967193599999731e-02 0.000000000000000000e+00
4.218100309333333922e-03 3.439128457386667059e-01 5.931200075946667649e-01 5.874904635733334268e-02 0.000000000000000000e+00
4.183713791999994595e-03 3.433814452906666093e-01 5.934859680426667339e-01 5.894887287466668568e-02 0.000000000000000000e+00
4.149514666666660224e-03 3.428501226666665902e-01 5.938512106666666845e-01 5.914915200000002427e-02 0.000000000000000000e+00
4.115502421333331121e-03 3.423188794026665871e-01 5.942157339306666231e-01 5.934988424533332863e-02 0.000000000000000000e+00
4.081676543999999789e-03 3.417877170346667048e-01 5.945795362986666666e-01 5.955107012266667305e-02 0.000000000000000000e+00
4.048036522666668274e-03 3.412566370986667152e-01 5.949426162346665992e-01 5.975271014400000691e-02 0.000000000000000000e+00
4.014581845333334287e-03 3.407256411306666122e-01 5.953049722026667601e-01 5.995480482133334205e-02 0.000000000000000000e+00
3.981311999999995535e-03 3.401947306666665005e-01 5.956666026666667113e-01 6.015735466666668335e-02 0.000000000000000000e+00
3.948226474666665341e-03 3.396639072426665962e-01 5.960275060906666811e-01 6.036036019199999408e-02 0.000000000000000000e+00
3.915324757333334474e-03 3.391331723946666155e-01 5.963876809386666755e-01 6.056382190933334159e-02 0.000000000000000000e+00
3.882606336000002812e-03 3.386025276586666077e-01 5.967471256746667008e-01 6.076774033066667524e-02 0.000000000000000000e+00
3.850070698666659824e-03 3.380719745706667334e-01 5.971058387626666519e-01 6.097211596800001382e-02 0.000000000000000000e+00
3.817717333333325771e-03 3.375415146666665422e-01 5.974638186666667572e-01 6.117694933333335527e-02 0.000000000000000000e+00
3.785545727999995325e-03 3.370111494826665832e-01 5.978210638506666896e-01 6.138224093866666287e-02 0.000000000000000000e+00
3.753555370666664462e-03 3.364808805546666282e-01 5.981775727786666774e-01 6.158799129600000394e-02 0.000000000000000000e+00
3.721745749333333058e-03 3.359507094186667264e-01 5.985333439146667267e-01 6.179420091733334869e-02 0.000000000000000000e+00
3.690116351999999256e-03 3.354206376106666498e-01 5.988883757226667326e-01 6.200087031466667425e-02 0.000000000000000000e+00
3.658666666666660766e-03 3.348906666666666143e-01 5.992426666666667012e-01 6.220800000000001329e-02 0.000000000000000000e+00
3.627396181333330909e-03 3.343607981226666692e-01 5.995962152106666387e-01 6.241559048533332904e-02 0.000000000000000000e+00
3.596304383999999153e-03 3.338310335146666974e-01 5.999490198186666623e-01 6.262364228266667499e-02 0.000000000000000000e+00
3.565390762666667979e-03 3.333013743786666927e-01 6.003010789546666670e-01 6.283215590400001438e-02 0.000000000000000000e+00
3.534654805333329458e-03 3.327718222506666490e-01 6.006523910826666590e-01 6.304113186133335212e-02 0.000000000000000000e+00
3.504095999999995610e-03 3.322423786666665602e-01 6.010029546666667555e-01 6.325057066666668615e-02 0.000000000000000000e+00
3.473713834666665445e-03 3.317130451626666421e-01 6.013527681706667405e-01 6.346047283200000055e-02 0.000000000000000000e+00
3.443507797333334071e-03 3.311838232746666111e-01 6.017018300586667312e-01 6.367083886933334880e-02 0.000000000000000000e+00
3.413477376000002231e-03 3.306547145386666275e-01 6.020501387946667338e-01 6.388166929066667332e-02 0.000000000000000000e+00
3.383622058666668070e-03 3.301257204906666298e-01 6.023976928426666433e-01 6.409296460800002759e-02 0.000000000000000000e+00
3.353941333333337969e-03 3.295968426666666673e-01 6.027444906666665769e-01 6.430472533333334018e-02 0.000000000000000000e+00
3.324434687999995759e-03 3.290680826026666783e-01 6.030905307306666518e-01 6.451695197866666454e-02 0.000000000000000000e+00
3.295101610666664304e-03 3.285394418346666567e-01 6.034358114986666521e-01 6.472964505599999863e-02 0.000000000000000000e+00
3.265941589333332638e-03 3.280109218986666519e-01 6.037803314346665839e-01 6.494280507733335428e-02 0.000000000000000000e+00
3.236954111999994568e-03 3.274825243306665468e-01 6.041240890026666754e-01 6.515643255466668782e-02 0.000000000000000000e+00
3.208138666666664716e-03 3.269542506666666681e-01 6.044670826666667107e-01 6.537052799999999719e-02 0.000000000000000000e+00
3.179494741333330383e-03 3.264261024426666769e-01 6.048093108906666959e-01 6.558509192533333587e-02 0.000000000000000000e+00
3.151021823999998819e-03 3.258980811946666778e-01 6.051507721386666372e-01 6.580012484266667405e-02 0.000000000000000000e+00
3.122719402666667299e-03 3.253701884586667203e-01 6.054914648746666517e-01 6.601562726400000969e-02 0.000000000000000000e+00
3.094586965333333533e-03 3.248424257706666318e-01 6.058313875626667455e-01 6.623159970133334074e-02 0.000000000000000000e+00
3.066624000000003035e-03 3.243147946666666837e-01 6.061705386666667028e-01 6.644804266666665127e-02 0.000000000000000000e+00
3.038829994666664841e-03 3.237872966826665921e-01 6.065089166506667517e-01 6.666495667200000863e-02 0.000000000000000000e+00
3.011204437333333574e-03 3.232599333546666287e-01 6.068465199786666764e-01 6.688234222933334139e-02 0.000000000000000000e+00
2.983746816000002171e-03 3.227327062186666762e-01 6.071833471146667049e-01 6.710019985066667525e-02 0.000000000000000000e+00
2.956456618666660537e-03 3.222056168106666174e-01 6.075193965226666215e-01 6.731853004800002205e-02 0.000000000000000000e+00
2.929333333333329799e-03 3.216786666666666683e-01 6.078546666666666543e-01 6.753733333333333810e-02 0.000000000000000000e+00
2.902376447999995522e-03 3.211518573226666007e-01 6.081891560106666983e-01 6.775661021866667688e-02 0.000000000000000000e+00
2.875585450666664090e-03 3.206251903146666304e-01 6.085228630186666487e-01 6.797636121600000858e-02 0.000000000000000000e+00
2.848959829333332777e-03 3.200986671786666959e-01 6.088557861546666228e-01 6.819658683733334503e-02 0.000000000000000000e+00
2.822499071999998860e-03 3.195722894506665690e-01 6.091879238826667375e-01 6.841728759466668419e-02 0.000000000000000000e+00
2.796202666666667853e-03 3.190460586666666321e-01 6.095192746666666661e-01 6.863846399999999626e-02 0.000000000000000000e+00
2.770070101333330526e-03 3.185199763626666569e-01 6.098498369706666367e-01 6.886011656533333469e-02 0.000000000000000000e+00
2.744100863999998467e-03 3.179940440746666375e-01 6.101796092586666553e-01 6.908224580266668358e-02 0.000000000000000000e+00
2.718294442666667216e-03 3.174682633386666786e-01 6.105085899946667283e-01 6.930485222400001311e-02 0.000000000000000000e+00
2.692650325333329278e-03 3.169426356906666076e-01 6.108367776426667506e-01 6.952793634133334899e-02 0.000000000000000000e+00
2.667167999999998842e-03 3.164171626666666959e-01 6.111641706666666174e-01 6.975149866666666143e-02 0.000000000000000000e+00
2.641846954666664943e-03 3.158918458026666043e-01 6.114907675306666679e-01 6.997553971200000389e-02 0.000000000000000000e+00
2.616686677333333096e-03 3.153666866346666042e-01 6.118165666986666862e-01 7.020005998933334657e-02 0.000000000000000000e+00
2.591686656000001445e-03 3.148416866986666340e-01 6.121415666346667894e-01 7.042506001066668742e-02 0.000000000000000000e+00
2.566846378666667264e-03 3.143168475306666321e-01 6.124657658026666507e-01 7.065054028800002439e-02 0.000000000000000000e+00
2.542165333333336504e-03 3.137921706666667032e-01 6.127891626666666092e-01 7.087650133333332769e-02 0.000000000000000000e+00
2.517643007999996029e-03 3.132676576426666193e-01 6.131117556906666710e-01 7.110294365866667854e-02 0.000000000000000000e+00
2.493278890666663934e-03 3.127433099946666517e-01 6.134335433386666203e-01 7.132986777600001937e-02 0.000000000000000000e+00
2.469072469333332288e-03 3.122191292586666833e-01 6.137545240746666853e-01 7.155727419733334815e-02 0.000000000000000000e+00
2.445023232000001837e-03 3.116951169706667080e-01 6.140746963626666499e-01 7.178516343466666283e-02 0.000000000000000000e+00
2.421130666666664218e-03 3.111712746666666640e-01 6.143940586666666315e-01 7.201353600000000299e-02 0.000000000000000000e+00
2.397394261333330584e-03 3.106476038826666564e-01 6.147126094506666361e-01 7.224239240533335271e-02 0.000000000000000000e+00
2.373813503999998645e-03 3.101241061546666233e-01 6.150303471786666698e-01 7.247173316266668219e-02 0.000000000000000000e+00
2.350387882666666543e-03 3.096007830186666698e-01 6.153472703146666278e-01 7.270155878400001714e-02 0.000000000000000000e+00
2.327116885333335890e-03 3.090776360106667342e-01 6.156633773226666273e-01 7.293186978133332776e-02 0.000000000000000000e+00
2.304000000000001793e-03 3.085546666666666993e-01 6.159786666666666743e-01 7.316266666666666751e-02 0.000000000000000000e+00
2.281036714666664564e-03 3.080318765226665589e-01 6.162931368106666641e-01 7.339394995199999272e-02 0.000000000000000000e+00
2.258226517333332753e-03 3.075092671146666401e-01 6.166067862186667137e-01 7.362572014933334297e-02 0.000000000000000000e+00
2.235568896000001034e-03 3.069868399786666591e-01 6.169196133546667182e-01 7.385797777066668846e-02 0.000000000000000000e+00
2.213063338666670151e-03 3.064645966506667207e-01 6.172316166826667949e-01 7.409072332800001326e-02 0.000000000000000000e+00
2.190709333333330008e-03 3.059425386666667079e-01 6.175427946666667278e-01 7.432395733333332921e-02 0.000000000000000000e+00
2.168506367999996094e-03 3.054206675626665590e-01 6.178531457706667451e-01 7.455768029866667590e-02 0.000000000000000000e+00
2.146453930666664383e-03 3.048989848746666009e-01 6.181626684586666309e-01 7.479189273600002352e-02 0.000000000000000000e+00
2.124551509333332151e-03 3.043774921386666610e-01 6.184713611946666134e-01 7.502659515733335616e-02 0.000000000000000000e+00
2.102798592000001011e-03 3.038561908906667330e-01 6.187792224426665877e-01 7.526178807466665788e-02 0.000000000000000000e+00
2.081194666666666936e-03 3.033350826666666444e-01 6.190862506666666709e-01 7.549747200000000991e-02 0.000000000000000000e+00
2.059739221333330237e-03 3.028141690026665556e-01 6.193924443306666472e-01 7.573364744533335469e-02 0.000000000000000000e+00
2.038431743999998165e-03 3.022934514346666823e-01 6.196978018986667447e-01 7.597031492266667629e-02 0.000000000000000000e+00
2.017271722666666260e-03 3.017729314986666300e-01 6.200023218346666365e-01 7.620747494400002819e-02 0.000000000000000000e+00
1.996258645333335267e-03 3.012526107306667256e-01 6.203060026026666618e-01 7.644512802133332507e-02 0.000000000000000000e+00
1.975391999999998559e-03 3.007324906666666298e-01 6.206088426666667157e-01 7.668327466666668979e-02 0.000000000000000000e+00
1.954671274666664686e-03 3.002125728426665585e-01 6.209108404906666934e-01 7.692191539200000927e-02 0.000000000000000000e+00
1.934095957333332658e-03 2.996928587946665612e-01 6.212119945386667119e-01 7.716105070933336474e-02 0.000000000000000000e+00
1.913665536000000618e-03 2.991733500586666317e-01 6.215123032746667775e-01 7.740068113066669864e-02 0.000000000000000000e+00
1.893379498666669528e-03 2.986540481706667083e-01 6.218117651626666742e-01 7.764080716800000892e-02 0.000000000000000000e+00
1.873237333333335579e-03 2.981349546666666739e-01 6.221103786666666302e-01 7.788142933333333517e-02 0.000000000000000000e+00
1.853238527999996263e-03 2.976160710826665778e-01 6.224081422506667627e-01 7.812254813866668923e-02 0.000000000000000000e+00
1.833382570666664251e-03 2.970973989546666361e-01 6.227050543786666337e-01 7.836416409600002742e-02 0.000000000000000000e+00
1.813668949333332048e-03 2.965789398186666759e-01 6.230011135146666934e-01 7.860627771733334768e-02 0.000000000000000000e+00
1.794097152000000833e-03 2.960606952106666911e-01 6.232963181226667260e-01 7.884888951466666185e-02 0.000000000000000000e+00
1.774666666666664411e-03 2.955426666666666202e-01 6.235906666666667375e-01 7.909200000000000952e-02 0.000000000000000000e+00
1.755376981333330467e-03 2.950248557226666235e-01 6.238841576106666231e-01 7.933560968533334701e-02 0.000000000000000000e+00
1.736227583999998226e-03 2.945072639146666393e-01 6.241767894186667220e-01 7.957971908266668615e-02 0.000000000000000000e+00
1.717217962666666917e-03 2.939898927786667171e-01 6.244685605546667073e-01 7.982432870399999714e-02 0.000000000000000000e+00
1.698347605333334898e-03 2.934727438506667396e-01 6.247594694826665851e-01 8.006943906133333344e-02 0.000000000000000000e+00
1.679616000000001179e-03 2.929558186666666453e-01 6.250495146666666946e-01 8.031505066666669301e-02 0.000000000000000000e+00
1.661022634666664772e-03 2.924391187626665389e-01 6.253386945706667088e-01 8.056116403200000442e-02 0.000000000000000000e+00
1.642566997333332274e-03 2.919226456746665810e-01 6.256270076586667450e-01 8.080777966933336276e-02 0.000000000000000000e+00
1.624248576000001179e-03 2.914064009386666543e-01 6.259144523946666983e-01 8.105489809066666884e-02 0.000000000000000000e+00
1.606066858666668979e-03 2.908903860906666416e-01 6.262010272426666857e-01 8.130251980800000389e-02 0.000000000000000000e+00
1.588021333333329912e-03 2.903746026666666480e-01 6.264867306666667135e-01 8.155064533333333809e-02 0.000000000000000000e+00
1.570111487999996435e-03 2.898590522026666116e-01 6.267715611306666768e-01 8.179927517866668329e-02 0.000000000000000000e+00
1.552336810666664086e-03 2.893437362346665820e-01 6.270555170986666926e-01 8.204840985600003744e-02 0.000000000000000000e+00
1.534696789333332744e-03 2.888286562986666639e-01 6.273385970346666562e-01 8.229804987733332911e-02 0.000000000000000000e+00
1.517190912000000334e-03 2.883138139306666847e-01 6.276207994026666848e-01 8.254819575466666726e-02 0.000000000000000000e+00
1.499818666666666517e-03 2.877992106666666383e-01 6.279021226666666733e-01 8.279884800000000822e-02 0.000000000000000000e+00
1.482579541333330303e-03 2.872848480426666296e-01 6.281825652906667390e-01 8.305000712533334994e-02 0.000000000000000000e+00
1.465473023999998292e-03 2.867707275946665968e-01 6.284621257386666660e-01 8.330167364266669039e-02 0.000000000000000000e+00
1.448498602666666675e-03 2.862568508586667004e-01 6.287408024746666824e-01 8.355384806399998587e-02 0.000000000000000000e+00
1.431655765333334461e-03 2.857432193706667678e-01 6.290185939626666833e-01 8.380653090133334537e-02 0.000000000000000000e+00
1.414943999999998493e-03 2.852298346666666817e-01 6.292954986666666750e-01 8.405972266666668358e-02 0.000000000000000000e+00
1.398362794666664502e-03 2.847166982826665471e-01 6.295715150506666635e-01 8.431342387200001232e-02 0.000000000000000000e+00
1.381911637333332150e-03 2.842038117546665799e-01 6.298466415786667660e-01 8.456763502933335730e-02 0.000000000000000000e+00
1.365590016000000880e-03 2.836911766186666628e-01 6.301208767146666556e-01 8.482235665066666097e-02 0.000000000000000000e+00
1.349397418666668401e-03 2.831787944106666788e-01 6.303942189226667825e-01 8.507758924800001843e-02 0.000000000000000000e+00
1.333333333333334590e-03 2.826666666666666217e-01 6.306666666666667087e-01 8.533333333333334436e-02 0.000000000000000000e+00
1.317397247999996289e-03 2.821547949226665963e-01 6.309382184106666625e-01 8.558958941866667836e-02 0.000000000000000000e+00
1.301588650666664218e-03 2.816431807146665967e-01 6.312088726186666499e-01 8.584635801600003224e-02 0.000000000000000000e+00
1.285907029333332617e-03 2.811318255786666720e-01 6.314786277546666771e-01 8.610363963733334847e-02 0.000000000000000000e+00
1.270351872000000278e-03 2.806207310506667052e-01 6.317474822826667502e-01 8.636143479466668049e-02 0.000000000000000000e+00
1.254922666666664259e-03 2.801098986666666346e-01 6.320154346666666534e-01 8.661974400000001240e-02 0.000000000000000000e+00
1.239618901333330511e-03 2.795993299626665651e-01 6.322824833706666148e-01 8.687856776533335601e-02 0.000000000000000000e+00
1.224440063999998260e-03 2.790890264746666571e-01 6.325486268586666405e-01 8.713790660266668153e-02 0.000000000000000000e+00
1.209385642666666733e-03 2.785789897386666825e-01 6.328138635946667367e-01 8.739776102400000080e-02 0.000000000000000000e+00
1.194455125333334288e-03 2.780692212906667460e-01 6.330781920426666876e-01 8.765813154133333951e-02 0.000000000000000000e+00
1.179648000000000372e-03 2.775597226666666195e-01 6.333416106666666101e-01 8.791901866666669563e-02 0.000000000000000000e+00
1.164963754666664643e-03 2.770504954026665190e-01 6.336041179306666216e-01 8.818042291200001159e-02 0.000000000000000000e+00
1.150401877333332833e-03 2.765415410346666047e-01 6.338657122986667281e-01 8.844234478933331312e-02 0.000000000000000000e+00
1.135961856000000702e-03 2.760328610986666487e-01 6.341263922346667137e-01 8.870478481066666754e-02 0.000000000000000000e+00
1.121643178666668125e-03 2.755244571306666446e-01 6.343861562026666956e-01 8.896774348800001730e-02 0.000000000000000000e+00
1.107445333333330426e-03 2.750163306666666974e-01 6.346450026666666799e-01 8.923122133333333261e-02 0.000000000000000000e+00
1.093367807999996808e-03 2.745084832426665233e-01 6.349029300906666728e-01 8.949521885866669468e-02 0.000000000000000000e+00
1.079410090666664979e-03 2.740009163946666160e-01 6.351599369386666805e-01 8.975973657600000433e-02 0.000000000000000000e+00
1.065571669333332432e-03 2.734936316586666361e-01 6.354160216746667089e-01 9.002477499733334276e-02 0.000000000000000000e+00
1.051852032000000128e-03 2.729866305706667440e-01 6.356711827626666533e-01 9.029033463466668019e-02 0.000000000000000000e+00
1.038250666666666209e-03 2.724799146666666005e-01 6.359254186666667419e-01 9.055641600000002844e-02 0.000000000000000000e+00
1.024767061333330771e-03 2.719734854826665327e-01 6.361787278506666476e-01 9.082301960533337160e-02 0.000000000000000000e+00
1.011400703999998894e-03 2.714673445546666453e-01 6.364311087786667098e-01 9.109014596266667985e-02 0.000000000000000000e+00
9.981510826666665538e-04 2.709614934186667101e-01 6.366825599146666015e-01 9.135779558399999278e-02 0.000000000000000000e+00
9.850176853333338436e-04 2.704559336106667211e-01 6.369330797226666618e-01 9.162596898133333612e-02 0.000000000000000000e+00
9.719999999999983644e-04 2.699506666666666166e-01 6.371826666666666750e-01 9.189466666666669392e-02 0.000000000000000000e+00
9.590975146666646557e-04 2.694456941226665014e-01 6.374313192106666470e-01 9.216388915200000864e-02 0.000000000000000000e+00
9.463097173333328118e-04 2.689410175146665916e-01 6.376790358186665841e-01 9.243363694933331987e-02 0.000000000000000000e+00
9.336360960000003248e-04 2.684366383786666033e-01 6.379258149546667145e-01 9.270391057066666718e-02 0.000000000000000000e+00
9.210761386666678312e-04 2.679325582506666414e-01 6.381716550826667111e-01 9.297471052800002078e-02 0.000000000000000000e+00
9.086293333333340157e-04 2.674287786666666444e-01 6.384165546666666913e-01 9.324603733333335087e-02 0.000000000000000000e+00
8.962951679999969128e-04 2.669253011626665506e-01 6.386605121706666610e-01 9.351789149866669704e-02 0.000000000000000000e+00
8.840731306666649650e-04 2.664221272746666314e-01 6.389035260586666265e-01 9.379027353600000172e-02 0.000000000000000000e+00
8.719627093333324119e-04 2.659192585386666585e-01 6.391455947946667049e-01 9.406318395733334614e-02 0.000000000000000000e+00
8.599633919999997815e-04 2.654166964906666260e-01 6.393867168426666803e-01 9.433662327466667274e-02 0.000000000000000000e+00
8.480746666666644576e-04 2.649144426666666385e-01 6.396268906666666698e-01 9.461059200000002112e-02 0.000000000000000000e+00
8.362960213333309797e-04 2.644124986026665791e-01 6.398661147306666797e-01 9.488509064533337534e-02 0.000000000000000000e+00
8.246269439999988999e-04 2.639108658346666081e-01 6.401043874986666049e-01 9.516011972266667784e-02 0.000000000000000000e+00
8.130669226666662527e-04 2.634095458986666638e-01 6.403417074346666737e-01 9.543567974400000986e-02 0.000000000000000000e+00
8.016154453333336743e-04 2.629085403306666846e-01 6.405780730026666703e-01 9.571177122133335546e-02 0.000000000000000000e+00
7.902719999999999580e-04 2.624078506666666089e-01 6.408134826666667117e-01 9.598839466666669873e-02 0.000000000000000000e+00
7.790360746666679086e-04 2.619074784426667080e-01 6.410479348906665820e-01 9.626555059199999598e-02 0.000000000000000000e+00
7.679071573333326331e-04 2.614074251946665872e-01 6.412814281386667314e-01 9.654323950933332843e-02 0.000000000000000000e+00
7.568847360000000805e-04 2.609076924586666291e-01 6.415139608746667221e-01 9.682146193066668016e-02 0.000000000000000000e+00
7.459682986666675260e-04 2.604082817706666053e-01 6.417455315626666712e-01 9.710021836800003525e-02 0.000000000000000000e+00
7.351573333333308357e-04 2.599091946666666764e-01 6.419761386666666958e-01 9.737950933333335002e-02 0.000000000000000000e+00
7.244513279999986689e-04 2.594104326826666695e-01 6.422057806506666910e-01 9.765933533866666405e-02 0.000000000000000000e+00
7.138497706666650485e-04 2.589119973546665787e-01 6.424344559786666631e-01 9.793969689600000306e-02 0.000000000000000000e+00
7.033521493333323455e-04 2.584138902186666198e-01 6.426621631146666180e-01 9.822059451733335111e-02 0.000000000000000000e+00
6.929579519999997869e-04 2.579161128106667311e-01 6.428889005226667841e-01 9.850202871466667842e-02 0.000000000000000000e+00
6.826666666666660575e-04 2.574186666666666290e-01 6.431146666666667233e-01 9.878400000000002457e-02 0.000000000000000000e+00
6.724777813333338537e-04 2.569215533226666404e-01 6.433394600106666639e-01 9.906650888533333199e-02 0.000000000000000000e+00
6.623907839999988246e-04 2.564247743146665925e-01 6.435632790186666119e-01 9.934955588266668192e-02 0.000000000000000000e+00
6.524051626666661600e-04 2.559283311786666459e-01 6.437861221546666846e-01 9.963314150400001679e-02 0.000000000000000000e+00
6.425204053333334608e-04 2.554322254506666834e-01 6.440079878826666659e-01 9.991726626133334843e-02 0.000000000000000000e+00
6.327359999999984360e-04 2.549364586666665877e-01 6.442288746666666732e-01 1.002019306666667164e-01 0.000000000000000000e+00
6.230514346666662755e-04 2.544410323626666859e-01 6.444487809706667125e-01 1.004871352319999939e-01 0.000000000000000000e+00
6.134661973333326284e-04 2.539459480746665831e-01 6.446677052586666790e-01 1.007728804693333313e-01 0.000000000000000000e+00
6.039797759999998659e-04 2.534512073386666065e-01 6.448856459946666897e-01 1.010591668906666851e-01 0.000000000000000000e+00
5.945916586666672148e-04 2.529568116906666941e-01 6.451026016426667509e-01 1.013459950080000394e-01 0.000000000000000000e+00
5.853013333333336853e-04 2.524627626666666180e-01 6.453185706666666466e-01 1.016333653333333642e-01 0.000000000000000000e+00
5.761082880000013232e-04 2.519690618026666495e-01 6.455335515306666050e-01 1.019212783786666576e-01 0.000000000000000000e+00
5.670120106666651271e-04 2.514757106346665605e-01 6.457475426986666323e-01 1.022097346560000147e-01 0.000000000000000000e+00
5.580119893333323469e-04 2.509827106986666778e-01 6.459605426346666235e-01 1.024987346773333502e-01 0.000000000000000000e+00
5.491077119999996075e-04 2.504900635306666623e-01 6.461725498026666958e-01 1.027882789546666759e-01 0.000000000000000000e+00
5.402986666666648348e-04 2.499977706666666188e-01 6.463835626666667444e-01 1.030783680000000313e-01 0.000000000000000000e+00
5.315843413333325683e-04 2.495058336426666523e-01 6.465935796906666644e-01 1.033690023253333312e-01 0.000000000000000000e+00
5.229642239999988907e-04 2.490142539946666178e-01 6.468025993386665728e-01 1.036601824426666707e-01 0.000000000000000000e+00
5.144378026666661732e-04 2.485230332586666757e-01 6.470106200746665870e-01 1.039519088640000061e-01 0.000000000000000000e+00
5.060045653333333174e-04 2.480321729706666811e-01 6.472176403626666019e-01 1.042441821013333492e-01 0.000000000000000000e+00
4.976639999999997671e-04 2.475416746666666001e-01 6.474236586666666238e-01 1.045370026666667118e-01 0.000000000000000000e+00
4.894155946666673513e-04 2.470515398826666487e-01 6.476286734506666587e-01 1.048303710720000087e-01 0.000000000000000000e+00
4.812588373333326407e-04 2.465617701546665985e-01 6.478326831786667128e-01 1.051242878293333488e-01 0.000000000000000000e+00
4.731932159999998493e-04 2.460723670186666379e-01 6.480356863146666813e-01 1.054187534506666746e-01 0.000000000000000000e+00
4.652182186666670117e-04 2.455833320106666218e-01 6.482376813226666812e-01 1.057137684480000256e-01 0.000000000000000000e+00
4.573333333333345473e-04 2.450946666666666829e-01 6.484386666666667187e-01 1.060093333333333304e-01 0.000000000000000000e+00
4.495380479999988100e-04 2.446063725226667041e-01 6.486386408106666890e-01 1.063054486186666564e-01 0.000000000000000000e+00
4.418318506666653149e-04 2.441184511146665959e-01 6.488376022186667091e-01 1.066021148160000154e-01 0.000000000000000000e+00
4.342142293333324217e-04 2.436309039786666297e-01 6.490355493546666743e-01 1.068993324373333637e-01 0.000000000000000000e+00
4.266846719999995742e-04 2.431437326506666885e-01 6.492324806826667016e-01 1.071971019946666853e-01 0.000000000000000000e+00
4.192426666666671377e-04 2.426569386666667383e-01 6.494283946666665752e-01 1.074954239999999783e-01 0.000000000000000000e+00
4.118877013333335259e-04 2.421705235626666064e-01 6.496232897706666343e-01 1.077942989653333378e-01 0.000000000000000000e+00
4.046192639999990500e-04 2.416844888746665920e-01 6.498171644586666629e-01 1.080937274026666783e-01 0.000000000000000000e+00
3.974368426666661353e-04 2.411988361386666335e-01 6.500100171946666672e-01 1.083937098240000257e-01 0.000000000000000000e+00
3.903399253333332498e-04 2.407135668906666692e-01 6.502018464426666533e-01 1.086942467413333641e-01 0.000000000000000000e+00
3.833280000000007046e-04 2.402286826666667208e-01 6.503926506666666274e-01 1.089953386666666635e-01 0.000000000000000000e+00
3.764005546666662088e-04 2.397441850026666432e-01 6.505824283306665956e-01 1.092969861120000191e-01 0.000000000000000000e+00
3.695570773333327298e-04 2.392600754346665692e-01 6.507711778986666751e-01 1.095991895893333318e-01 0.000000000000000000e+00
3.627970559999997655e-04 2.387763554986666314e-01 6.509588978346667609e-01 1.099019496106666827e-01 0.000000000000000000e+00
3.561199786666669224e-04 2.382930267306666294e-01 6.511455866026667483e-01 1.102052666880000420e-01 0.000000000000000000e+00
3.495253333333342947e-04 2.378100906666666958e-01 6.513312426666666433e-01 1.105091413333333383e-01 0.000000000000000000e+00
3.430126080000007300e-04 2.373275488426666857e-01 6.515158644906666741e-01 1.108135740586666668e-01 0.000000000000000000e+00
3.365812906666654008e-04 2.368454027946665930e-01 6.516994505386666248e-01 1.111185653760000253e-01 0.000000000000000000e+00
3.302308693333325757e-04 2.363636540586666335e-01 6.518819992746666125e-01 1.114241157973333701e-01 0.000000000000000000e+00
3.239608319999995843e-04 2.358823041706666346e-01 6.520635091626666435e-01 1.117302258346666993e-01 0.000000000000000000e+00
3.177706666666669545e-04 2.354013546666667012e-01 6.522439786666667239e-01 1.120368959999999831e-01 0.000000000000000000e+00
3.116598613333326122e-04 2.349208070826666328e-01 6.524234062506666376e-01 1.123441268053333442e-01 0.000000000000000000e+00
3.056279039999990912e-04 2.344406629546666176e-01 6.526017903786666130e-01 1.126519187626666835e-01 0.000000000000000000e+00
2.996742826666661604e-04 2.339609238186666496e-01 6.527791295146666561e-01 1.129602723840000267e-01 0.000000000000000000e+00
2.937984853333332094e-04 2.334815912106666669e-01 6.529554221226666622e-01 1.132691881813333579e-01 0.000000000000000000e+00
2.880000000000004952e-04 2.330026666666667190e-01 6.531306666666666372e-01 1.135786666666666611e-01 0.000000000000000000e+00
2.822783146666669736e-04 2.325241517226666332e-01 6.533048616106666984e-01 1.138887083520000176e-01 0.000000000000000000e+00
2.766329173333327389e-04 2.320460479146665700e-01 6.534780054186666298e-01 1.141993137493333560e-01 0.000000000000000000e+00
2.710632959999997285e-04 2.315683567786665786e-01 6.536500965546666597e-01 1.145104833706667019e-01 0.000000000000000000e+00
2.655689386666667900e-04 2.310910798506666253e-01 6.538211334826666832e-01 1.148222177280000533e-01 0.000000000000000000e+00
2.601493333333340175e-04 2.306142186666666483e-01 6.539911146666665953e-01 1.151345173333333527e-01 0.000000000000000000e+00
2.548039679999990659e-04 2.301377747626666692e-01 6.541600385706667353e-01 1.154473826986666812e-01 0.000000000000000000e+00
2.495323306666656074e-04 2.296617496746665987e-01 6.543279036586666653e-01 1.157608143360000230e-01 0.000000000000000000e+00
2.443339093333325978e-04 2.291861449386666250e-01 6.544947083946666133e-01 1.160748127573333621e-01 0.000000000000000000e+00
2.392081919999998333e-04 2.287109620906666585e-01 6.546604512426665856e-01 1.163893784746666688e-01 0.000000000000000000e+00
2.341546666666668389e-04 2.282362026666666932e-01 6.548251306666665883e-01 1.167045119999999964e-01 0.000000000000000000e+00
2.291728213333333567e-04 2.277618682026666397e-01 6.549887451306666275e-01 1.170202138453333429e-01 0.000000000000000000e+00
2.242621439999992097e-04 2.272879602346666306e-01 6.551512930986667094e-01 1.173364845226666925e-01 0.000000000000000000e+00
2.194221226666661728e-04 2.268144802986666597e-01 6.553127730346666180e-01 1.176533245440000153e-01 0.000000000000000000e+00
2.146522453333333646e-04 2.263414299306666932e-01 6.554731834026665815e-01 1.179707344213333231e-01 0.000000000000000000e+00
2.099520000000003642e-04 2.258688106666666973e-01 6.556325226666666062e-01 1.182887146666666695e-01 0.000000000000000000e+00
2.053208746666662090e-04 2.253966240426666379e-01 6.557907892906666980e-01 1.186072657920000245e-01 0.000000000000000000e+00
2.007583573333327821e-04 2.249248715946665367e-01 6.559479817386666411e-01 1.189263883093333446e-01 0.000000000000000000e+00
1.962639359999997170e-04 2.244535548586666096e-01 6.561040984746666638e-01 1.192460827306666971e-01 0.000000000000000000e+00
1.918370986666668911e-04 2.239826753706666285e-01 6.562591379626666610e-01 1.195663495680000105e-01 0.000000000000000000e+00
1.874773333333338296e-04 2.235122346666666704e-01 6.564130986666667500e-01 1.198871893333333521e-01 0.000000000000000000e+00
1.831841280000003557e-04 2.230422342826666460e-01 6.565659790506666038e-01 1.202086025386666784e-01 0.000000000000000000e+00
1.789569706666657505e-04 2.225726757546665768e-01 6.567177775786666727e-01 1.205305896960000289e-01 0.000000000000000000e+00
1.747953493333326833e-04 2.221035606186665956e-01 6.568684927146666297e-01 1.208531513173333738e-01 0.000000000000000000e+00
1.706987519999998118e-04 2.216348904106666684e-01 6.570181229226665920e-01 1.211762879146666833e-01 0.000000000000000000e+00
1.666666666666667424e-04 2.211666666666667058e-01 6.571666666666666767e-01 1.214999999999999969e-01 0.000000000000000000e+00
1.626985813333327563e-04 2.206988909226666462e-01 6.573141224106666680e-01 1.218242880853333404e-01 0.000000000000000000e+00
1.587939839999993029e-04 2.202315647146666222e-01 6.574604886186666830e-01 1.221491526826667118e-01 0.000000000000000000e+00
1.549523626666662326e-04 2.197646895786666554e-01 6.576057637546667278e-01 1.224745943040000257e-01 0.000000000000000000e+00
1.511732053333333416e-04 2.192982670506667120e-01 6.577499462826666976e-01 1.228006134613333217e-01 0.000000000000000000e+00
1.474560000000002091e-04 2.188322986666667025e-01 6.578930346666667095e-01 1.231272106666666810e-01 0.000000000000000000e+00
1.438002346666667939e-04 2.183667859626666208e-01 6.580350273706665476e-01 1.234543864320000323e-01 0.000000000000000000e+00
1.402053973333328379e-04 2.179017304746665440e-01 6.581759228586666621e-01 1.237821412693333595e-01 0.000000000000000000e+00
1.366709759999997637e-04 2.174371337386666048e-01 6.583157195946667262e-01 1.241104756906667023e-01 0.000000000000000000e+00
1.331964586666667979e-04 2.169729972906666304e-01 6.584544160426666348e-01 1.244393902080000031e-01 0.000000000000000000e+00
1.297813333333336827e-04 2.165093226666666704e-01 6.585920106666667273e-01 1.247688853333333570e-01 0.000000000000000000e+00
1.264250879999993197e-04 2.160461114026666629e-01 6.587285019306666767e-01 1.250989615786666787e-01 0.000000000000000000e+00
1.231272106666659173e-04 2.155833650346665464e-01 6.588638882986666001e-01 1.254296194560000355e-01 0.000000000000000000e+00
1.198871893333327838e-04 2.151210850986666201e-01 6.589981682346666148e-01 1.257608594773333699e-01 0.000000000000000000e+00
1.167045119999998238e-04 2.146592731306666557e-01 6.591313402026666157e-01 1.260926821546666798e-01 0.000000000000000000e+00
1.135786666666666842e-04 2.141979306666667027e-01 6.592634026666666092e-01 1.264250879999999910e-01 0.000000000000000000e+00
1.105091413333332561e-04 2.137370592426666160e-01 6.593943540906667122e-01 1.267580775253333569e-01 0.000000000000000000e+00
1.074954239999994306e-04 2.132766603946666395e-01 6.595241929386667090e-01 1.270916512426666922e-01 0.000000000000000000e+00
1.045370026666664267e-04 2.128167356586666836e-01 6.596529176746667167e-01 1.274258096639999949e-01 0.000000000000000000e+00
1.016333653333332816e-04 2.123572865706666590e-01 6.597805267626666303e-01 1.277605533013333461e-01 0.000000000000000000e+00
9.878400000000013028e-05 2.118983146666667261e-01 6.599070186666666782e-01 1.280958826666666883e-01 0.000000000000000000e+00
9.598839466666633520e-05 2.114398214826666567e-01 6.600323918506666443e-01 1.284317982720000195e-01 0.000000000000000000e+00
9.324603733333292576e-05 2.109818085546665556e-01 6.601566447786666458e-01 1.287683006293333654e-01 0.000000000000000000e+00
9.055641599999990137e-05 2.105242774186665833e-01 6.602797759146665779e-01 1.291053902506666407e-01 0.000000000000000000e+00
8.791901866666673292e-05 2.100672296106666503e-01 6.604017837226666687e-01 1.294430676480000098e-01 0.000000000000000000e+00
8.533333333333356890e-05 2.096106666666666396e-01 6.605226666666667024e-01 1.297813333333333596e-01 0.000000000000000000e+00
8.279884800000015122e-05 2.091545901226666837e-01 6.606424232106666850e-01 1.301201878186666883e-01 0.000000000000000000e+00
8.031505066666605919e-05 2.086990015146665822e-01 6.607610518186666226e-01 1.304596316160000491e-01 0.000000000000000000e+00
7.788142933333299983e-05 2.082439023786666621e-01 6.608785509546666326e-01 1.307996652373333291e-01 0.000000000000000000e+00
7.549747199999982060e-05 2.077892942506666674e-01 6.609949190826667209e-01 1.311402891946666649e-01 0.000000000000000000e+00
7.316266666666664290e-05 2.073351786666667029e-01 6.611101546666666717e-01 1.314815039999999990e-01 0.000000000000000000e+00
7.087650133333293760e-05 2.068815571626666239e-01 6.612242561706667132e-01 1.318233101653333572e-01 0.000000000000000000e+00
6.863846399999955791e-05 2.064284312746665906e-01 6.613372220586666295e-01 1.321657082026667096e-01 0.000000000000000000e+00
6.644804266666646262e-05 2.059758025386666525e-01 6.614490507946666487e-01 1.325086986240000264e-01 0.000000000000000000e+00
6.430472533333327165e-05 2.055236724906666923e-01 6.615597408426667769e-01 1.328522819413333333e-01 0.000000000000000000e+00
6.220800000000006576e-05 2.050720426666667040e-01 6.616692906666665763e-01 1.331964586666666839e-01 0.000000000000000000e+00
6.015735466666668173e-05 2.046209146026666259e-01 6.617776987306666081e-01 1.335412293120000482e-01 0.000000000000000000e+00
5.815227733333301732e-05 2.041702898346665906e-01 6.618849634986667674e-01 1.338865943893333688e-01 0.000000000000000000e+00
5.619225599999989868e-05 2.037201698986665643e-01 6.619910834346666162e-01 1.342325544106666713e-01 0.000000000000000000e+00
5.427677866666668824e-05 2.032705563306666519e-01 6.620960570026667158e-01 1.345791098880000092e-01 0.000000000000000000e+00
5.240533333333347352e-05 2.028214506666666528e-01 6.621998826666666282e-01 1.349262613333333527e-01 0.000000000000000000e+00
5.057740799999957632e-05 2.023728544426666720e-01 6.623025588906666927e-01 1.352740092586666720e-01 0.000000000000000000e+00
4.879249066666620899e-05 2.019247691946665646e-01 6.624040841386666933e-01 1.356223541760000484e-01 0.000000000000000000e+00
4.705006933333307281e-05 2.014771964586666020e-01 6.625044568746666362e-01 1.359712965973333409e-01 0.000000000000000000e+00
4.534963199999985549e-05 2.010301377706666115e-01 6.626036755626665276e-01 1.363208370346666864e-01 0.000000000000000000e+00
4.369066666666663099e-05 2.005835946666666703e-01 6.627017386666665955e-01 1.366709760000000273e-01 0.000000000000000000e+00
4.207266133333324964e-05 2.001375686826665778e-01 6.627986446506666240e-01 1.370217140053333615e-01 0.000000000000000000e+00
4.049510399999966344e-05 1.996920613546665779e-01 6.628943919786666195e-01 1.373730515626667148e-01 0.000000000000000000e+00
3.895748266666650199e-05 1.992470742186666643e-01 6.629889791146665878e-01 1.377249891840000018e-01 0.000000000000000000e+00
3.745928533333327005e-05 1.988026088106666367e-01 6.630824045226666463e-01 1.380775273813333592e-01 0.000000000000000000e+00
3.600000000000002802e-05 1.983586666666666831e-01 6.631746666666666901e-01 1.384306666666667018e-01 0.000000000000000000e+00
3.457911466666645684e-05 1.979152493226666309e-01 6.632657640106667252e-01 1.387844075520000275e-01 0.000000000000000000e+00
3.319611733333328098e-05 1.974723583146666961e-01 6.633556950186666468e-01 1.391387505493333343e-01 0.000000000000000000e+00
3.185049599999991034e-05 1.970299951786665671e-01 6.634444581546665720e-01 1.394936961706666478e-01 0.000000000000000000e+00
3.054173866666666282e-05 1.965881614506665986e-01 6.635320518826666181e-01 1.398492449280000216e-01 0.000000000000000000e+00
2.926933333333341247e-05 1.961468586666666458e-01 6.636184746666666801e-01 1.402053973333333703e-01 0.000000000000000000e+00
2.803276800000004351e-05 1.957060883626666470e-01 6.637037249706667641e-01 1.405621538986666919e-01 0.000000000000000000e+00
2.683153066666683659e-05 1.952658520746667070e-01 6.637878012586666543e-01 1.409195151359999842e-01 0.000000000000000000e+00
2.566510933333314738e-05 1.948261513386666255e-01 6.638707019946666898e-01 1.412774815573333564e-01 0.000000000000000000e+00
2.453299199999989008e-05 1.943869876906666461e-01 6.639524256426666549e-01 1.416360536746666954e-01 0.000000000000000000e+00
2.343466666666662706e-05 1.939483626666666793e-01 6.640329706666667775e-01 1.419952320000000268e-01 0.000000000000000000e+00
2.236962133333312056e-05 1.935102778026666082e-01 6.641123355306666198e-01 1.423550170453333763e-01 0.000000000000000000e+00
2.133734399999990533e-05 1.930727346346666484e-01 6.641905186986667431e-01 1.427154093226666587e-01 0.000000000000000000e+00
2.033732266666654710e-05 1.926357346986666552e-01 6.642675186346667093e-01 1.430764093440000384e-01 0.000000000000000000e+00
1.936904533333327907e-05 1.921992795306666779e-01 6.643433338026667467e-01 1.434380176213333469e-01 0.000000000000000000e+00
1.843200000000000581e-05 1.917633706666666826e-01 6.644179626666666394e-01 1.438002346666666931e-01 0.000000000000000000e+00
1.752567466666664879e-05 1.913280096426666077e-01 6.644914036906666155e-01 1.441630609920000472e-01 0.000000000000000000e+00
1.664955733333341073e-05 1.908931979946666690e-01 6.645636553386666812e-01 1.445264971093333517e-01 0.000000000000000000e+00
1.580313599999993190e-05 1.904589372586665830e-01 6.646347160746666205e-01 1.448905435306666600e-01 0.000000000000000000e+00
1.498589866666665388e-05 1.900252289706666486e-01 6.647045843626666617e-01 1.452552007680000257e-01 0.000000000000000000e+00
1.419733333333337110e-05 1.895920746666666656e-01 6.647732586666668109e-01 1.456204693333333910e-01 0.000000000000000000e+00
1.343692799999980854e-05 1.891594758826666278e-01 6.648407374506666301e-01 1.459863497386666986e-01 0.000000000000000000e+00
1.270417066666656025e-05 1.887274341546666956e-01 6.649070191786666806e-01 1.463528424960000018e-01 0.000000000000000000e+00
1.199854933333321228e-05 1.882959510186666130e-01 6.649721023146666354e-01 1.467199481173333542e-01 0.000000000000000000e+00
1.131955199999992499e-05 1.878650280106666237e-01 6.650359853226666118e-01 1.470876671146666981e-01 0.000000000000000000e+00
1.066666666666663513e-05 1.874346666666666661e-01 6.650986666666667269e-01 1.474560000000000315e-01 0.000000000000000000e+00
1.003938133333328620e-05 1.870048685226666230e-01 6.651601448106667647e-01 1.478249472853333801e-01 0.000000000000000000e+00
9.437184000000018233e-06 1.865756351146666270e-01 6.652204182186667314e-01 1.481945094826666864e-01 0.000000000000000000e+00
8.859562666666590094e-06 1.861469679786666442e-01 6.652794853546666332e-01 1.485646871040000316e-01 0.000000000000000000e+00
8.306005333333295969e-06 1.857188686506666686e-01 6.653373446826666981e-01 1.489354806613333304e-01 0.000000000000000000e+00
7.775999999999996362e-06 1.852913386666666662e-01 6.653939946666667105e-01 1.493068906666666917e-01 0.000000000000000000e+00
7.269034666666718645e-06 1.848643795626667141e-01 6.654494337706666762e-01 1.496789176320000025e-01 0.000000000000000000e+00
6.784597333333302996e-06 1.844379928746666952e-01 6.655036604586666016e-01 1.500515620693333441e-01 0.000000000000000000e+00
6.322175999999958051e-06 1.840121801386666034e-01 6.655566731946667147e-01 1.504248244906666587e-01 0.000000000000000000e+00
5.881258666666654431e-06 1.835869428906665990e-01 6.656084704426665777e-01 1.507987054080000278e-01 0.000000000000000000e+00
5.461333333333347508e-06 1.831622826666666481e-01 6.656590506666667517e-01 1.511732053333333936e-01 0.000000000000000000e+00
5.061888000000057033e-06 1.827382010026666614e-01 6.657084123306666879e-01 1.515483247786666710e-01 0.000000000000000000e+00
4.682410666666710425e-06 1.823146994346666883e-01 6.657565538986667253e-01 1.519240642559999965e-01 0.000000000000000000e+00
4.322389333333267294e-06 1.818917794986666114e-01 6.658034738346666481e-01 1.523004242773333683e-01 0.000000000000000000e+00
3.981311999999958300e-06 1.814694427306666469e-01 6.658491706026665735e-01 1.526774053546667009e-01 0.000000000000000000e+00
3.658666666666647336e-06 1.810476906666666497e-01 6.658936426666667296e-01 1.530550080000000202e-01 0.000000000000000000e+00
3.353941333333347798e-06 1.806265248426666969e-01 6.659368884906666786e-01 1.534332327253333239e-01 0.000000000000000000e+00
3.066623999999966779e-06 1.802059467946666438e-01 6.659789065386667595e-01 1.538120800426666657e-01 0.000000000000000000e+00
2.796202666666628212e-06 1.797859580586666506e-01 6.660196952746666454e-01 1.541915504640000156e-01 0.000000000000000000e+00
2.542165333333312881e-06 1.793665601706666279e-01 6.660592531626666757e-01 1.545716445013333717e-01 0.000000000000000000e+00
2.303999999999995644e-06 1.789477546666666807e-01 6.660975786666667453e-01 1.549523626666667042e-01 0.000000000000000000e+00
2.081194666666686505e-06 1.785295430826667196e-01 6.661346702506667494e-01 1.553337054720000110e-01 0.000000000000000000e+00
1.873237333333345711e-06 1.781119269546666550e-01 6.661705263786665832e-01 1.557156734293333455e-01 0.000000000000000000e+00
1.679615999999980303e-06 1.776949078186665920e-01 6.662051455146666967e-01 1.560982670506666781e-01 0.000000000000000000e+00
1.499818666666659370e-06 1.772784872106666354e-01 6.662385261226666522e-01 1.564814868480000343e-01 0.000000000000000000e+00
1.333333333333337014e-06 1.768626666666666125e-01 6.662706666666666777e-01 1.568653333333333844e-01 0.000000000000000000e+00
1.179648000000019643e-06 1.764474477226667115e-01 6.663015656106667794e-01 1.572498070186666708e-01 0.000000000000000000e+00
1.038250666666643150e-06 1.760328319146666765e-01 6.663312214186667415e-01 1.576349084160000025e-01 0.000000000000000000e+00
9.086293333333082786e-07 1.756188207786666122e-01 6.663596325546666810e-01 1.580206380373333774e-01 0.000000000000000000e+00
7.902719999999843802e-07 1.752054158506666237e-01 6.663867974826667151e-01 1.584069963946667103e-01 0.000000000000000000e+00
6.826666666666590153e-07 1.747926186666666493e-01 6.664127146666667389e-01 1.587939840000000546e-01 0.000000000000000000e+00
5.853013333333365796e-07 1.743804307626666827e-01 6.664373825706666477e-01 1.591816013653333250e-01 0.000000000000000000e+00
4.976640000000006108e-07 1.739688536746666347e-01 6.664607996586666694e-01 1.595698490026666860e-01 0.000000000000000000e+00
4.192426666666547634e-07 1.735578889386666379e-01 6.664829643946665882e-01 1.599587274240000245e-01 0.000000000000000000e+00
3.495253333333269912e-07 1.731475380906666306e-01 6.665038752426666324e-01 1.603482371413333663e-01 0.000000000000000000e+00
2.879999999999980790e-07 1.727378026666666899e-01 6.665235306666666970e-01 1.607383786666667091e-01 0.000000000000000000e+00
2.341546666666705432e-07 1.723286842026667265e-01 6.665419291306666771e-01 1.611291525120000234e-01 0.000000000000000000e+00
1.874773333333294301e-07 1.719201842346666231e-01 6.665590690986666900e-01 1.615205591893333625e-01 0.000000000000000000e+00
1.474559999999956262e-07 1.715123042986665958e-01 6.665749490346666306e-01 1.619125992106666967e-01 0.000000000000000000e+00
1.135786666666649774e-07 1.711050459306666105e-01 6.665895674026667272e-01 1.623052730880000238e-01 0.000000000000000000e+00
8.533333333333474596e-08 1.706984106666666612e-01 6.666029226666667640e-01 1.626985813333333142e-01 0.000000000000000000e+00
6.220800000000247186e-08 1.702924000426666862e-01 6.666150132906667469e-01 1.630925244586666767e-01 0.000000000000000000e+00
4.369066666666815030e-08 1.698870155946666516e-01 6.666258377386666822e-01 1.634871029759999983e-01 0.000000000000000000e+00
2.926933333333062829e-08 1.694822588586666068e-01 6.666353944746665761e-01 1.638823173973333602e-01 0.000000000000000000e+00
1.843199999999859963e-08 1.690781313706666289e-01 6.666436819626666566e-01 1.642781682346667049e-01 0.000000000000000000e+00
1.066666666666639988e-08 1.686746346666666840e-01 6.666506986666667078e-01 1.646746560000000026e-01 0.000000000000000000e+00
5.461333333333423662e-09 1.682717702826666828e-01 6.666564430506667360e-01 1.650717812053333344e-01 0.000000000000000000e+00
2.303999999999665307e-09 1.678695397546666190e-01 6.666609135786667473e-01 1.654695443626666707e-01 0.000000000000000000e+00
6.826666666664885334e-10 1.674679446186666254e-01 6.666641087146666367e-01 1.658679459840000370e-01 0.000000000000000000e+00
8.533333333330513424e-11 1.670669864106666402e-01 6.666660269226667435e-01 1.662669865813333758e-01 0.000000000000000000e+00
0.000000000000000000e+00 1.666666666666666852e-01 6.666666666666667407e-01 1.666666666666666574e-01 0.000000000000000000e+00
0.000000000000000000e+00 1.662669865813333203e-01 6.666660269226665214e-01 1.670669864106667513e-01 8.533333333337619422e-11
0.000000000000000000e+00 1.658679459840000370e-01 6.666641087146665257e-01 1.674679446186667087e-01 6.826666666667253138e-10
0.000000000000000000e+00 1.654695443626667262e-01 6.666609135786665252e-01 1.678695397546666468e-01 2.303999999999878306e-09
0.000000000000000000e+00 1.650717812053332789e-01 6.666564430506667360e-01 1.682717702826666828e-01 5.461333333333802511e-09
0.000000000000000000e+00 1.646746559999999748e-01 6.666506986666667078e-01 1.686746346666666840e-01 1.066666666666669601e-08
0.000000000000000000e+00 1.642781682346665661e-01 6.666436819626666566e-01 1.690781313706667399e-01 1.843200000000158409e-08
0.000000000000000000e+00 1.638823173973332770e-01 6.666353944746667981e-01 1.694822588586666623e-01 2.926933333333410907e-08
0.000000000000000000e+00 1.634871029759999705e-01 6.666258377386666822e-01 1.698870155946666238e-01 4.369066666666587390e-08
0.000000000000000000e+00 1.630925244586666212e-01 6.666150132906666359e-01 1.702924000426667139e-01 6.220800000000247186e-08
0.000000000000000000e+00 1.626985813333333142e-01 6.666029226666666530e-01 1.706984106666666889e-01 8.533333333333356805e-08
0.000000000000000000e+00 1.623052730879999683e-01 6.665895674026666162e-01 1.711050459306667493e-01 1.135786666666721243e-07
0.000000000000000000e+00 1.619125992106666689e-01 6.665749490346666306e-01 1.715123042986667068e-01 1.474560000000024289e-07
0.000000000000000000e+00 1.615205591893333903e-01 6.665590690986666900e-01 1.719201842346666231e-01 1.874773333333314154e-07
0.000000000000000000e+00 1.611291525119999679e-01 6.665419291306666771e-01 1.723286842026666987e-01 2.341546666666728726e-07
0.000000000000000000e+00 1.607383786666666814e-01 6.665235306666666970e-01 1.727378026666666622e-01 2.880000000000007260e-07
0.000000000000000000e+00 1.603482371413331997e-01 6.665038752426666324e-01 1.731475380906667416e-01 3.495253333333451495e-07
0.000000000000000000e+00 1.599587274239999135e-01 6.664829643946666993e-01 1.735578889386667212e-01 4.192426666666718628e-07
0.000000000000000000e+00 1.595698490026666305e-01 6.664607996586666694e-01 1.739688536746666625e-01 4.976639999999966933e-07
0.000000000000000000e+00 1.591816013653332695e-01 6.664373825706666477e-01 1.743804307626667383e-01 5.853013333333451558e-07
0.000000000000000000e+00 1.587939839999999714e-01 6.664127146666666279e-01 1.747926186666666493e-01 6.826666666666685444e-07
0.000000000000000000e+00 1.584069963946665993e-01 6.663867974826667151e-01 1.752054158506667625e-01 7.902720000000209085e-07
0.000000000000000000e+00 1.580206380373333219e-01 6.663596325546665700e-01 1.756188207786666677e-01 9.086293333333426894e-07
0.000000000000000000e+00 1.576349084160000302e-01 6.663312214186667415e-01 1.760328319146666487e-01 1.038250666666661996e-06
0.000000000000000000e+00 1.572498070186666153e-01 6.663015656106665574e-01 1.764474477226667393e-01 1.179648000000019432e-06
0.000000000000000000e+00 1.568653333333333288e-01 6.662706666666666777e-01 1.768626666666667235e-01 1.333333333333336802e-06
0.000000000000000000e+00 1.564814868479998955e-01 6.662385261226666522e-01 1.772784872106667464e-01 1.499818666666699604e-06
0.000000000000000000e+00 1.560982670506666226e-01 6.662051455146666967e-01 1.776949078186667030e-01 1.679616000000014820e-06
0.000000000000000000e+00 1.557156734293333178e-01 6.661705263786665832e-01 1.781119269546666550e-01 1.873237333333327288e-06
0.000000000000000000e+00 1.553337054719999555e-01 6.661346702506666384e-01 1.785295430826666918e-01 2.081194666666695823e-06
0.000000000000000000e+00 1.549523626666666765e-01 6.660975786666667453e-01 1.789477546666666530e-01 2.304000000000005808e-06
0.000000000000000000e+00 1.545716445013333162e-01 6.660592531626665647e-01 1.793665601706667667e-01 2.542165333333381068e-06
0.000000000000000000e+00 1.541915504640000156e-01 6.660196952746666454e-01 1.797859580586667061e-01 2.796202666666689198e-06
0.000000000000000000e+00 1.538120800426667212e-01 6.659789065386665374e-01 1.802059467946666715e-01 3.066623999999992613e-06
0.000000000000000000e+00 1.534332327253332684e-01 6.659368884906666786e-01 1.806265248426666969e-01 3.353941333333374903e-06
0.000000000000000000e+00 1.530550079999999646e-01 6.658936426666666186e-01 1.810476906666666774e-01 3.658666666666676135e-06
0.000000000000000000e+00 1.526774053546665622e-01 6.658491706026667956e-01 1.814694427306667579e-01 3.981312000000065873e-06
0.000000000000000000e+00 1.523004242773332573e-01 6.658034738346667591e-01 1.818917794986666947e-01 4.322389333333364703e-06
0.000000000000000000e+00 1.519240642559999688e-01 6.657565538986667253e-01 1.823146994346666605e-01 4.682410666666658756e-06
0.000000000000000000e+00 1.515483247786666154e-01 6.657084123306666879e-01 1.827382010026667447e-01 5.061888000000057033e-06
0.000000000000000000e+00 1.511732053333333103e-01 6.656590506666666407e-01 1.831622826666666759e-01 5.461333333333348355e-06
0.000000000000000000e+00 1.507987054080000278e-01 6.656084704426665777e-01 1.835869428906666267e-01 5.881258666666634949e-06
0.000000000000000000e+00 1.504248244906666587e-01 6.655566731946666037e-01 1.840121801386667422e-01 6.322176000000041907e-06
0.000000000000000000e+00 1.500515620693333718e-01 6.655036604586666016e-01 1.844379928746666952e-01 6.784597333333324172e-06
0.000000000000000000e+00 1.496789176319999470e-01 6.654494337706666762e-01 1.848643795626667419e-01 7.269034666666741515e-06
0.000000000000000000e+00 1.493068906666666640e-01 6.653939946666667105e-01 1.852913386666666939e-01 7.776000000000020079e-06
0.000000000000000000e+00 1.489354806613333582e-01 6.653373446826666981e-01 1.857188686506666409e-01 8.306005333333295969e-06
0.000000000000000000e+00 1.485646871039999206e-01 6.652794853546666332e-01 1.861469679786666998e-01 8.859562666666722232e-06
0.000000000000000000e+00 1.481945094826666309e-01 6.652204182186667314e-01 1.865756351146666547e-01 9.437183999999992822e-06
0.000000000000000000e+00 1.478249472853332414e-01 6.651601448106667647e-01 1.870048685226667340e-01 1.003938133333342850e-05
0.000000000000000000e+00 1.474559999999999760e-01 6.650986666666667269e-01 1.874346666666666661e-01 1.066666666666669442e-05
0.000000000000000000e+00 1.470876671146666703e-01 6.650359853226666118e-01 1.878650280106666237e-01 1.131955199999995548e-05
0.000000000000000000e+00 1.467199481173333264e-01 6.649721023146666354e-01 1.882959510186666963e-01 1.199854933333340371e-05
0.000000000000000000e+00 1.463528424960000296e-01 6.649070191786667916e-01 1.887274341546666678e-01 1.270417066666666020e-05
0.000000000000000000e+00 1.459863497386666153e-01 6.648407374506666301e-01 1.891594758826667388e-01 1.343692800000011856e-05
0.000000000000000000e+00 1.456204693333333355e-01 6.647732586666665888e-01 1.895920746666666934e-01 1.419733333333337280e-05
0.000000000000000000e+00 1.452552007680000257e-01 6.647045843626666617e-01 1.900252289706666764e-01 1.498589866666661830e-05
0.000000000000000000e+00 1.448905435306666045e-01 6.646347160746666205e-01 1.904589372586667495e-01 1.580313600000008776e-05
0.000000000000000000e+00 1.445264971093333239e-01 6.645636553386666812e-01 1.908931979946666690e-01 1.664955733333332941e-05
0.000000000000000000e+00 1.441630609919999639e-01 6.644914036906667265e-01 1.913280096426667465e-01 1.752567466666681142e-05
0.000000000000000000e+00 1.438002346666666653e-01 6.644179626666666394e-01 1.917633706666666826e-01 1.843200000000004646e-05
0.000000000000000000e+00 1.434380176213333746e-01 6.643433338026667467e-01 1.921992795306666502e-01 1.936904533333327907e-05
0.000000000000000000e+00 1.430764093440000106e-01 6.642675186346664873e-01 1.926357346986667107e-01 2.033732266666677410e-05
0.000000000000000000e+00 1.427154093226667142e-01 6.641905186986665210e-01 1.930727346346666762e-01 2.133734400000000019e-05
0.000000000000000000e+00 1.423550170453332375e-01 6.641123355306666198e-01 1.935102778026667469e-01 2.236962133333351358e-05
0.000000000000000000e+00 1.419952319999999713e-01 6.640329706666666665e-01 1.939483626666666793e-01 2.343466666666673209e-05
0.000000000000000000e+00 1.416360536746666676e-01 6.639524256426667659e-01 1.943869876906666461e-01 2.453299199999994090e-05
0.000000000000000000e+00 1.412774815573332732e-01 6.638707019946666898e-01 1.948261513386666810e-01 2.566510933333346586e-05
0.000000000000000000e+00 1.409195151359999565e-01 6.637878012586666543e-01 1.952658520746666793e-01 2.683153066666667057e-05
0.000000000000000000e+00 1.405621538986666086e-01 6.637037249706665420e-01 1.957060883626667580e-01 2.803276800000020614e-05
0.000000000000000000e+00 1.402053973333333148e-01 6.636184746666666801e-01 1.961468586666667013e-01 2.926933333333340908e-05
0.000000000000000000e+00 1.398492449280000216e-01 6.635320518826666181e-01 1.965881614506666542e-01 3.054173866666660183e-05
0.000000000000000000e+00 1.394936961706666756e-01 6.634444581546665720e-01 1.970299951786667059e-01 3.185049600000016106e-05
0.000000000000000000e+00 1.391387505493333621e-01 6.633556950186666468e-01 1.974723583146666961e-01 3.319611733333334875e-05
0.000000000000000000e+00 1.387844075519999720e-01 6.632657640106667252e-01 1.979152493226667142e-01 3.457911466666691762e-05
0.000000000000000000e+00 1.384306666666666741e-01 6.631746666666666901e-01 1.983586666666666831e-01 3.600000000000009578e-05
0.000000000000000000e+00 1.380775273813333592e-01 6.630824045226666463e-01 1.988026088106666089e-01 3.745928533333327005e-05
0.000000000000000000e+00 1.377249891839999185e-01 6.629889791146666989e-01 1.992470742186667476e-01 3.895748266666685435e-05
0.000000000000000000e+00 1.373730515626666038e-01 6.628943919786667305e-01 1.996920613546666889e-01 4.049510400000001580e-05
0.000000000000000000e+00 1.370217140053332505e-01 6.627986446506666240e-01 2.001375686826667444e-01 4.207266133333362911e-05
0.000000000000000000e+00 1.366709759999999441e-01 6.627017386666667065e-01 2.005835946666666980e-01 4.369066666666678684e-05
0.000000000000000000e+00 1.363208370346666587e-01 6.626036755626666386e-01 2.010301377706666115e-01 4.534963199999993681e-05
0.000000000000000000e+00 1.359712965973332854e-01 6.625044568746667473e-01 2.014771964586667408e-01 4.705006933333356071e-05
0.000000000000000000e+00 1.356223541760000206e-01 6.624040841386666933e-01 2.019247691946666756e-01 4.879249066666669688e-05
0.000000000000000000e+00 1.352740092586666165e-01 6.623025588906665817e-01 2.023728544426667553e-01 5.057740800000033526e-05
0.000000000000000000e+00 1.349262613333332972e-01 6.621998826666666282e-01 2.028214506666667361e-01 5.240533333333347352e-05
0.000000000000000000e+00 1.345791098880000092e-01 6.620960570026666048e-01 2.032705563306666796e-01 5.427677866666659337e-05
0.000000000000000000e+00 1.342325544106665880e-01 6.619910834346667272e-01 2.037201698986667309e-01 5.619225600000025782e-05
0.000000000000000000e+00 1.338865943893333132e-01 6.618849634986666564e-01 2.041702898346666739e-01 5.815227733333338324e-05
0.000000000000000000e+00 1.335412293119999372e-01 6.617776987306667191e-01 2.046209146026667647e-01 6.015735466666704764e-05
0.000000000000000000e+00 1.331964586666666561e-01 6.616692906666667984e-01 2.050720426666667040e-01 6.220800000000016063e-05
0.000000000000000000e+00 1.328522819413333611e-01 6.615597408426667769e-01 2.055236724906666645e-01 6.430472533333327165e-05
0.000000000000000000e+00 1.325086986239999987e-01 6.614490507946665376e-01 2.059758025386667357e-01 6.644804266666695051e-05
0.000000000000000000e+00 1.321657082026667096e-01 6.613372220586666295e-01 2.064284312746667016e-01 6.863846400000005936e-05
0.000000000000000000e+00 1.318233101653332462e-01 6.612242561706667132e-01 2.068815571626667349e-01 7.087650133333377785e-05
0.000000000000000000e+00 1.314815039999999435e-01 6.611101546666666717e-01 2.073351786666667029e-01 7.316266666666685974e-05
0.000000000000000000e+00 1.311402891946666649e-01 6.609949190826667209e-01 2.077892942506666674e-01 7.549747199999994258e-05
0.000000000000000000e+00 1.307996652373332458e-01 6.608785509546666326e-01 2.082439023786667176e-01 7.788142933333367746e-05
0.000000000000000000e+00 1.304596316159999658e-01 6.607610518186667337e-01 2.086990015146666655e-01 8.031505066666675037e-05
0.000000000000000000e+00 1.301201878186666050e-01 6.606424232106666850e-01 2.091545901226667392e-01 8.279884800000050359e-05
0.000000000000000000e+00 1.297813333333333041e-01 6.605226666666665913e-01 2.096106666666667506e-01 8.533333333333355535e-05
0.000000000000000000e+00 1.294430676480000098e-01 6.604017837226665577e-01 2.100672296106666781e-01 8.791901866666659740e-05
0.000000000000000000e+00 1.291053902506666407e-01 6.602797759146665779e-01 2.105242774186667498e-01 9.055641600000038927e-05
0.000000000000000000e+00 1.287683006293333376e-01 6.601566447786666458e-01 2.109818085546666944e-01 9.324603733333344075e-05
0.000000000000000000e+00 1.284317982719999640e-01 6.600323918506666443e-01 2.114398214826667122e-01 9.598839466666722966e-05
0.000000000000000000e+00 1.280958826666666606e-01 6.599070186666666782e-01 2.118983146666666983e-01 9.878400000000026580e-05
0.000000000000000000e+00 1.277605533013333738e-01 6.597805267626666303e-01 2.123572865706666313e-01 1.016333653333332816e-04
0.000000000000000000e+00 1.274258096639999116e-01 6.596529176746666057e-01 2.128167356586667391e-01 1.045370026666671043e-04
0.000000000000000000e+00 1.270916512426666090e-01 6.595241929386667090e-01 2.132766603946666950e-01 1.074954240000001218e-04
0.000000000000000000e+00 1.267580775253333292e-01 6.593943540906666012e-01 2.137370592426666438e-01 1.105091413333331206e-04
0.000000000000000000e+00 1.264250879999999355e-01 6.592634026666666092e-01 2.141979306666667304e-01 1.135786666666669824e-04
0.000000000000000000e+00 1.260926821546666521e-01 6.591313402026666157e-01 2.146592731306666557e-01 1.167045119999999728e-04
0.000000000000000000e+00 1.257608594773333144e-01 6.589981682346666148e-01 2.151210850986667311e-01 1.198871893333338274e-04
0.000000000000000000e+00 1.254296194560000077e-01 6.588638882986667111e-01 2.155833650346666852e-01 1.231272106666668118e-04
0.000000000000000000e+00 1.250989615786667064e-01 6.587285019306667877e-01 2.160461114026666074e-01 1.264250879999997805e-04
0.000000000000000000e+00 1.247688853333333014e-01 6.585920106666666163e-01 2.165093226666667259e-01 1.297813333333336827e-04
0.000000000000000000e+00 1.244393902080000031e-01 6.584544160426666348e-01 2.169729972906666582e-01 1.331964586666666353e-04
0.000000000000000000e+00 1.241104756906666051e-01 6.583157195946667262e-01 2.174371337386667435e-01 1.366709760000005768e-04
0.000000000000000000e+00 1.237821412693333040e-01 6.581759228586666621e-01 2.179017304746666828e-01 1.402053973333334885e-04
0.000000000000000000e+00 1.234543864320000045e-01 6.580350273706666586e-01 2.183667859626666208e-01 1.438002346666664415e-04
0.000000000000000000e+00 1.231272106666666394e-01 6.578930346666667095e-01 2.188322986666667025e-01 1.474560000000003717e-04
0.000000000000000000e+00 1.228006134613333494e-01 6.577499462826666976e-01 2.192982670506666842e-01 1.511732053333333416e-04
0.000000000000000000e+00 1.224745943039999979e-01 6.576057637546666168e-01 2.197646895786667387e-01 1.549523626666672897e-04
0.000000000000000000e+00 1.221491526826666979e-01 6.574604886186665720e-01 2.202315647146667055e-01 1.587939840000002244e-04
0.000000000000000000e+00 1.218242880853333959e-01 6.573141224106665570e-01 2.206988909226666740e-01 1.626985813333331086e-04
0.000000000000000000e+00 1.214999999999999414e-01 6.571666666666666767e-01 2.211666666666667336e-01 1.666666666666670948e-04
0.000000000000000000e+00 1.211762879146666555e-01 6.570181229226665920e-01 2.216348904106666684e-01 1.706987520000000016e-04
0.000000000000000000e+00 1.208531513173332489e-01 6.568684927146666297e-01 2.221035606186667344e-01 1.747953493333340386e-04
0.000000000000000000e+00 1.205305896959999457e-01 6.567177775786667837e-01 2.225726757546666879e-01 1.789569706666668889e-04
0.000000000000000000e+00 1.202086025386666646e-01 6.565659790506667148e-01 2.230422342826666182e-01 1.831841279999997865e-04
0.000000000000000000e+00 1.198871893333332966e-01 6.564130986666665279e-01 2.235122346666667259e-01 1.874773333333338567e-04
0.000000000000000000e+00 1.195663495680000105e-01 6.562591379626665500e-01 2.239826753706666562e-01 1.918370986666667014e-04
0.000000000000000000e+00 1.192460827306666415e-01 6.561040984746665528e-01 2.244535548586667484e-01 1.962639360000007470e-04
0.000000000000000000e+00 1.189263883093333446e-01 6.559479817386666411e-01 2.249248715946666755e-01 2.007583573333335952e-04
0.000000000000000000e+00 1.186072657920000523e-01 6.557907892906666980e-01 2.253966240426666379e-01 2.053208746666664258e-04
0.000000000000000000e+00 1.182887146666666417e-01 6.556325226666667172e-01 2.258688106666667250e-01 2.099520000000005811e-04
0.000000000000000000e+00 1.179707344213333370e-01 6.554731834026666926e-01 2.263414299306666655e-01 2.146522453333333646e-04
0.000000000000000000e+00 1.176533245439999043e-01 6.553127730346666180e-01 2.268144802986667430e-01 2.194221226666675281e-04
0.000000000000000000e+00 1.173364845226665953e-01 6.551512930986667094e-01 2.272879602346666861e-01 2.242621440000003481e-04
0.000000000000000000e+00 1.170202138453333013e-01 6.549887451306666275e-01 2.277618682026666674e-01 2.291728213333331398e-04
0.000000000000000000e+00 1.167045119999999409e-01 6.548251306666666993e-01 2.282362026666667487e-01 2.341546666666672726e-04
0.000000000000000000e+00 1.163893784746666549e-01 6.546604512426666966e-01 2.287109620906666585e-01 2.392081920000000501e-04
0.000000000000000000e+00 1.160748127573332927e-01 6.544947083946666133e-01 2.291861449386667360e-01 2.443339093333342783e-04
0.000000000000000000e+00 1.157608143359999953e-01 6.543279036586666653e-01 2.296617496746667098e-01 2.495323306666670168e-04
0.000000000000000000e+00 1.154473826986666951e-01 6.541600385706667353e-01 2.301377747626666415e-01 2.548039679999997706e-04
0.000000000000000000e+00 1.151345173333332972e-01 6.539911146666665953e-01 2.306142186666667593e-01 2.601493333333340175e-04
0.000000000000000000e+00 1.148222177279999978e-01 6.538211334826666832e-01 2.310910798506666808e-01 2.655689386666667900e-04
0.000000000000000000e+00 1.145104833706665909e-01 6.536500965546666597e-01 2.315683567786667729e-01 2.710632960000010296e-04
0.000000000000000000e+00 1.141993137493333005e-01 6.534780054186666298e-01 2.320460479146667088e-01 2.766329173333337689e-04
0.000000000000000000e+00 1.138887083519999899e-01 6.533048616106666984e-01 2.325241517226666332e-01 2.822783146666664315e-04
0.000000000000000000e+00 1.135786666666666472e-01 6.531306666666666372e-01 2.330026666666666912e-01 2.880000000000007662e-04
0.000000000000000000e+00 1.132691881813333440e-01 6.529554221226666622e-01 2.334815912106666669e-01 2.937984853333334805e-04
0.000000000000000000e+00 1.129602723839999850e-01 6.527791295146665451e-01 2.339609238186667883e-01 2.996742826666677867e-04
0.000000000000000000e+00 1.126519187626666973e-01 6.526017903786665020e-01 2.344406629546667009e-01 3.056279040000005006e-04
0.000000000000000000e+00 1.123441268053333858e-01 6.524234062506666376e-01 2.349208070826666606e-01 3.116598613333331543e-04
0.000000000000000000e+00 1.120368959999999414e-01 6.522439786666667239e-01 2.354013546666667012e-01 3.177706666666674966e-04
0.000000000000000000e+00 1.117302258346666438e-01 6.520635091626667545e-01 2.358823041706666901e-01 3.239608320000001264e-04
0.000000000000000000e+00 1.114241157973332452e-01 6.518819992746667236e-01 2.363636540586667723e-01 3.302308693333345815e-04
0.000000000000000000e+00 1.111185653759999559e-01 6.516994505386667358e-01 2.368454027946666762e-01 3.365812906666671898e-04
0.000000000000000000e+00 1.108135740586666390e-01 6.515158644906666741e-01 2.373275488426666580e-01 3.430126079999998084e-04
0.000000000000000000e+00 1.105091413333332967e-01 6.513312426666666433e-01 2.378100906666667236e-01 3.495253333333342947e-04
0.000000000000000000e+00 1.102052666879999865e-01 6.511455866026666373e-01 2.382930267306667127e-01 3.561199786666669224e-04
0.000000000000000000e+00 1.099019496106666410e-01 6.509588978346665389e-01 2.387763554986667702e-01 3.627970560000013376e-04
0.000000000000000000e+00 1.095991895893333318e-01 6.507711778986666751e-01 2.392600754346666803e-01 3.695570773333339224e-04
0.000000000000000000e+00 1.092969861120000330e-01 6.505824283306665956e-01 2.397441850026666432e-01 3.764005546666665341e-04
0.000000000000000000e+00 1.089953386666666357e-01 6.503926506666666274e-01 2.402286826666667208e-01 3.833280000000009757e-04
0.000000000000000000e+00 1.086942467413333224e-01 6.502018464426666533e-01 2.407135668906666970e-01 3.903399253333335751e-04
0.000000000000000000e+00 1.083937098239999008e-01 6.500100171946666672e-01 2.411988361386667723e-01 3.974368426666680869e-04
0.000000000000000000e+00 1.080937274026665951e-01 6.498171644586666629e-01 2.416844888746667308e-01 4.046192640000007305e-04
0.000000000000000000e+00 1.077942989653332961e-01 6.496232897706666343e-01 2.421705235626666619e-01 4.118877013333332548e-04
0.000000000000000000e+00 1.074954239999999506e-01 6.494283946666665752e-01 2.426569386666667383e-01 4.192426666666677882e-04
0.000000000000000000e+00 1.071971019946666437e-01 6.492324806826665906e-01 2.431437326506666885e-01 4.266846720000003331e-04
0.000000000000000000e+00 1.068993324373333498e-01 6.490355493546666743e-01 2.436309039786666297e-01 4.342142293333327470e-04
0.000000000000000000e+00 1.066021148159999876e-01 6.488376022186667091e-01 2.441184511146667069e-01 4.418318506666674291e-04
0.000000000000000000e+00 1.063054486186666703e-01 6.486386408106666890e-01 2.446063725226666763e-01 4.495380479999998942e-04
0.000000000000000000e+00 1.060093333333332888e-01 6.484386666666666077e-01 2.450946666666667662e-01 4.573333333333345473e-04
0.000000000000000000e+00 1.057137684479999978e-01 6.482376813226665702e-01 2.455833320106666773e-01 4.652182186666670659e-04
0.000000000000000000e+00 1.054187534506666746e-01 6.480356863146665702e-01 2.460723670186666656e-01 4.731932159999994699e-04
0.000000000000000000e+00 1.051242878293332933e-01 6.478326831786667128e-01 2.465617701546667373e-01 4.812588373333341585e-04
0.000000000000000000e+00 1.048303710719999948e-01 6.476286734506666587e-01 2.470515398826666487e-01 4.894155946666665924e-04
0.000000000000000000e+00 1.045370026666666424e-01 6.474236586666666238e-01 2.475416746666667112e-01 4.976640000000012850e-04
0.000000000000000000e+00 1.042441821013333353e-01 6.472176403626666019e-01 2.480321729706666811e-01 5.060045653333337511e-04
0.000000000000000000e+00 1.039519088640000338e-01 6.470106200746666980e-01 2.485230332586666202e-01 5.144378026666661732e-04
0.000000000000000000e+00 1.036601824426666846e-01 6.468025993386665728e-01 2.490142539946667011e-01 5.229642240000009507e-04
0.000000000000000000e+00 1.033690023253333728e-01 6.465935796906665534e-01 2.495058336426666801e-01 5.315843413333333272e-04
0.000000000000000000e+00 1.030783679999999342e-01 6.463835626666667444e-01 2.499977706666667576e-01 5.402986666666680874e-04
0.000000000000000000e+00 1.027882789546666481e-01 6.461725498026666958e-01 2.504900635306666623e-01 5.491077120000004749e-04
0.000000000000000000e+00 1.024987346773333363e-01 6.459605426346666235e-01 2.509827106986666778e-01 5.580119893333327806e-04
0.000000000000000000e+00 1.022097346559999315e-01 6.457475426986667433e-01 2.514757106346667270e-01 5.670120106666677292e-04
0.000000000000000000e+00 1.019212783786666437e-01 6.455335515306667160e-01 2.519690618026666495e-01 5.761082880000000222e-04
0.000000000000000000e+00 1.016333653333332809e-01 6.453185706666666466e-01 2.524627626666667846e-01 5.853013333333348779e-04
0.000000000000000000e+00 1.013459950079999838e-01 6.451026016426666398e-01 2.529568116906666941e-01 5.945916586666673232e-04
0.000000000000000000e+00 1.010591668906666851e-01 6.448856459946665787e-01 2.534512073386666620e-01 6.039797759999995406e-04
0.000000000000000000e+00 1.007728804693333174e-01 6.446677052586666790e-01 2.539459480746667497e-01 6.134661973333343631e-04
0.000000000000000000e+00 1.004871352320000216e-01 6.444487809706667125e-01 2.544410323626666859e-01 6.230514346666667092e-04
0.000000000000000000e+00 1.002019306666666332e-01 6.442288746666666732e-01 2.549364586666667543e-01 6.327360000000016886e-04
0.000000000000000000e+00 9.991726626133332068e-02 6.440079878826666659e-01 2.554322254506666834e-01 6.425204053333340029e-04
0.000000000000000000e+00 9.963314150400003066e-02 6.437861221546666846e-01 2.559283311786665904e-01 6.524051626666661600e-04
0.000000000000000000e+00 9.934955588266658477e-02 6.435632790186667229e-01 2.564247743146667591e-01 6.623907840000012098e-04
0.000000000000000000e+00 9.906650888533329036e-02 6.433394600106666639e-01 2.569215533226666959e-01 6.724777813333334200e-04
0.000000000000000000e+00 9.878399999999994130e-02 6.431146666666667233e-01 2.574186666666667400e-01 6.826666666666684428e-04
0.000000000000000000e+00 9.850202871466663679e-02 6.428889005226666731e-01 2.579161128106667311e-01 6.929579520000006543e-04
0.000000000000000000e+00 9.822059451733333724e-02 6.426621631146667291e-01 2.584138902186666198e-01 7.033521493333327792e-04
0.000000000000000000e+00 9.793969689599997530e-02 6.424344559786666631e-01 2.589119973546666897e-01 7.138497706666679758e-04
0.000000000000000000e+00 9.765933533866667793e-02 6.422057806506666910e-01 2.594104326826666695e-01 7.244513280000001868e-04
0.000000000000000000e+00 9.737950933333328063e-02 6.419761386666665848e-01 2.599091946666667874e-01 7.351573333333353893e-04
0.000000000000000000e+00 9.710021836799997974e-02 6.417455315626665602e-01 2.604082817706667163e-01 7.459682986666675260e-04
0.000000000000000000e+00 9.682146193066668016e-02 6.415139608746667221e-01 2.609076924586666291e-01 7.568847359999996468e-04
0.000000000000000000e+00 9.654323950933327292e-02 6.412814281386666204e-01 2.614074251946667538e-01 7.679071573333346931e-04
0.000000000000000000e+00 9.626555059199996822e-02 6.410479348906666930e-01 2.619074784426667080e-01 7.790360746666668244e-04
0.000000000000000000e+00 9.598839466666662934e-02 6.408134826666667117e-01 2.624078506666667754e-01 7.902720000000021264e-04
0.000000000000000000e+00 9.571177122133331383e-02 6.405780730026666703e-01 2.629085403306666846e-01 8.016154453333342164e-04
0.000000000000000000e+00 9.543567974400002374e-02 6.403417074346666737e-01 2.634095458986666083e-01 8.130669226666662527e-04
0.000000000000000000e+00 9.516011972266667784e-02 6.401043874986664939e-01 2.639108658346667191e-01 8.246269440000016104e-04
0.000000000000000000e+00 9.488509064533336146e-02 6.398661147306665686e-01 2.644124986026666901e-01 8.362960213333335818e-04
0.000000000000000000e+00 9.461059199999993785e-02 6.396268906666666698e-01 2.649144426666667496e-01 8.480746666666689028e-04
0.000000000000000000e+00 9.433662327466663111e-02 6.393867168426666803e-01 2.654166964906667370e-01 8.599633920000009741e-04
0.000000000000000000e+00 9.406318395733333226e-02 6.391455947946667049e-01 2.659192585386666585e-01 8.719627093333329540e-04
0.000000000000000000e+00 9.379027353599993233e-02 6.389035260586667375e-01 2.664221272746667424e-01 8.840731306666683260e-04
0.000000000000000000e+00 9.351789149866662765e-02 6.386605121706667720e-01 2.669253011626666616e-01 8.962951680000002738e-04
0.000000000000000000e+00 9.324603733333326760e-02 6.384165546666665803e-01 2.674287786666668110e-01 9.086293333333358589e-04
0.000000000000000000e+00 9.297471052799997915e-02 6.381716550826666001e-01 2.679325582506667525e-01 9.210761386666678312e-04
0.000000000000000000e+00 9.270391057066666718e-02 6.379258149546666035e-01 2.684366383786666588e-01 9.336360959999997827e-04
0.000000000000000000e+00 9.243363694933331987e-02 6.376790358186665841e-01 2.689410175146667581e-01 9.463097173333350886e-04
0.000000000000000000e+00 9.216388915200002252e-02 6.374313192106666470e-01 2.694456941226666680e-01 9.590975146666671494e-04
0.000000000000000000e+00 9.189466666666662453e-02 6.371826666666666750e-01 2.699506666666667276e-01 9.720000000000027012e-04
0.000000000000000000e+00 9.162596898133332224e-02 6.369330797226666618e-01 2.704559336106667211e-01 9.850176853333344942e-04
0.000000000000000000e+00 9.135779558400002054e-02 6.366825599146667125e-01 2.709614934186666546e-01 9.981510826666665538e-04
0.000000000000000000e+00 9.109014596266658270e-02 6.364311087786665988e-01 2.714673445546667563e-01 1.011400704000001930e-03
0.000000000000000000e+00 9.082301960533327445e-02 6.361787278506666476e-01 2.719734854826666992e-01 1.024767061333334024e-03
0.000000000000000000e+00 9.055641599999994518e-02 6.359254186666666309e-01 2.724799146666667671e-01 1.038250666666669462e-03
0.000000000000000000e+00 9.029033463466662468e-02 6.356711827626666533e-01 2.729866305706667440e-01 1.051852032000001212e-03
0.000000000000000000e+00 9.002477499733332889e-02 6.354160216746667089e-01 2.734936316586666361e-01 1.065571669333333082e-03
0.000000000000000000e+00 8.975973657599997657e-02 6.351599369386666805e-01 2.740009163946667825e-01 1.079410090666668882e-03
0.000000000000000000e+00 8.949521885866666693e-02 6.349029300906666728e-01 2.745084832426666899e-01 1.093367808000000711e-03
0.000000000000000000e+00 8.923122133333327710e-02 6.346450026666665689e-01 2.750163306666667529e-01 1.107445333333336281e-03
0.000000000000000000e+00 8.896774348799997567e-02 6.343861562026665846e-01 2.755244571306667556e-01 1.121643178666667908e-03
0.000000000000000000e+00 8.870478481066666754e-02 6.341263922346666027e-01 2.760328610986666487e-01 1.135961855999999834e-03
0.000000000000000000e+00 8.844234478933328536e-02 6.338657122986666170e-01 2.765415410346667713e-01 1.150401877333335652e-03
0.000000000000000000e+00 8.818042291199998384e-02 6.336041179306666216e-01 2.770504954026666855e-01 1.164963754666667461e-03
0.000000000000000000e+00 8.791901866666668175e-02 6.333416106666667211e-01 2.775597226666666195e-01 1.179647999999999071e-03
0.000000000000000000e+00 8.765813154133332563e-02 6.330781920426666876e-01 2.780692212906666905e-01 1.194455125333334939e-03
0.000000000000000000e+00 8.739776102400001467e-02 6.328138635946667367e-01 2.785789897386666825e-01 1.209385642666666733e-03
0.000000000000000000e+00 8.713790660266666765e-02 6.325486268586665295e-01 2.790890264746667682e-01 1.224440064000002380e-03
0.000000000000000000e+00 8.687856776533335601e-02 6.322824833706666148e-01 2.795993299626666762e-01 1.239618901333334198e-03
0.000000000000000000e+00 8.661974400000005403e-02 6.320154346666666534e-01 2.801098986666666346e-01 1.254922666666665560e-03
0.000000000000000000e+00 8.636143479466662498e-02 6.317474822826666392e-01 2.806207310506667607e-01 1.270351872000001795e-03
0.000000000000000000e+00 8.610363963733332071e-02 6.314786277546666771e-01 2.811318255786666720e-01 1.285907029333333267e-03
0.000000000000000000e+00 8.584635801599993510e-02 6.312088726186666499e-01 2.816431807146667632e-01 1.301588650666669206e-03
0.000000000000000000e+00 8.558958941866663672e-02 6.309382184106666625e-01 2.821547949226666518e-01 1.317397248000000843e-03
0.000000000000000000e+00 8.533333333333333048e-02 6.306666666666667087e-01 2.826666666666666217e-01 1.333333333333332421e-03
0.000000000000000000e+00 8.507758924799996292e-02 6.303942189226665604e-01 2.831787944106667343e-01 1.349397418666668184e-03
0.000000000000000000e+00 8.482235665066666097e-02 6.301208767146666556e-01 2.836911766186666628e-01 1.365590016000000012e-03
0.000000000000000000e+00 8.456763502933331567e-02 6.298466415786665440e-01 2.842038117546667464e-01 1.381911637333336053e-03
0.000000000000000000e+00 8.431342387200001232e-02 6.295715150506666635e-01 2.847166982826667136e-01 1.398362794666667755e-03
0.000000000000000000e+00 8.405972266666669745e-02 6.292954986666666750e-01 2.852298346666666817e-01 1.414943999999999360e-03
0.000000000000000000e+00 8.380653090133331762e-02 6.290185939626666833e-01 2.857432193706667123e-01 1.431655765333335112e-03
0.000000000000000000e+00 8.355384806400001363e-02 6.287408024746666824e-01 2.862568508586666449e-01 1.448498602666666675e-03
0.000000000000000000e+00 8.330167364266657937e-02 6.284621257386666660e-01 2.867707275946668188e-01 1.465473024000002846e-03
0.000000000000000000e+00 8.305000712533328056e-02 6.281825652906666280e-01 2.872848480426666851e-01 1.482579541333334206e-03
0.000000000000000000e+00 8.279884799999998046e-02 6.279021226666666733e-01 2.877992106666666938e-01 1.499818666666665650e-03
0.000000000000000000e+00 8.254819575466661175e-02 6.276207994026666848e-01 2.883138139306667402e-01 1.517190912000002286e-03
0.000000000000000000e+00 8.229804987733331523e-02 6.273385970346666562e-01 2.888286562986666639e-01 1.534696789333333611e-03
0.000000000000000000e+00 8.204840985599996805e-02 6.270555170986666926e-01 2.893437362346667485e-01 1.552336810666669941e-03
0.000000000000000000e+00 8.179927517866665554e-02 6.267715611306666768e-01 2.898590522026667227e-01 1.570111488000001205e-03
0.000000000000000000e+00 8.155064533333335197e-02 6.264867306666667135e-01 2.903746026666665925e-01 1.588021333333332515e-03
0.000000000000000000e+00 8.130251980799997613e-02 6.262010272426665747e-01 2.908903860906666972e-01 1.606066858666668762e-03
0.000000000000000000e+00 8.105489809066666884e-02 6.259144523946665872e-01 2.914064009386666543e-01 1.624248576000000095e-03
0.000000000000000000e+00 8.080777966933326562e-02 6.256270076586666340e-01 2.919226456746667475e-01 1.642566997333336828e-03
0.000000000000000000e+00 8.056116403199996279e-02 6.253386945706667088e-01 2.924391187626667055e-01 1.661022634666668241e-03
0.000000000000000000e+00 8.031505066666666526e-02 6.250495146666666946e-01 2.929558186666666453e-01 1.679615999999999445e-03
0.000000000000000000e+00 8.006943906133331956e-02 6.247594694826666961e-01 2.934727438506666841e-01 1.698347605333335765e-03
0.000000000000000000e+00 7.982432870400001101e-02 6.244685605546667073e-01 2.939898927786666616e-01 1.717217962666666917e-03
0.000000000000000000e+00 7.957971908266665839e-02 6.241767894186665000e-01 2.945072639146668059e-01 1.736227584000003430e-03
0.000000000000000000e+00 7.933560968533334701e-02 6.238841576106665121e-01 2.950248557226667345e-01 1.755376981333334587e-03
0.000000000000000000e+00 7.909200000000003727e-02 6.235906666666666265e-01 2.955426666666666757e-01 1.774666666666665929e-03
0.000000000000000000e+00 7.884888951466662022e-02 6.232963181226667260e-01 2.960606952106667467e-01 1.794097152000002785e-03
0.000000000000000000e+00 7.860627771733331992e-02 6.230011135146666934e-01 2.965789398186666759e-01 1.813668949333333783e-03
0.000000000000000000e+00 7.836416409599993027e-02 6.227050543786667447e-01 2.970973989546668026e-01 1.833382570666670540e-03
0.000000000000000000e+00 7.812254813866661984e-02 6.224081422506667627e-01 2.976160710826666889e-01 1.853238528000001467e-03
0.000000000000000000e+00 7.788142933333332130e-02 6.221103786666667412e-01 2.981349546666666184e-01 1.873237333333332760e-03
0.000000000000000000e+00 7.764080716799996729e-02 6.218117651626665632e-01 2.986540481706667083e-01 1.893379498666669528e-03
0.000000000000000000e+00 7.740068113066667088e-02 6.215123032746665555e-01 2.991733500586666872e-01 1.913665536000000401e-03
0.000000000000000000e+00 7.716105070933329535e-02 6.212119945386666009e-01 2.996928587946667832e-01 1.934095957333337645e-03
0.000000000000000000e+00 7.692191539200000927e-02 6.209108404906666934e-01 3.002125728426666695e-01 1.954671274666668589e-03
0.000000000000000000e+00 7.668327466666670367e-02 6.206088426666667157e-01 3.007324906666666298e-01 1.975391999999999426e-03
0.000000000000000000e+00 7.644512802133331120e-02 6.203060026026666618e-01 3.012526107306666701e-01 1.996258645333336135e-03
0.000000000000000000e+00 7.620747494400000044e-02 6.200023218346666365e-01 3.017729314986666300e-01 2.017271722666667561e-03
0.000000000000000000e+00 7.597031492266657915e-02 6.196978018986665226e-01 3.022934514346667934e-01 2.038431744000004237e-03
0.000000000000000000e+00 7.573364744533328530e-02 6.193924443306666472e-01 3.028141690026667221e-01 2.059739221333335008e-03
0.000000000000000000e+00 7.549747199999996827e-02 6.190862506666666709e-01 3.033350826666666444e-01 2.081194666666666068e-03
0.000000000000000000e+00 7.526178807466663012e-02 6.187792224426665877e-01 3.038561908906667330e-01 2.102798592000003613e-03
0.000000000000000000e+00 7.502659515733331452e-02 6.184713611946666134e-01 3.043774921386667165e-01 2.124551509333334320e-03
0.000000000000000000e+00 7.479189273599996801e-02 6.181626684586666309e-01 3.048989848746667120e-01 2.146453930666671322e-03
0.000000000000000000e+00 7.455768029866664814e-02 6.178531457706666341e-01 3.054206675626667256e-01 2.168506368000002165e-03
0.000000000000000000e+00 7.432395733333334309e-02 6.175427946666667278e-01 3.059425386666666524e-01 2.190709333333333043e-03
0.000000000000000000e+00 7.409072332799995775e-02 6.172316166826665729e-01 3.064645966506667762e-01 2.213063338666670151e-03
0.000000000000000000e+00 7.385797777066666070e-02 6.169196133546666072e-01 3.069868399786666591e-01 2.235568896000000600e-03
0.000000000000000000e+00 7.362572014933327358e-02 6.166067862186666027e-01 3.075092671146668066e-01 2.258226517333338391e-03
0.000000000000000000e+00 7.339394995199996496e-02 6.162931368106666641e-01 3.080318765226667255e-01 2.281036714666669334e-03
0.000000000000000000e+00 7.316266666666665364e-02 6.159786666666666743e-01 3.085546666666666993e-01 2.304000000000000058e-03
0.000000000000000000e+00 7.293186978133330001e-02 6.156633773226666273e-01 3.090776360106667342e-01 2.327116885333336757e-03
0.000000000000000000e+00 7.270155878400000327e-02 6.153472703146667389e-01 3.096007830186666698e-01 2.350387882666667844e-03
0.000000000000000000e+00 7.247173316266669607e-02 6.150303471786666698e-01 3.101241061546666233e-01 2.373813503999998645e-03
0.000000000000000000e+00 7.224239240533333883e-02 6.147126094506665250e-01 3.106476038826667119e-01 2.397394261333335354e-03
0.000000000000000000e+00 7.201353600000004462e-02 6.143940586666665205e-01 3.111712746666666640e-01 2.421130666666666386e-03
0.000000000000000000e+00 7.178516343466662120e-02 6.140746963626666499e-01 3.116951169706667635e-01 2.445023232000004005e-03
0.000000000000000000e+00 7.155727419733332040e-02 6.137545240746666853e-01 3.122191292586666833e-01 2.469072469333334890e-03
0.000000000000000000e+00 7.132986777599999162e-02 6.134335433386667313e-01 3.127433099946666517e-01 2.493278890666665235e-03
0.000000000000000000e+00 7.110294365866662303e-02 6.131117556906666710e-01 3.132676576426667303e-01 2.517643008000002534e-03
0.000000000000000000e+00 7.087650133333331381e-02 6.127891626666667202e-01 3.137921706666666477e-01 2.542165333333333034e-03
0.000000000000000000e+00 7.065054028799996888e-02 6.124657658026665397e-01 3.143168475306667986e-01 2.566846378666670734e-03
0.000000000000000000e+00 7.042506001066665966e-02 6.121415666346665674e-01 3.148416866986666895e-01 2.591686656000001011e-03
0.000000000000000000e+00 7.020005998933334657e-02 6.118165666986665752e-01 3.153666866346666597e-01 2.616686677333331795e-03
0.000000000000000000e+00 6.997553971200000389e-02 6.114907675306666679e-01 3.158918458026667153e-01 2.641846954666669713e-03
0.000000000000000000e+00 6.975149866666668919e-02 6.111641706666666174e-01 3.164171626666666959e-01 2.667168000000000577e-03
0.000000000000000000e+00 6.952793634133330736e-02 6.108367776426666396e-01 3.169426356906667186e-01 2.692650325333337518e-03
0.000000000000000000e+00 6.930485222399998535e-02 6.105085899946667283e-01 3.174682633386667341e-01 2.718294442666668517e-03
0.000000000000000000e+00 6.908224580266669745e-02 6.101796092586666553e-01 3.179940440746666375e-01 2.744100863999998467e-03
0.000000000000000000e+00 6.886011656533327918e-02 6.098498369706666367e-01 3.185199763626667124e-01 2.770070101333336598e-03
0.000000000000000000e+00 6.863846399999996850e-02 6.095192746666666661e-01 3.190460586666666876e-01 2.796202666666666552e-03
0.000000000000000000e+00 6.841728759466661480e-02 6.091879238826666265e-01 3.195722894506667910e-01 2.822499072000004931e-03
0.000000000000000000e+00 6.819658683733331728e-02 6.088557861546666228e-01 3.200986671786666959e-01 2.848959829333335379e-03
0.000000000000000000e+00 6.797636121600000858e-02 6.085228630186666487e-01 3.206251903146666304e-01 2.875585450666665391e-03
0.000000000000000000e+00 6.775661021866664913e-02 6.081891560106666983e-01 3.211518573226667117e-01 2.902376448000002895e-03
0.000000000000000000e+00 6.753733333333333810e-02 6.078546666666666543e-01 3.216786666666666683e-01 2.929333333333333702e-03
0.000000000000000000e+00 6.731853004799996654e-02 6.075193965226665105e-01 3.222056168106667839e-01 2.956456618666671379e-03
0.000000000000000000e+00 6.710019985066664749e-02 6.071833471146665939e-01 3.227327062186667317e-01 2.983746816000001738e-03
0.000000000000000000e+00 6.688234222933334139e-02 6.068465199786666764e-01 3.232599333546666842e-01 3.011204437333332273e-03
0.000000000000000000e+00 6.666495667199996700e-02 6.065089166506666407e-01 3.237872966826667587e-01 3.038829994666670479e-03
0.000000000000000000e+00 6.644804266666665127e-02 6.061705386666667028e-01 3.243147946666666837e-01 3.066624000000000867e-03
0.000000000000000000e+00 6.623159970133331298e-02 6.058313875626666345e-01 3.248424257706666873e-01 3.094586965333338303e-03
0.000000000000000000e+00 6.601562726399999581e-02 6.054914648746666517e-01 3.253701884586666648e-01 3.122719402666668601e-03
0.000000000000000000e+00 6.580012484266668793e-02 6.051507721386667482e-01 3.258980811946666223e-01 3.151021823999998819e-03
0.000000000000000000e+00 6.558509192533333587e-02 6.048093108906664739e-01 3.264261024426666769e-01 3.179494741333336889e-03
0.000000000000000000e+00 6.537052800000002495e-02 6.044670826666665997e-01 3.269542506666667236e-01 3.208138666666667319e-03
0.000000000000000000e+00 6.515643255466661843e-02 6.041240890026666754e-01 3.274825243306667133e-01 3.236954112000005844e-03
0.000000000000000000e+00 6.494280507733329877e-02 6.037803314346665839e-01 3.280109218986667630e-01 3.265941589333336108e-03
0.000000000000000000e+00 6.472964505599999863e-02 6.034358114986666521e-01 3.285394418346666567e-01 3.295101610666666039e-03
0.000000000000000000e+00 6.451695197866662290e-02 6.030905307306666518e-01 3.290680826026666783e-01 3.324434688000003999e-03
0.000000000000000000e+00 6.430472533333331242e-02 6.027444906666667990e-01 3.295968426666666673e-01 3.353941333333334066e-03
0.000000000000000000e+00 6.409296460799995820e-02 6.023976928426665323e-01 3.301257204906667408e-01 3.383622058666672407e-03
0.000000000000000000e+00 6.388166929066665944e-02 6.020501387946666227e-01 3.306547145386667386e-01 3.413477376000002665e-03
0.000000000000000000e+00 6.367083886933334880e-02 6.017018300586666202e-01 3.311838232746666111e-01 3.443507797333332336e-03
0.000000000000000000e+00 6.346047283199998668e-02 6.013527681706666295e-01 3.317130451626667531e-01 3.473713834666671083e-03
0.000000000000000000e+00 6.325057066666668615e-02 6.010029546666666445e-01 3.322423786666666712e-01 3.504096000000000814e-03
0.000000000000000000e+00 6.304113186133329660e-02 6.006523910826666590e-01 3.327718222506667600e-01 3.534654805333339433e-03
0.000000000000000000e+00 6.283215590400000050e-02 6.003010789546666670e-01 3.333013743786666372e-01 3.565390762666669280e-03
0.000000000000000000e+00 6.262364228266668886e-02 5.999490198186667733e-01 3.338310335146666419e-01 3.596304383999999153e-03
0.000000000000000000e+00 6.241559048533326659e-02 5.995962152106666387e-01 3.343607981226667247e-01 3.627396181333337414e-03
0.000000000000000000e+00 6.220799999999996471e-02 5.992426666666665902e-01 3.348906666666666698e-01 3.658666666666667271e-03
0.000000000000000000e+00 6.200087031466661874e-02 5.988883757226666216e-01 3.354206376106667609e-01 3.690116352000006629e-03
0.000000000000000000e+00 6.179420091733330012e-02 5.985333439146666157e-01 3.359507094186667264e-01 3.721745749333336527e-03
0.000000000000000000e+00 6.158799129599999700e-02 5.981775727786666774e-01 3.364808805546666282e-01 3.753555370666666197e-03
0.000000000000000000e+00 6.138224093866664899e-02 5.978210638506666896e-01 3.370111494826667498e-01 3.785545728000004433e-03
0.000000000000000000e+00 6.117694933333334140e-02 5.974638186666667572e-01 3.375415146666666533e-01 3.817717333333334444e-03
0.000000000000000000e+00 6.097211596799996525e-02 5.971058387626665409e-01 3.380719745706667334e-01 3.850070698666673268e-03
0.000000000000000000e+00 6.076774033066665442e-02 5.967471256746665897e-01 3.386025276586667188e-01 3.882606336000003246e-03
0.000000000000000000e+00 6.056382190933334159e-02 5.963876809386665645e-01 3.391331723946666710e-01 3.915324757333332739e-03
0.000000000000000000e+00 6.036036019199995939e-02 5.960275060906665701e-01 3.396639072426667072e-01 3.948226474666672280e-03
0.000000000000000000e+00 6.015735466666664866e-02 5.956666026666667113e-01 3.401947306666666671e-01 3.981312000000001607e-03
0.000000000000000000e+00 5.995480482133329347e-02 5.953049722026666490e-01 3.407256411306667787e-01 4.014581845333340358e-03
0.000000000000000000e+00 5.975271014399999303e-02 5.949426162346667102e-01 3.412566370986667152e-01 4.048036522666670009e-03
0.000000000000000000e+00 5.955107012266667998e-02 5.945795362986667776e-01 3.417877170346666493e-01 4.081676543999999789e-03
0.000000000000000000e+00 5.934988424533333556e-02 5.942157339306665120e-01 3.423188794026667536e-01 4.115502421333338059e-03
0.000000000000000000e+00 5.914915200000001733e-02 5.938512106666665735e-01 3.428501226666667012e-01 4.149514666666668031e-03
0.000000000000000000e+00 5.894887287466661629e-02 5.934859680426666229e-01 3.433814452906667758e-01 4.183713792000007606e-03
0.000000000000000000e+00 5.874904635733330105e-02 5.931200075946666539e-01 3.439128457386667059e-01 4.218100309333337392e-03
0.000000000000000000e+00 5.854967193599999037e-02 5.927533308586666605e-01 3.444443224746666643e-01 4.252674730666666618e-03
0.000000000000000000e+00 5.835074909866661691e-02 5.923859393706667475e-01 3.449758739626667681e-01 4.287437568000005382e-03
0.000000000000000000e+00 5.815227733333330762e-02 5.920178346666666869e-01 3.455074986666666903e-01 4.322389333333335158e-03
0.000000000000000000e+00 5.795425612799999515e-02 5.916490182826668054e-01 3.460391950506666037e-01 4.357530538666664309e-03
0.000000000000000000e+00 5.775668497066664686e-02 5.912794917546665419e-01 3.465709615786667364e-01 4.392861696000003799e-03
0.000000000000000000e+00 5.755956334933333418e-02 5.909092566186666673e-01 3.471027967146667059e-01 4.428383317333332500e-03
0.000000000000000000e+00 5.736289075199998977e-02 5.905383144106666204e-01 3.476346989226667406e-01 4.464095914666672653e-03
0.000000000000000000e+00 5.716666666666667118e-02 5.901666666666666172e-01 3.481666666666666798e-01 4.500000000000002262e-03
0.000000000000000000e+00 5.697089058133336659e-02 5.897943149226666515e-01 3.486986984106666410e-01 4.536096085333331425e-03
0.000000000000000000e+00 5.677556198399998783e-02 5.894212607146667171e-01 3.492307926186667411e-01 4.572384682666671106e-03
0.000000000000000000e+00 5.658068036266667572e-02 5.890475055786666969e-01 3.497629477546665977e-01 4.608866304000000177e-03
0.000000000000000000e+00 5.638624520533327966e-02 5.886730510506665848e-01 3.502951622826667721e-01 4.645541461333339145e-03
0.000000000000000000e+00 5.619225599999996129e-02 5.882978986666665966e-01 3.508274346666667154e-01 4.682410666666668615e-03
0.000000000000000000e+00 5.599871223466665326e-02 5.879220499626667262e-01 3.513597633706666556e-01 4.719474431999997818e-03
0.000000000000000000e+00 5.580561339733330212e-02 5.875455064746666345e-01 3.518921468586667101e-01 4.756733269333338586e-03
0.000000000000000000e+00 5.561295897599999316e-02 5.871682697386666483e-01 3.524245835946666627e-01 4.794187690666667188e-03
0.000000000000000000e+00 5.542074845866664518e-02 5.867903412906666505e-01 3.529570720426667974e-01 4.831838208000006733e-03
0.000000000000000000e+00 5.522898133333332960e-02 5.864117226666666349e-01 3.534896106666666760e-01 4.869685333333336093e-03
0.000000000000000000e+00 5.503765708800001377e-02 5.860324154026667065e-01 3.540221979306665823e-01 4.907729578666664497e-03
0.000000000000000000e+00 5.484677521066664424e-02 5.856524210346665260e-01 3.545548322986667444e-01 4.945971456000004644e-03
0.000000000000000000e+00 5.465633518933333407e-02 5.852717410986665314e-01 3.550875122346666690e-01 4.984411477333333673e-03
0.000000000000000000e+00 5.446633651199996040e-02 5.848903771306666055e-01 3.556202362026668062e-01 5.023050154666673824e-03
0.000000000000000000e+00 5.427677866666664325e-02 5.845083306666667422e-01 3.561530026666667181e-01 5.061888000000002233e-03
0.000000000000000000e+00 5.408766114133332914e-02 5.841256032426666023e-01 3.566858100906666329e-01 5.100925525333331600e-03
0.000000000000000000e+00 5.389898342399997849e-02 5.837421963946666237e-01 3.572186569386667232e-01 5.140163242666672024e-03
0.000000000000000000e+00 5.371074500266666968e-02 5.833581116586666893e-01 3.577515416746666621e-01 5.179601664000000640e-03
0.000000000000000000e+00 5.352294536533332842e-02 5.829733505706664598e-01 3.582844627626667888e-01 5.219241301333340556e-03
0.000000000000000000e+00 5.333558400000001226e-02 5.825879146666665953e-01 3.588174186666667209e-01 5.259082666666669778e-03
0.000000000000000000e+00 5.314866039466670244e-02 5.822018054826666456e-01 3.593504078506666866e-01 5.299126271999998403e-03
0.000000000000000000e+00 5.296217403733330387e-02 5.818150245546667154e-01 3.598834287786667474e-01 5.339372629333339129e-03
0.000000000000000000e+00 5.277612441599998511e-02 5.814275734186666877e-01 3.604164799146666320e-01 5.379822250666667360e-03
0.000000000000000000e+00 5.259051101866661637e-02 5.810394536106666674e-01 3.609495597226667352e-01 5.420475648000007939e-03
0.000000000000000000e+00 5.240533333333330379e-02 5.806506666666666483e-01 3.614826666666667299e-01 5.461333333333337134e-03
0.000000000000000000e+00 5.222059084799999390e-02 5.802612141226667353e-01 3.620157992106666223e-01 5.502395818666665044e-03
0.000000000000000000e+00 5.203628305066664017e-02 5.798710975146665891e-01 3.625489558186667516e-01 5.543663616000005234e-03
0.000000000000000000e+00 5.185240942933332792e-02 5.794803183786665368e-01 3.630821349546666799e-01 5.585137237333333976e-03
0.000000000000000000e+00 5.166896947199998286e-02 5.790888782506665722e-01 3.636153350826667463e-01 5.626817194666675244e-03
0.000000000000000000e+00 5.148596266666666948e-02 5.786967786666665781e-01 3.641485546666666795e-01 5.668704000000003573e-03
0.000000000000000000e+00 5.130338850133335515e-02 5.783040211626666594e-01 3.646817921706666521e-01 5.710798165333332531e-03
0.000000000000000000e+00 5.112124646399997946e-02 5.779106072746666989e-01 3.652150460586667258e-01 5.753100202666672214e-03
0.000000000000000000e+00 5.093953604266666935e-02 5.775165385386666905e-01 3.657483147946666291e-01 5.795610624000001494e-03
0.000000000000000000e+00 5.075825672533327421e-02 5.771218164906665171e-01 3.662815968426667568e-01 5.838329941333341745e-03
0.000000000000000000e+00 5.057740799999996262e-02 5.767264426666666166e-01 3.668148906666667264e-01 5.881258666666670104e-03
0.000000000000000000e+00 5.039698935466664642e-02 5.763304186026666498e-01 3.673481947306666551e-01 5.924397311999998403e-03
0.000000000000000000e+00 5.021700027733329991e-02 5.759337458346666105e-01 3.678815074986667710e-01 5.967746389333340208e-03
0.000000000000000000e+00 5.003744025599998757e-02 5.755364258986666037e-01 3.684148274346666918e-01 6.011306410666668321e-03
0.000000000000000000e+00 4.985830877866663513e-02 5.751384603306666232e-01 3.689481530026667566e-01 6.055077888000008450e-03
0.000000000000000000e+00 4.967960533333332790e-02 5.747398506666666629e-01 3.694814826666666385e-01 6.099061333333336866e-03
0.000000000000000000e+00 4.950132940800001241e-02 5.743405984426667166e-01 3.700148148906666767e-01 6.143257258666666269e-03
0.000000000000000000e+00 4.932348049066664214e-02 5.739407051946665561e-01 3.705481481386667664e-01 6.187666176000005888e-03
0.000000000000000000e+00 4.914605806933333015e-02 5.735401724586666194e-01 3.710814808746666915e-01 6.232288597333334595e-03
0.000000000000000000e+00 4.896906163199996054e-02 5.731390017706665674e-01 3.716148115626667914e-01 6.277125034666675499e-03
0.000000000000000000e+00 4.879249066666663942e-02 5.727371946666667268e-01 3.721481386666667390e-01 6.322176000000004868e-03
0.000000000000000000e+00 4.861634466133333415e-02 5.723347526826666476e-01 3.726814606506666516e-01 6.367442005333332801e-03
0.000000000000000000e+00 4.844062310399998433e-02 5.719316773546666566e-01 3.732147759786667574e-01 6.412923562666673731e-03
0.000000000000000000e+00 4.826532548266666833e-02 5.715279702186666366e-01 3.737480831146666738e-01 6.458621184000002194e-03
0.000000000000000000e+00 4.809045128533331881e-02 5.711236328106664706e-01 3.742813805226667401e-01 6.504535381333343032e-03
0.000000000000000000e+00 4.791600000000000720e-02 5.707186666666665964e-01 3.748146666666667404e-01 6.550666666666670780e-03
0.000000000000000000e+00 4.774197111466669391e-02 5.703130733226665638e-01 3.753479400106666253e-01 6.597015551999999006e-03
0.000000000000000000e+00 4.756836411733329772e-02 5.699068543146665888e-01 3.758811990186667340e-01 6.643582549333340408e-03
0.000000000000000000e+00 4.739517849599998028e-02 5.695000111786665542e-01 3.764144421546666841e-01 6.690368170666668654e-03
0.000000000000000000e+00 4.722241373866661179e-02 5.690925454506665648e-01 3.769476678826667593e-01 6.737372928000009455e-03
0.000000000000000000e+00 4.705006933333329838e-02 5.686844586666666146e-01 3.774808746666666881e-01 6.784597333333338212e-03
0.000000000000000000e+00 4.687814476799998659e-02 5.682757523626666973e-01 3.780140609706666432e-01 6.832041898666666759e-03
0.000000000000000000e+00 4.670663953066664376e-02 5.678664280746665849e-01 3.785472252586667974e-01 6.879707136000007793e-03
0.000000000000000000e+00 4.653555310933332745e-02 5.674564873386666042e-01 3.790803659946667126e-01 6.927593557333334984e-03
0.000000000000000000e+00 4.636488499199997726e-02 5.670459316906666380e-01 3.796134816426667835e-01 6.975701674666677510e-03
0.000000000000000000e+00 4.619463466666666462e-02 5.666347626666665693e-01 3.801465706666667388e-01 7.024032000000005570e-03
0.000000000000000000e+00 4.602480162133334995e-02 5.662229818026666139e-01 3.806796315306666401e-01 7.072585045333333598e-03
0.000000000000000000e+00 4.585538534399997979e-02 5.658105906346666547e-01 3.812126626986667155e-01 7.121361322666674293e-03
0.000000000000000000e+00 4.568638532266666719e-02 5.653975906986666855e-01 3.817456626346666937e-01 7.170361344000002191e-03
0.000000000000000000e+00 4.551780104533335175e-02 5.649839835306667002e-01 3.822786298026666363e-01 7.219585621333330858e-03
0.000000000000000000e+00 4.534963199999995920e-02 5.645697706666665816e-01 3.828115626666667159e-01 7.269034666666672126e-03
0.000000000000000000e+00 4.518187767466664423e-02 5.641549536426666567e-01 3.833444596906667168e-01 7.318708991999999663e-03
0.000000000000000000e+00 4.501453755733329787e-02 5.637395339946665862e-01 3.838773193386667559e-01 7.368609109333342649e-03
0.000000000000000000e+00 4.484761113599998461e-02 5.633235132586666971e-01 3.844101400746666730e-01 7.418735530666669548e-03
0.000000000000000000e+00 4.468109789866666487e-02 5.629068929706666502e-01 3.849429203626666407e-01 7.469088767999998262e-03
0.000000000000000000e+00 4.451499733333331987e-02 5.624896746666666614e-01 3.854756586666666651e-01 7.519669333333339756e-03
0.000000000000000000e+00 4.434930892800000718e-02 5.620718598826667245e-01 3.860083534506666969e-01 7.570477738666667698e-03
0.000000000000000000e+00 4.418403217066663863e-02 5.616534501546666114e-01 3.865410031786667422e-01 7.621514496000007799e-03
0.000000000000000000e+00 4.401916654933332035e-02 5.612344470186665379e-01 3.870736063146667516e-01 7.672780117333337195e-03
0.000000000000000000e+00 4.385471155200000581e-02 5.608148520106666091e-01 3.876061613226666758e-01 7.724275114666663382e-03
0.000000000000000000e+00 4.369066666666663462e-02 5.603946666666665966e-01 3.881386666666667429e-01 7.776000000000006865e-03
0.000000000000000000e+00 4.352703138133332678e-02 5.599738925226667163e-01 3.886711208106666815e-01 7.827955285333334373e-03
0.000000000000000000e+00 4.336380518399998024e-02 5.595525311146667402e-01 3.892035222186667198e-01 7.880141482666675953e-03
0.000000000000000000e+00 4.320098756266665951e-02 5.591305839786666620e-01 3.897358693546666419e-01 7.932559104000003539e-03
0.000000000000000000e+00 4.303857800533334582e-02 5.587080526506666978e-01 3.902681606826666760e-01 7.985208661333332431e-03
0.000000000000000000e+00 4.287657599999999958e-02 5.582849386666666192e-01 3.908003946666667727e-01 8.038090666666674461e-03
0.000000000000000000e+00 4.271498103466669222e-02 5.578612435626666421e-01 3.913325697706667161e-01 8.091205631999999828e-03
0.000000000000000000e+00 4.255379259733330088e-02 5.574369688746665386e-01 3.918646844586667899e-01 8.144554069333344651e-03
0.000000000000000000e+00 4.239301017599998028e-02 5.570121161386666353e-01 3.923967371946666671e-01 8.198136490666672188e-03
0.000000000000000000e+00 4.223263325866666307e-02 5.565866868906667042e-01 3.929287264426666870e-01 8.251953407999999476e-03
0.000000000000000000e+00 4.207266133333330271e-02 5.561606826666667391e-01 3.934606506666666892e-01 8.306005333333340082e-03
0.000000000000000000e+00 4.191309388799997759e-02 5.557341050026667340e-01 3.939925083306666798e-01 8.360292778666667673e-03
0.000000000000000000e+00 4.175393041066663424e-02 5.553069554346665715e-01 3.945242978986667759e-01 8.414816256000009695e-03
0.000000000000000000e+00 4.159517038933332328e-02 5.548792354986665787e-01 3.950560178346667617e-01 8.469576277333336345e-03
0.000000000000000000e+00 4.143681331200000512e-02 5.544509467306666384e-01 3.955876666026666433e-01 8.524573354666664660e-03
0.000000000000000000e+00 4.127885866666666098e-02 5.540220906666666334e-01 3.961192426666667599e-01 8.579808000000008206e-03
0.000000000000000000e+00 4.112130594133334149e-02 5.535926688426666686e-01 3.966507444906666735e-01 8.635280725333335447e-03
0.000000000000000000e+00 4.096415462399997931e-02 5.531626827946666269e-01 3.971821705386667789e-01 8.690992042666677297e-03
0.000000000000000000e+00 4.080740420266665974e-02 5.527321340586666132e-01 3.977135192746666381e-01 8.746942464000005690e-03
0.000000000000000000e+00 4.065105416533334320e-02 5.523010241706667323e-01 3.982447891626666459e-01 8.803132501333332458e-03
0.000000000000000000e+00 4.049510399999995541e-02 5.518693546666666450e-01 3.987759786666667527e-01 8.859562666666674635e-03
0.000000000000000000e+00 4.033955319466664413e-02 5.514371270826665672e-01 3.993070862506666874e-01 8.916233472000002422e-03
0.000000000000000000e+00 4.018440123733329344e-02 5.510043429546666038e-01 3.998381103786667334e-01 8.973145429333343262e-03
0.000000000000000000e+00 4.002964761599998172e-02 5.505710038186666377e-01 4.003690495146666750e-01 9.030299050666670824e-03
0.000000000000000000e+00 3.987529181866666245e-02 5.501371112106666628e-01 4.008999021226666848e-01 9.087694847999998674e-03
0.000000000000000000e+00 3.972133333333331684e-02 5.497026666666666728e-01 4.014306666666667134e-01 9.145333333333342113e-03
0.000000000000000000e+00 3.956777164800000246e-02 5.492676717226666616e-01 4.019613416106666559e-01 9.203215018666667871e-03
0.000000000000000000e+00 3.941460625066663809e-02 5.488321279146665121e-01 4.024919254186667406e-01 9.261340416000012066e-03
0.000000000000000000e+00 3.926183662933331597e-02 5.483960367786665513e-01 4.030224165546667514e-01 9.319710037333339692e-03
0.000000000000000000e+00 3.910946227200000347e-02 5.479593998506666619e-01 4.035528134826666391e-01 9.378324394666666050e-03
0.000000000000000000e+00 3.895748266666663323e-02 5.475222186666666158e-01 4.040831146666666873e-01 9.437184000000008177e-03
0.000000000000000000e+00 3.880589730133332527e-02 5.470844947626666288e-01 4.046133185706666802e-01 9.496289365333334537e-03
0.000000000000000000e+00 3.865470566399997060e-02 5.466462296746665839e-01 4.051434236586667348e-01 9.555641002666679512e-03
0.000000000000000000e+00 3.850390724266665454e-02 5.462074249386665858e-01 4.056734283946666908e-01 9.615239424000006363e-03
0.000000000000000000e+00 3.835350152533333751e-02 5.457680820906667396e-01 4.062033312426666098e-01 9.675085141333333860e-03
0.000000000000000000e+00 3.820348800000000072e-02 5.453282026666665949e-01 4.067331306666667756e-01 9.735178666666677305e-03
0.000000000000000000e+00 3.805386615466668093e-02 5.448877882026665898e-01 4.072628251306666947e-01 9.795520512000003427e-03
0.000000000000000000e+00 3.790463547733329691e-02 5.444468402346664959e-01 4.077924130986667617e-01 9.856111189333346609e-03
0.000000000000000000e+00 3.775579545599998255e-02 5.440053602986667514e-01 4.083218930346667053e-01 9.916951210666673580e-03
0.000000000000000000e+00 3.760734557866665662e-02 5.435633499306666838e-01 4.088512634026666981e-01 9.978041087999999642e-03
0.000000000000000000e+00 3.745928533333329341e-02 5.431208106666666202e-01 4.093805226666666908e-01 1.003938133333334357e-02
0.000000000000000000e+00 3.731161420799997824e-02 5.426777440426666654e-01 4.099096692906666339e-01 1.010097245866667034e-02
0.000000000000000000e+00 3.716433169066663683e-02 5.422341515946665913e-01 4.104387017386667558e-01 1.016281497600001436e-02
0.000000000000000000e+00 3.701743726933331979e-02 5.417900348586666137e-01 4.109676184746667293e-01 1.022490939733334062e-02
0.000000000000000000e+00 3.687093043200000142e-02 5.413453953706666155e-01 4.114964179626666718e-01 1.028725623466666614e-02
0.000000000000000000e+00 3.672481066666665600e-02 5.409002346666665906e-01 4.120250986666667559e-01 1.034985600000000970e-02
0.000000000000000000e+00 3.657907746133334109e-02 5.404545542826666438e-01 4.125536590506666546e-01 1.041270920533333630e-02
0.000000000000000000e+00 3.643373030399997548e-02 5.400083557546666579e-01 4.130820975786667626e-01 1.047581636266668031e-02
0.000000000000000000e+00 3.628876868266665834e-02 5.395616406186666270e-01 4.136104127146666976e-01 1.053917798400000674e-02
0.000000000000000000e+00 3.614419208533334316e-02 5.391144104106666557e-01 4.141386029226666321e-01 1.060279458133333262e-02
0.000000000000000000e+00 3.599999999999995565e-02 5.386666666666665160e-01 4.146666666666667389e-01 1.066666666666667845e-02
0.000000000000000000e+00 3.585619191466664357e-02 5.382184109226666457e-01 4.151946024106666910e-01 1.073079475200000403e-02
0.000000000000000000e+00 3.571276731733331877e-02 5.377696447146665948e-01 4.157224086186666612e-01 1.079517934933332986e-02
0.000000000000000000e+00 3.556972569599997636e-02 5.373203695786666900e-01 4.162500837546667665e-01 1.085982097066667471e-02
0.000000000000000000e+00 3.542706653866666000e-02 5.368705870506667033e-01 4.167776262826666800e-01 1.092472012800000010e-02
0.000000000000000000e+00 3.528478933333331624e-02 5.364202986666666284e-01 4.173050346666667410e-01 1.098987733333334389e-02
0.000000000000000000e+00 3.514289356799999570e-02 5.359695059626666813e-01 4.178323073706666779e-01 1.105529309866667108e-02
0.000000000000000000e+00 3.500137873066667960e-02 5.355182104746667449e-01 4.183594428586666636e-01 1.112096793599999696e-02
0.000000000000000000e+00 3.486024430933331447e-02 5.350664137386665908e-01 4.188864395946667596e-01 1.118690235733334204e-02
0.000000000000000000e+00 3.471948979199999952e-02 5.346141172906666572e-01 4.194132960426666390e-01 1.125309687466666785e-02
0.000000000000000000e+00 3.457911466666663269e-02 5.341613226666666048e-01 4.199400106666667520e-01 1.131955200000001049e-02
0.000000000000000000e+00 3.443911842133332013e-02 5.337080314026666494e-01 4.204665819306667163e-01 1.138626824533333672e-02
0.000000000000000000e+00 3.429950054399999448e-02 5.332542450346666740e-01 4.209930082986667044e-01 1.145324612266666355e-02
0.000000000000000000e+00 3.416026052266665780e-02 5.327999650986666724e-01 4.215192882346667225e-01 1.152048614400000802e-02
0.000000000000000000e+00 3.402139784533333988e-02 5.323451931306667495e-01 4.220454202026666657e-01 1.158798882133333340e-02
0.000000000000000000e+00 3.388291199999999420e-02 5.318899306666664550e-01 4.225714026666667622e-01 1.165575466666667927e-02
0.000000000000000000e+00 3.374480247466667138e-02 5.314341792426664490e-01 4.230972340906666851e-01 1.172378419200000542e-02
0.000000000000000000e+00 3.360706875733335958e-02 5.309779403946666143e-01 4.236229129386667180e-01 1.179207790933333062e-02
0.000000000000000000e+00 3.346971033599997758e-02 5.305212156586666117e-01 4.241484376746667007e-01 1.186063633066667365e-02
0.000000000000000000e+00 3.333272669866665927e-02 5.300640065706666570e-01 4.246738067626666391e-01 1.192945996800000123e-02
0.000000000000000000e+00 3.319611733333329567e-02 5.296063146666666333e-01 4.251990186666667615e-01 1.199854933333334601e-02
0.000000000000000000e+00 3.305988172799997210e-02 5.291481414826666452e-01 4.257240718506666854e-01 1.206790493866667299e-02
0.000000000000000000e+00 3.292401937066665590e-02 5.286894885546667977e-01 4.262489647786666391e-01 1.213752729599999747e-02
0.000000000000000000e+00 3.278852974933331443e-02 5.282303574186665296e-01 4.267736959146667397e-01 1.220741691733334341e-02
0.000000000000000000e+00 3.265341235199999831e-02 5.277707496106666119e-01 4.272982637226667157e-01 1.227757431466666889e-02
0.000000000000000000e+00 3.251866666666665406e-02 5.273106666666665943e-01 4.278226666666667954e-01 1.234800000000001348e-02
0.000000000000000000e+00 3.238429218133333232e-02 5.268501101226665817e-01 4.283469032106667074e-01 1.241869448533333871e-02
0.000000000000000000e+00 3.225028838400002124e-02 5.263890815146666791e-01 4.288709718186666242e-01 1.248965828266666335e-02
0.000000000000000000e+00 3.211665476266665348e-02 5.259275823786666582e-01 4.293948709546667186e-01 1.256089190400000964e-02
0.000000000000000000e+00 3.198339080533333517e-02 5.254656142506667349e-01 4.299185990826667192e-01 1.263239586133333564e-02
0.000000000000000000e+00 3.185049599999995734e-02 5.250031786666665701e-01 4.304421546666667986e-01 1.270417066666668093e-02
0.000000000000000000e+00 3.171796983466663999e-02 5.245402771626666016e-01 4.309655361706667409e-01 1.277621683200000705e-02
0.000000000000000000e+00 3.158581179733331579e-02 5.240769112746666014e-01 4.314887420586667188e-01 1.284853486933333275e-02
0.000000000000000000e+00 3.145402137599997289e-02 5.236130825386665633e-01 4.320117707946667385e-01 1.292112529066667508e-02
0.000000000000000000e+00 3.132259805866665497e-02 5.231487924906667031e-01 4.325346208426666950e-01 1.299398860800000076e-02
0.000000000000000000e+00 3.119154133333331205e-02 5.226840426666665707e-01 4.330572906666667610e-01 1.306712533333334765e-02
0.000000000000000000e+00 3.106085068799999474e-02 5.222188346026667150e-01 4.335797787306667206e-01 1.314053597866667207e-02
0.000000000000000000e+00 3.093052561066667386e-02 5.217531698346666857e-01 4.341020834986666355e-01 1.321422105599999973e-02
0.000000000000000000e+00 3.080056558933331329e-02 5.212870498986665879e-01 4.346242034346667893e-01 1.328818107733334593e-02
0.000000000000000000e+00 3.067097011199999487e-02 5.208204763306665264e-01 4.351461370026666886e-01 1.336241655466667046e-02
0.000000000000000000e+00 3.054173866666663392e-02 5.203534506666666060e-01 4.356678826666667836e-01 1.343692800000001464e-02
0.000000000000000000e+00 3.041287074133331575e-02 5.198859744426667095e-01 4.361894388906667475e-01 1.351171592533334000e-02
0.000000000000000000e+00 3.028436582399999730e-02 5.194180491946667200e-01 4.367108041386666417e-01 1.358678084266666357e-02
0.000000000000000000e+00 3.015622340266665286e-02 5.189496764586666311e-01 4.372319768746667501e-01 1.366212326400001106e-02
0.000000000000000000e+00 3.002844296533333304e-02 5.184808577706666588e-01 4.377529555626666347e-01 1.373774370133333533e-02
0.000000000000000000e+00 2.990102399999999133e-02 5.180115946666664639e-01 4.382737386666668011e-01 1.381364266666668464e-02
0.000000000000000000e+00 2.977396599466667140e-02 5.175418886826665954e-01 4.387943246506667005e-01 1.388982067200000836e-02
0.000000000000000000e+00 2.964726843733335448e-02 5.170717413546666030e-01 4.393147119786666721e-01 1.396627822933333221e-02
0.000000000000000000e+00 2.952093081599997670e-02 5.166011542186665917e-01 4.398348991146667220e-01 1.404301585066667669e-02
0.000000000000000000e+00 2.939495261866665460e-02 5.161301288106666663e-01 4.403548845226666897e-01 1.412003404800000333e-02
0.000000000000000000e+00 2.926933333333329654e-02 5.156586666666667096e-01 4.408746666666667480e-01 1.419733333333334999e-02
0.000000000000000000e+00 2.914407244799997743e-02 5.151867693226667155e-01 4.413942440106667364e-01 1.427491421866667470e-02
0.000000000000000000e+00 2.901916945066665768e-02 5.147144383146667890e-01 4.419136150186666612e-01 1.435277721599999973e-02
0.000000000000000000e+00 2.889462382933331505e-02 5.142416751786665907e-01 4.424327781546668059e-01 1.443092283733334556e-02
0.000000000000000000e+00 2.877043507199999323e-02 5.137684814506665587e-01 4.429517318826666772e-01 1.450935159466667027e-02
0.000000000000000000e+00 2.864660266666664915e-02 5.132948586666665758e-01 4.434704746666667807e-01 1.458806400000001516e-02
0.000000000000000000e+00 2.852312610133333343e-02 5.128208083626666358e-01 4.439890049706667341e-01 1.466706056533334177e-02
0.000000000000000000e+00 2.840000486400001342e-02 5.123463320746667327e-01 4.445073212586666545e-01 1.474634180266666539e-02
0.000000000000000000e+00 2.827723844266665301e-02 5.118714313386666381e-01 4.450254219946667145e-01 1.482590822400001174e-02
0.000000000000000000e+00 2.815482632533333057e-02 5.113961076906666792e-01 4.455433056426666982e-01 1.490576034133333713e-02
0.000000000000000000e+00 2.803276799999995794e-02 5.109203626666665166e-01 4.460609706666668339e-01 1.498589866666668463e-02
0.000000000000000000e+00 2.791106295466663431e-02 5.104441978026665883e-01 4.465784155306667391e-01 1.506632371200001055e-02
0.000000000000000000e+00 2.778971067733331662e-02 5.099676146346665551e-01 4.470956386986666420e-01 1.514703598933333541e-02
0.000000000000000000e+00 2.766871065599997570e-02 5.094906146986666329e-01 4.476126386346667707e-01 1.522803601066667969e-02
0.000000000000000000e+00 2.754806237866665522e-02 5.090131995306667045e-01 4.481294138026667428e-01 1.530932428800000321e-02
0.000000000000000000e+00 2.742776533333331213e-02 5.085353706666665419e-01 4.486459626666667866e-01 1.539090133333335074e-02
0.000000000000000000e+00 2.730781900799999010e-02 5.080571296426666938e-01 4.491622836906666860e-01 1.547276765866667514e-02
0.000000000000000000e+00 2.718822289066667036e-02 5.075784779946667102e-01 4.496783753386666693e-01 1.555492377600000038e-02
0.000000000000000000e+00 2.706897646933331333e-02 5.070994172586664739e-01 4.501942360746667426e-01 1.563737019733334871e-02
0.000000000000000000e+00 2.695007923199999392e-02 5.066199489706666448e-01 4.507098643626666901e-01 1.572010743466667124e-02
0.000000000000000000e+00 2.683153066666667252e-02 5.061400746666666617e-01 4.512252586666666287e-01 1.580313599999999541e-02
0.000000000000000000e+00 2.671333026133331651e-02 5.056597958826666295e-01 4.517404174506666759e-01 1.588645640533334347e-02
0.000000000000000000e+00 2.659547750399999036e-02 5.051791141546666530e-01 4.522553391786667265e-01 1.597006916266666826e-02
0.000000000000000000e+00 2.647797188266665103e-02 5.046980310186666152e-01 4.527700223146667313e-01 1.605397478400001632e-02
0.000000000000000000e+00 2.636081288533333178e-02 5.042165480106666209e-01 4.532844653226666409e-01 1.613817378133334049e-02
0.000000000000000000e+00 2.624400000000001038e-02 5.037346666666667749e-01 4.537986666666665725e-01 1.622266666666666302e-02
0.000000000000000000e+00 2.612753271466666805e-02 5.032523885226665161e-01 4.543126248106667542e-01 1.630745395200001308e-02
0.000000000000000000e+00 2.601141051733334847e-02 5.027697151146666155e-01 4.548263382186666925e-01 1.639253614933333311e-02
0.000000000000000000e+00 2.589563289599997389e-02 5.022866479786665117e-01 4.553398053546667268e-01 1.647791377066668006e-02
0.000000000000000000e+00 2.578019933866665392e-02 5.018031886506666428e-01 4.558530246826667520e-01 1.656358732800000677e-02
0.000000000000000000e+00 2.566510933333333508e-02 5.013193386666667806e-01 4.563659946666666078e-01 1.664955733333332855e-02
0.000000000000000000e+00 2.555036236799997432e-02 5.008350995626666968e-01 4.568787137706667445e-01 1.673582429866667803e-02
0.000000000000000000e+00 2.543595793066665695e-02 5.003504728746667185e-01 4.573911804586666685e-01 1.682238873600000115e-02
0.000000000000000000e+00 2.532189550933331562e-02 4.998654601386665619e-01 4.579033931946667746e-01 1.690925115733335135e-02
0.000000000000000000e+00 2.520817459199999055e-02 4.993800628906665540e-01 4.584153504426666803e-01 1.699641207466667456e-02
0.000000000000000000e+00 2.509479466666667338e-02 4.988942826666665775e-01 4.589270506666666694e-01 1.708387199999999648e-02
0.000000000000000000e+00 2.498175522133332799e-02 4.984081210026665709e-01 4.594384923306667479e-01 1.717163144533334282e-02
0.000000000000000000e+00 2.486905574400000846e-02 4.979215794346666391e-01 4.599496738986666999e-01 1.725969092266666990e-02
0.000000000000000000e+00 2.475669572266665439e-02 4.974346594986666092e-01 4.604605938346666982e-01 1.734805094400001732e-02
0.000000000000000000e+00 2.464467464533333027e-02 4.969473627306666974e-01 4.609712506026666934e-01 1.743671202133333792e-02
0.000000000000000000e+00 2.453299200000001040e-02 4.964596906666667309e-01 4.614816426666666360e-01 1.752567466666666435e-02
0.000000000000000000e+00 2.442164727466663438e-02 4.959716448426665369e-01 4.619917684906666988e-01 1.761493939200001191e-02
0.000000000000000000e+00 2.431063995733331873e-02 4.954832267946666646e-01 4.625016265386667214e-01 1.770450670933333692e-02
0.000000000000000000e+00 2.419996953599997530e-02 4.949944380586666082e-01 4.630112152746667653e-01 1.779437713066668245e-02
0.000000000000000000e+00 2.408963549866665471e-02 4.945052801706666390e-01 4.635205331626666703e-01 1.788455116800000480e-02
0.000000000000000000e+00 2.397963733333333125e-02 4.940157546666666954e-01 4.640295786666666644e-01 1.797502933333332970e-02
0.000000000000000000e+00 2.386997452799998615e-02 4.935258630826666604e-01 4.645383502506666984e-01 1.806581213866667937e-02
0.000000000000000000e+00 2.376064657066667002e-02 4.930356069546666942e-01 4.650468463786666673e-01 1.815690009600000321e-02
0.000000000000000000e+00 2.365165294933331205e-02 4.925449878186665131e-01 4.655550655146667438e-01 1.824829371733335467e-02
0.000000000000000000e+00 2.354299315199999063e-02 4.920540072106665552e-01 4.660630061226667120e-01 1.833999351466667621e-02
0.000000000000000000e+00 2.343466666666666962e-02 4.915626666666666478e-01 4.665706666666666891e-01 1.843200000000000047e-02
0.000000000000000000e+00 2.332667298133330944e-02 4.910709677226665626e-01 4.670780456106667367e-01 1.852431368533334621e-02
0.000000000000000000e+00 2.321901158399999193e-02 4.905789119146666821e-01 4.675851414186666943e-01 1.861693508266666630e-02
0.000000000000000000e+00 2.311168196266664976e-02 4.900865007786666117e-01 4.680919525546667348e-01 1.870986470400001767e-02
0.000000000000000000e+00 2.300468360533332660e-02 4.895937358506666781e-01 4.685984774826666976e-01 1.880310306133334275e-02
0.000000000000000000e+00 2.289801600000000367e-02 4.891006186666667088e-01 4.691047146666666445e-01 1.889665066666666379e-02
0.000000000000000000e+00 2.279167863466666569e-02 4.886071507626665311e-01 4.696106625706667481e-01 1.899050803200001344e-02
0.000000000000000000e+00 2.268567099733334244e-02 4.881133336746665830e-01 4.701163196586667370e-01 1.908467566933333762e-02
0.000000000000000000e+00 2.257999257599997353e-02 4.876191689386665806e-01 4.706216843946667838e-01 1.917915409066668284e-02
0.000000000000000000e+00 2.247464285866664774e-02 4.871246580906665735e-01 4.711267552426667282e-01 1.927394380800000889e-02
0.000000000000000000e+00 2.236962133333332894e-02 4.866298026666666665e-01 4.716315306666666318e-01 1.936904533333333109e-02
0.000000000000000000e+00 2.226492748799997409e-02 4.861346042026666314e-01 4.721360091306667228e-01 1.946445917866668207e-02
0.000000000000000000e+00 2.216056081066665462e-02 4.856390642346667397e-01 4.726401890986666743e-01 1.956018585600000428e-02
0.000000000000000000e+00 2.205652078933331359e-02 4.851431842986665410e-01 4.731440690346667699e-01 1.965622587733335466e-02
0.000000000000000000e+00 2.195280691199998774e-02 4.846469659306665845e-01 4.736476474026667383e-01 1.975257975466667912e-02
0.000000000000000000e+00 2.184941866666666871e-02 4.841504106666666418e-01 4.741509226666666965e-01 1.984924799999999989e-02
0.000000000000000000e+00 2.174635554133332732e-02 4.836535200426665959e-01 4.746538932906667618e-01 1.994623112533334616e-02
0.000000000000000000e+00 2.164361702400000378e-02 4.831562955946666627e-01 4.751565577386667183e-01 2.004352964266667078e-02
0.000000000000000000e+00 2.154120260266664810e-02 4.826587388586665583e-01 4.756589144746667386e-01 2.014114406400002028e-02
0.000000000000000000e+00 2.143911176533332477e-02 4.821608513706666654e-01 4.761609619626667178e-01 2.023907490133334403e-02
0.000000000000000000e+00 2.133734400000000808e-02 4.816626346666667002e-01 4.766626986666666621e-01 2.033732266666666427e-02
0.000000000000000000e+00 2.123589879466663416e-02 4.811640902826664901e-01 4.771641230506666886e-01 2.043588787200001713e-02
0.000000000000000000e+00 2.113477563733331607e-02 4.806652197546666394e-01 4.776652335786667480e-01 2.053477102933333812e-02
0.000000000000000000e+00 2.103397401599997260e-02 4.801660246186665315e-01 4.781660287146667909e-01 2.063397265066668762e-02
0.000000000000000000e+00 2.093349341866665089e-02 4.796665064106666598e-01 4.786665069226667124e-01 2.073349324800000809e-02
0.000000000000000000e+00 2.083333333333332871e-02 4.791666666666666852e-01 4.791666666666666852e-01 2.083333333333333218e-02
0.000000000000000000e+00 2.073349324799998727e-02 4.786665069226665459e-01 4.796665064106667709e-01 2.093349341866668212e-02
0.000000000000000000e+00 2.063397265066666680e-02 4.781660287146666244e-01 4.801660246186667536e-01 2.103397401600000383e-02
0.000000000000000000e+00 2.053477102933331036e-02 4.776652335786666370e-01 4.806652197546667504e-01 2.113477563733335771e-02
0.000000000000000000e+00 2.043588787199998938e-02 4.771641230506666331e-01 4.811640902826666566e-01 2.123589879466667926e-02
0.000000000000000000e+00 2.033732266666666427e-02 4.766626986666666621e-01 4.816626346666665892e-01 2.133734400000000461e-02
0.000000000000000000e+00 2.023907490133331280e-02 4.761609619626666068e-01 4.821608513706667209e-01 2.143911176533334906e-02
0.000000000000000000e+00 2.014114406399998905e-02 4.756589144746666831e-01 4.826587388586666694e-01 2.154120260266666892e-02
0.000000000000000000e+00 2.004352964266666731e-02 4.751565577386667183e-01 4.831562955946666627e-01 2.164361702399999338e-02
0.000000000000000000e+00 1.994623112533332535e-02 4.746538932906665398e-01 4.836535200426667624e-01 2.174635554133334814e-02
0.000000000000000000e+00 1.984924800000000336e-02 4.741509226666666410e-01 4.841504106666667528e-01 2.184941866666666871e-02
0.000000000000000000e+00 1.975257975466666524e-02 4.736476474026666272e-01 4.846469659306666955e-01 2.195280691200001896e-02
0.000000000000000000e+00 1.965622587733334078e-02 4.731440690346666589e-01 4.851431842986666521e-01 2.205652078933334134e-02
0.000000000000000000e+00 1.956018585600001816e-02 4.726401890986666743e-01 4.856390642346666286e-01 2.216056081066666503e-02
0.000000000000000000e+00 1.946445917866665085e-02 4.721360091306665563e-01 4.861346042026667424e-01 2.226492748800000879e-02
0.000000000000000000e+00 1.936904533333332762e-02 4.716315306666666318e-01 4.866298026666666665e-01 2.236962133333333241e-02
0.000000000000000000e+00 1.927394380799997420e-02 4.711267552426665617e-01 4.871246580906667956e-01 2.247464285866668590e-02
0.000000000000000000e+00 1.917915409066665161e-02 4.706216843946666173e-01 4.876191689386666916e-01 2.257999257600000823e-02
0.000000000000000000e+00 1.908467566933332721e-02 4.701163196586666260e-01 4.881133336746666940e-01 2.268567099733332856e-02
0.000000000000000000e+00 1.899050803199998916e-02 4.696106625706666371e-01 4.886071507626666977e-01 2.279167863466668303e-02
0.000000000000000000e+00 1.889665066666666379e-02 4.691047146666666445e-01 4.891006186666666533e-01 2.289801600000000020e-02
0.000000000000000000e+00 1.880310306133332540e-02 4.685984774826665866e-01 4.895937358506667336e-01 2.300468360533335088e-02
0.000000000000000000e+00 1.870986470400000032e-02 4.680919525546665683e-01 4.900865007786666672e-01 2.311168196266667405e-02
0.000000000000000000e+00 1.861693508266667671e-02 4.675851414186666943e-01 4.905789119146666821e-01 2.321901158399999540e-02
0.000000000000000000e+00 1.852431368533332540e-02 4.670780456106665701e-01 4.910709677226667846e-01 2.332667298133335107e-02
0.000000000000000000e+00 1.843200000000000394e-02 4.665706666666666891e-01 4.915626666666667033e-01 2.343466666666666962e-02
0.000000000000000000e+00 1.833999351466663805e-02 4.660630061226666010e-01 4.920540072106667218e-01 2.354299315200001838e-02
0.000000000000000000e+00 1.824829371733331304e-02 4.655550655146666328e-01 4.925449878186666797e-01 2.365165294933334328e-02
0.000000000000000000e+00 1.815690009599998933e-02 4.650468463786667228e-01 4.930356069546665831e-01 2.376064657066666655e-02
0.000000000000000000e+00 1.806581213866664815e-02 4.645383502506665874e-01 4.935258630826667714e-01 2.386997452800001390e-02
0.000000000000000000e+00 1.797502933333332623e-02 4.640295786666666644e-01 4.940157546666666954e-01 2.397963733333333819e-02
0.000000000000000000e+00 1.788455116799998745e-02 4.635205331626665592e-01 4.945052801706667500e-01 2.408963549866668941e-02
0.000000000000000000e+00 1.779437713066666163e-02 4.630112152746665988e-01 4.949944380586667192e-01 2.419996953600001000e-02
0.000000000000000000e+00 1.770450670933334039e-02 4.625016265386666658e-01 4.954832267946667201e-01 2.431063995733333261e-02
0.000000000000000000e+00 1.761493939199998762e-02 4.619917684906666433e-01 4.959716448426666480e-01 2.442164727466668295e-02
0.000000000000000000e+00 1.752567466666666435e-02 4.614816426666666915e-01 4.964596906666666198e-01 2.453299200000000693e-02
0.000000000000000000e+00 1.743671202133331363e-02 4.609712506026665824e-01 4.969473627306668084e-01 2.464467464533335456e-02
0.000000000000000000e+00 1.734805094399998956e-02 4.604605938346666427e-01 4.974346594986667203e-01 2.475669572266667520e-02
0.000000000000000000e+00 1.725969092266666643e-02 4.599496738986666999e-01 4.979215794346666946e-01 2.486905574399999805e-02
0.000000000000000000e+00 1.717163144533332547e-02 4.594384923306665813e-01 4.984081210026667930e-01 2.498175522133334880e-02
0.000000000000000000e+00 1.708387199999999995e-02 4.589270506666666138e-01 4.988942826666666885e-01 2.509479466666667338e-02
0.000000000000000000e+00 1.699641207466666068e-02 4.584153504426665693e-01 4.993800628906667205e-01 2.520817459200002178e-02
0.000000000000000000e+00 1.690925115733333747e-02 4.579033931946666636e-01 4.998654601386666729e-01 2.532189550933334685e-02
0.000000000000000000e+00 1.682238873600001156e-02 4.573911804586667240e-01 5.003504728746666075e-01 2.543595793066666735e-02
0.000000000000000000e+00 1.673582429866665028e-02 4.568787137706665780e-01 5.008350995626668078e-01 2.555036236800001595e-02
0.000000000000000000e+00 1.664955733333332508e-02 4.563659946666666078e-01 5.013193386666667806e-01 2.566510933333333855e-02
0.000000000000000000e+00 1.656358732799997555e-02 4.558530246826665300e-01 5.018031886506667538e-01 2.578019933866668861e-02
0.000000000000000000e+00 1.647791377066665230e-02 4.553398053546666158e-01 5.022866479786667337e-01 2.589563289600000859e-02
0.000000000000000000e+00 1.639253614933332617e-02 4.548263382186666370e-01 5.027697151146667265e-01 2.601141051733333459e-02
0.000000000000000000e+00 1.630745395199998532e-02 4.543126248106665876e-01 5.032523885226667382e-01 2.612753271466668886e-02
0.000000000000000000e+00 1.622266666666666302e-02 4.537986666666666835e-01 5.037346666666666639e-01 2.624400000000000691e-02
0.000000000000000000e+00 1.613817378133332314e-02 4.532844653226665854e-01 5.042165480106667319e-01 2.636081288533335606e-02
0.000000000000000000e+00 1.605397478399999897e-02 4.527700223146666203e-01 5.046980310186666152e-01 2.647797188266667531e-02
0.000000000000000000e+00 1.597006916266667520e-02 4.522553391786666710e-01 5.051791141546666530e-01 2.659547750399999730e-02
0.000000000000000000e+00 1.588645640533332612e-02 4.517404174506665648e-01 5.056597958826667405e-01 2.671333026133335120e-02
0.000000000000000000e+00 1.580313599999999888e-02 4.512252586666666287e-01 5.061400746666666617e-01 2.683153066666667252e-02
0.000000000000000000e+00 1.572010743466663654e-02 4.507098643626665790e-01 5.066199489706666448e-01 2.695007923200002861e-02
0.000000000000000000e+00 1.563737019733331401e-02 4.501942360746666871e-01 5.070994172586666959e-01 2.706897646933334803e-02
0.000000000000000000e+00 1.555492377599998997e-02 4.496783753386667248e-01 5.075784779946665992e-01 2.718822289066666689e-02
0.000000000000000000e+00 1.547276765866664912e-02 4.491622836906666305e-01 5.080571296426668049e-01 2.730781900800002132e-02
0.000000000000000000e+00 1.539090133333332472e-02 4.486459626666666756e-01 5.085353706666666529e-01 2.742776533333333988e-02
0.000000000000000000e+00 1.530932428799998586e-02 4.481294138026664653e-01 5.090131995306668156e-01 2.754806237866669338e-02
0.000000000000000000e+00 1.522803601066666235e-02 4.476126386346665487e-01 5.094906146986667439e-01 2.766871065600001039e-02
0.000000000000000000e+00 1.514703598933333888e-02 4.470956386986666420e-01 5.099676146346666661e-01 2.778971067733333397e-02
0.000000000000000000e+00 1.506632371199998627e-02 4.465784155306666281e-01 5.104441978026668103e-01 2.791106295466668982e-02
0.000000000000000000e+00 1.498589866666666208e-02 4.460609706666666674e-01 5.109203626666666276e-01 2.803276800000000651e-02
0.000000000000000000e+00 1.490576034133331111e-02 4.455433056426665872e-01 5.113961076906667902e-01 2.815482632533336180e-02
0.000000000000000000e+00 1.482590822399998745e-02 4.450254219946666034e-01 5.118714313386667492e-01 2.827723844266668077e-02
0.000000000000000000e+00 1.474634180266666192e-02 4.445073212586666545e-01 5.123463320746667327e-01 2.840000486399999954e-02
0.000000000000000000e+00 1.466706056533332442e-02 4.439890049706665676e-01 5.128208083626668579e-01 2.852312610133335424e-02
0.000000000000000000e+00 1.458806399999999781e-02 4.434704746666666142e-01 5.132948586666666868e-01 2.864660266666667690e-02
0.000000000000000000e+00 1.450935159466665986e-02 4.429517318826665662e-01 5.137684814506667808e-01 2.877043507200003139e-02
0.000000000000000000e+00 1.443092283733333342e-02 4.424327781546665839e-01 5.142416751786667017e-01 2.889462382933334975e-02
0.000000000000000000e+00 1.435277721600001014e-02 4.419136150186667167e-01 5.147144383146666780e-01 2.901916945066667156e-02
0.000000000000000000e+00 1.427491421866664868e-02 4.413942440106665699e-01 5.151867693226667155e-01 2.914407244800001906e-02
0.000000000000000000e+00 1.419733333333332570e-02 4.408746666666666369e-01 5.156586666666667096e-01 2.926933333333333817e-02
0.000000000000000000e+00 1.412003404799999987e-02 4.403548845226666897e-01 5.161301288106666663e-01 2.939495261866665807e-02
0.000000000000000000e+00 1.404301585066664894e-02 4.398348991146666109e-01 5.166011542186667027e-01 2.952093081600001487e-02
0.000000000000000000e+00 1.396627822933332527e-02 4.393147119786666166e-01 5.170717413546667141e-01 2.964726843733333714e-02
0.000000000000000000e+00 1.388982067199998581e-02 4.387943246506665895e-01 5.175418886826667064e-01 2.977396599466669222e-02
0.000000000000000000e+00 1.381364266666666209e-02 4.382737386666666346e-01 5.180115946666666860e-01 2.990102400000000868e-02
0.000000000000000000e+00 1.373774370133333533e-02 4.377529555626666902e-01 5.184808577706665478e-01 3.002844296533332957e-02
0.000000000000000000e+00 1.366212326399999719e-02 4.372319768746666391e-01 5.189496764586667421e-01 3.015622340266668408e-02
0.000000000000000000e+00 1.358678084266667051e-02 4.367108041386666417e-01 5.194180491946667200e-01 3.028436582400000077e-02
0.000000000000000000e+00 1.351171592533332265e-02 4.361894388906665254e-01 5.198859744426667095e-01 3.041287074133335391e-02
0.000000000000000000e+00 1.343692799999999903e-02 4.356678826666666171e-01 5.203534506666667170e-01 3.054173866666667556e-02
0.000000000000000000e+00 1.336241655466667393e-02 4.351461370026666886e-01 5.208204763306667484e-01 3.067097011199999487e-02
0.000000000000000000e+00 1.328818107733331297e-02 4.346242034346666228e-01 5.212870498986666989e-01 3.080056558933335492e-02
0.000000000000000000e+00 1.321422105599998932e-02 4.341020834986667465e-01 5.217531698346666857e-01 3.093052561066667039e-02
0.000000000000000000e+00 1.314053597866664778e-02 4.335797787306665541e-01 5.222188346026668260e-01 3.106085068800002597e-02
0.000000000000000000e+00 1.306712533333332510e-02 4.330572906666666499e-01 5.226840426666666817e-01 3.119154133333334328e-02
0.000000000000000000e+00 1.299398860799999902e-02 4.325346208426666950e-01 5.231487924906667031e-01 3.132259805866666191e-02
0.000000000000000000e+00 1.292112529066666120e-02 4.320117707946665719e-01 5.236130825386667853e-01 3.145402137600002146e-02
0.000000000000000000e+00 1.284853486933333622e-02 4.314887420586666078e-01 5.240769112746667124e-01 3.158581179733333660e-02
0.000000000000000000e+00 1.277621683199998623e-02 4.309655361706665744e-01 5.245402771626666016e-01 3.171796983466668857e-02
0.000000000000000000e+00 1.270417066666666012e-02 4.304421546666666876e-01 5.250031786666666811e-01 3.185049600000001285e-02
0.000000000000000000e+00 1.263239586133333564e-02 4.299185990826667192e-01 5.254656142506666239e-01 3.198339080533332823e-02
0.000000000000000000e+00 1.256089190399998709e-02 4.293948709546665521e-01 5.259275823786667692e-01 3.211665476266668817e-02
0.000000000000000000e+00 1.248965828266665988e-02 4.288709718186666242e-01 5.263890815146666791e-01 3.225028838400000736e-02
0.000000000000000000e+00 1.241869448533332310e-02 4.283469032106665408e-01 5.268501101226668037e-01 3.238429218133336007e-02
0.000000000000000000e+00 1.234799999999999787e-02 4.278226666666666289e-01 5.273106666666667053e-01 3.251866666666668182e-02
0.000000000000000000e+00 1.227757431466667236e-02 4.272982637226666602e-01 5.277707496106667229e-01 3.265341235199999831e-02
0.000000000000000000e+00 1.220741691733333127e-02 4.267736959146666287e-01 5.282303574186667516e-01 3.278852974933335607e-02
0.000000000000000000e+00 1.213752729600000788e-02 4.262489647786666946e-01 5.286894885546666867e-01 3.292401937066666978e-02
0.000000000000000000e+00 1.206790493866664871e-02 4.257240718506665744e-01 5.291481414826666452e-01 3.305988172800002761e-02
0.000000000000000000e+00 1.199854933333332346e-02 4.251990186666665950e-01 5.296063146666667443e-01 3.319611733333334425e-02
0.000000000000000000e+00 1.192945996799999950e-02 4.246738067626666391e-01 5.300640065706666570e-01 3.333272669866665927e-02
0.000000000000000000e+00 1.186063633066665110e-02 4.241484376746665896e-01 5.305212156586667227e-01 3.346971033600001921e-02
0.000000000000000000e+00 1.179207790933332368e-02 4.236229129386666070e-01 5.309779403946667253e-01 3.360706875733333876e-02
0.000000000000000000e+00 1.172378419199998634e-02 4.230972340906665741e-01 5.314341792426666711e-01 3.374480247466669913e-02
0.000000000000000000e+00 1.165575466666665845e-02 4.225714026666666512e-01 5.318899306666666771e-01 3.388291200000001502e-02
0.000000000000000000e+00 1.158798882133333340e-02 4.220454202026667212e-01 5.323451931306666385e-01 3.402139784533333294e-02
0.000000000000000000e+00 1.152048614399999588e-02 4.215192882346665559e-01 5.327999650986666724e-01 3.416026052266668556e-02
0.000000000000000000e+00 1.145324612266667048e-02 4.209930082986667044e-01 5.332542450346666740e-01 3.429950054400000142e-02
0.000000000000000000e+00 1.138626824533332284e-02 4.204665819306665497e-01 5.337080314026667605e-01 3.443911842133336176e-02
0.000000000000000000e+00 1.131955199999999662e-02 4.199400106666665855e-01 5.341613226666667158e-01 3.457911466666668127e-02
0.000000000000000000e+00 1.125309687466667131e-02 4.194132960426666390e-01 5.346141172906666572e-01 3.471948979199999952e-02
0.000000000000000000e+00 1.118690235733331255e-02 4.188864395946665931e-01 5.350664137386667019e-01 3.486024430933335611e-02
0.000000000000000000e+00 1.112096793599998829e-02 4.183594428586666636e-01 5.355182104746666338e-01 3.500137873066667960e-02
0.000000000000000000e+00 1.105529309866664853e-02 4.178323073706665669e-01 5.359695059626667923e-01 3.514289356800003039e-02
0.000000000000000000e+00 1.098987733333332481e-02 4.173050346666665744e-01 5.364202986666667394e-01 3.528478933333334400e-02
0.000000000000000000e+00 1.092472012799999663e-02 4.167776262826666800e-01 5.368705870506667033e-01 3.542706653866666000e-02
0.000000000000000000e+00 1.085982097066665909e-02 4.162500837546665444e-01 5.373203695786668010e-01 3.556972569600002493e-02
0.000000000000000000e+00 1.079517934933333333e-02 4.157224086186666057e-01 5.377696447146667058e-01 3.571276731733333959e-02
0.000000000000000000e+00 1.073079475199998668e-02 4.151946024106665800e-01 5.382184109226666457e-01 3.585619191466669908e-02
0.000000000000000000e+00 1.066666666666665937e-02 4.146666666666666279e-01 5.386666666666666270e-01 3.600000000000001810e-02
0.000000000000000000e+00 1.060279458133333262e-02 4.141386029226666876e-01 5.391144104106666557e-01 3.614419208533333622e-02
0.000000000000000000e+00 1.053917798399998766e-02 4.136104127146666420e-01 5.395616406186667380e-01 3.628876868266669303e-02
0.000000000000000000e+00 1.047581636266665950e-02 4.130820975786666516e-01 5.400083557546666579e-01 3.643373030400001017e-02
0.000000000000000000e+00 1.041270920533332242e-02 4.125536590506664880e-01 5.404545542826668658e-01 3.657907746133336885e-02
0.000000000000000000e+00 1.034985599999999582e-02 4.120250986666665893e-01 5.409002346666667016e-01 3.672481066666668376e-02
0.000000000000000000e+00 1.028725623466666961e-02 4.114964179626666163e-01 5.413453953706666155e-01 3.687093043200000142e-02
0.000000000000000000e+00 1.022490939733333021e-02 4.109676184746665628e-01 5.417900348586667247e-01 3.701743726933336143e-02
0.000000000000000000e+00 1.016281497600000569e-02 4.104387017386666447e-01 5.422341515946665913e-01 3.716433169066667846e-02
0.000000000000000000e+00 1.010097245866664953e-02 4.099096692906665784e-01 5.426777440426667765e-01 3.731161420800003375e-02
0.000000000000000000e+00 1.003938133333332275e-02 4.093805226666666353e-01 5.431208106666667312e-01 3.745928533333334892e-02
0.000000000000000000e+00 9.978041087999996173e-03 4.088512634026666981e-01 5.435633499306666838e-01 3.760734557866666355e-02
0.000000000000000000e+00 9.916951210666649294e-03 4.083218930346665387e-01 5.440053602986667514e-01 3.775579545600003112e-02
0.000000000000000000e+00 9.856111189333322323e-03 4.077924130986665952e-01 5.444468402346667180e-01 3.790463547733334548e-02
0.000000000000000000e+00 9.795520511999986080e-03 4.072628251306665836e-01 5.448877882026667008e-01 3.805386615466670869e-02
0.000000000000000000e+00 9.735178666666659958e-03 4.067331306666666091e-01 5.453282026666667059e-01 3.820348800000001460e-02
0.000000000000000000e+00 9.675085141333333860e-03 4.062033312426666654e-01 5.457680820906666286e-01 3.835350152533333751e-02
0.000000000000000000e+00 9.615239423999994220e-03 4.056734283946665798e-01 5.462074249386666969e-01 3.850390724266668924e-02
0.000000000000000000e+00 9.555641002666669104e-03 4.051434236586666238e-01 5.466462296746666949e-01 3.865470566400000529e-02
0.000000000000000000e+00 9.496289365333339741e-03 4.046133185706666802e-01 5.470844947626666288e-01 3.880589730133332527e-02
0.000000000000000000e+00 9.437183999999994299e-03 4.040831146666665763e-01 5.475222186666667268e-01 3.895748266666668874e-02
0.000000000000000000e+00 9.378324394666667785e-03 4.035528134826666391e-01 5.479593998506666619e-01 3.910946227200000347e-02
0.000000000000000000e+00 9.319710037333313671e-03 4.030224165546666404e-01 5.483960367786666623e-01 3.926183662933336455e-02
0.000000000000000000e+00 9.261340415999987780e-03 4.024919254186666295e-01 5.488321279146666232e-01 3.941460625066667972e-02
0.000000000000000000e+00 9.203215018666660932e-03 4.019613416106667114e-01 5.492676717226666616e-01 3.956777164799999552e-02
0.000000000000000000e+00 9.145333333333323031e-03 4.014306666666666024e-01 5.497026666666666728e-01 3.972133333333335153e-02
0.000000000000000000e+00 9.087694847999996939e-03 4.008999021226666848e-01 5.501371112106666628e-01 3.987529181866666939e-02
0.000000000000000000e+00 9.030299050666658681e-03 4.003690495146665085e-01 5.505710038186668598e-01 4.002964761600003030e-02
0.000000000000000000e+00 8.973145429333331119e-03 3.998381103786665669e-01 5.510043429546667149e-01 4.018440123733334202e-02
0.000000000000000000e+00 8.916233472000004157e-03 3.993070862506666874e-01 5.514371270826666782e-01 4.033955319466666495e-02
0.000000000000000000e+00 8.859562666666659023e-03 3.987759786666666417e-01 5.518693546666666450e-01 4.049510400000001786e-02
0.000000000000000000e+00 8.803132501333332458e-03 3.982447891626667014e-01 5.523010241706666212e-01 4.065105416533333627e-02
0.000000000000000000e+00 8.746942463999986608e-03 3.977135192746665826e-01 5.527321340586667242e-01 4.080740420266669444e-02
0.000000000000000000e+00 8.690992042666658215e-03 3.971821705386666124e-01 5.531626827946667380e-01 4.096415462400001400e-02
0.000000000000000000e+00 8.635280725333331978e-03 3.966507444906666735e-01 5.535926688426666686e-01 4.112130594133332762e-02
0.000000000000000000e+00 8.579807999999996063e-03 3.961192426666665378e-01 5.540220906666667444e-01 4.127885866666668874e-02
0.000000000000000000e+00 8.524573354666668129e-03 3.955876666026666433e-01 5.544509467306667494e-01 4.143681331200000512e-02
0.000000000000000000e+00 8.469576277333329406e-03 3.950560178346665396e-01 5.548792354986666897e-01 4.159517038933337185e-02
0.000000000000000000e+00 8.414816256000002756e-03 3.945242978986666094e-01 5.553069554346666825e-01 4.175393041066668282e-02
0.000000000000000000e+00 8.360292778666674612e-03 3.939925083306666798e-01 5.557341050026666229e-01 4.191309388799999841e-02
0.000000000000000000e+00 8.306005333333322735e-03 3.934606506666665782e-01 5.561606826666667391e-01 4.207266133333335822e-02
0.000000000000000000e+00 8.251953407999996007e-03 3.929287264426666870e-01 5.565866868906667042e-01 4.223263325866667001e-02
0.000000000000000000e+00 8.198136490666651371e-03 3.923967371946665561e-01 5.570121161386667463e-01 4.239301017600002885e-02
0.000000000000000000e+00 8.144554069333323834e-03 3.918646844586666234e-01 5.574369688746667606e-01 4.255379259733334946e-02
0.000000000000000000e+00 8.091205631999996359e-03 3.913325697706666606e-01 5.578612435626666421e-01 4.271498103466666446e-02
0.000000000000000000e+00 8.038090666666658848e-03 3.908003946666666062e-01 5.582849386666666192e-01 4.287657600000002733e-02
0.000000000000000000e+00 7.985208661333332431e-03 3.902681606826666760e-01 5.587080526506666978e-01 4.303857800533333888e-02
0.000000000000000000e+00 7.932559103999994865e-03 3.897358693546665864e-01 5.591305839786667731e-01 4.320098756266669421e-02
0.000000000000000000e+00 7.880141482666665545e-03 3.892035222186666088e-01 5.595525311146667402e-01 4.336380518400001494e-02
0.000000000000000000e+00 7.827955285333339577e-03 3.886711208106666815e-01 5.599738925226667163e-01 4.352703138133332678e-02
0.000000000000000000e+00 7.775999999999994722e-03 3.881386666666665208e-01 5.603946666666668186e-01 4.369066666666669707e-02
0.000000000000000000e+00 7.724275114666665984e-03 3.876061613226665648e-01 5.608148520106666091e-01 4.385471155200000581e-02
0.000000000000000000e+00 7.672780117333315511e-03 3.870736063146665851e-01 5.612344470186667600e-01 4.401916654933336892e-02
0.000000000000000000e+00 7.621514495999987850e-03 3.865410031786666867e-01 5.616534501546666114e-01 4.418403217066668720e-02
0.000000000000000000e+00 7.570477738666660759e-03 3.860083534506666969e-01 5.620718598826666135e-01 4.434930892800000024e-02
0.000000000000000000e+00 7.519669333333322409e-03 3.854756586666665541e-01 5.624896746666666614e-01 4.451499733333335457e-02
0.000000000000000000e+00 7.469088767999995659e-03 3.849429203626666407e-01 5.629068929706666502e-01 4.468109789866667181e-02
0.000000000000000000e+00 7.418735530666658272e-03 3.844101400746665620e-01 5.633235132586668081e-01 4.484761113600004012e-02
0.000000000000000000e+00 7.368609109333330506e-03 3.838773193386665894e-01 5.637395339946666972e-01 4.501453755733334644e-02
0.000000000000000000e+00 7.318708992000002266e-03 3.833444596906666613e-01 5.641549536426666567e-01 4.518187767466666505e-02
0.000000000000000000e+00 7.269034666666658248e-03 3.828115626666666049e-01 5.645697706666666926e-01 4.534963200000002859e-02
0.000000000000000000e+00 7.219585621333330858e-03 3.822786298026666363e-01 5.649839835306667002e-01 4.551780104533334481e-02
0.000000000000000000e+00 7.170361343999986578e-03 3.817456626346665272e-01 5.653975906986667965e-01 4.568638532266670188e-02
0.000000000000000000e+00 7.121361322666658680e-03 3.812126626986666045e-01 5.658105906346666547e-01 4.585538534400001448e-02
0.000000000000000000e+00 7.072585045333330996e-03 3.806796315306666401e-01 5.662229818026667250e-01 4.602480162133333608e-02
0.000000000000000000e+00 7.024031999999994294e-03 3.801465706666665723e-01 5.666347626666667914e-01 4.619463466666669238e-02
0.000000000000000000e+00 6.975701674666665367e-03 3.796134816426666170e-01 5.670459316906667491e-01 4.636488499200001195e-02
0.000000000000000000e+00 6.927593557333328912e-03 3.790803659946665460e-01 5.674564873386667152e-01 4.653555310933337602e-02
0.000000000000000000e+00 6.879707136000000854e-03 3.785472252586666864e-01 5.678664280746666959e-01 4.670663953066668539e-02
0.000000000000000000e+00 6.832041898666672830e-03 3.780140609706666988e-01 5.682757523626666973e-01 4.687814476800000046e-02
0.000000000000000000e+00 6.784597333333322600e-03 3.774808746666665771e-01 5.686844586666667256e-01 4.705006933333336083e-02
0.000000000000000000e+00 6.737372927999994709e-03 3.769476678826666483e-01 5.690925454506667869e-01 4.722241373866668118e-02
0.000000000000000000e+00 6.690368170666651307e-03 3.764144421546665176e-01 5.695000111786667762e-01 4.739517849600003579e-02
0.000000000000000000e+00 6.643582549333323060e-03 3.758811990186666230e-01 5.699068543146668109e-01 4.756836411733335324e-02
0.000000000000000000e+00 6.597015551999995536e-03 3.753479400106666253e-01 5.703130733226666749e-01 4.774197111466667309e-02
0.000000000000000000e+00 6.550666666666657770e-03 3.748146666666666293e-01 5.707186666666667074e-01 4.791600000000003495e-02
0.000000000000000000e+00 6.504535381333330021e-03 3.742813805226666291e-01 5.711236328106666926e-01 4.809045128533334656e-02
0.000000000000000000e+00 6.458621183999993520e-03 3.737480831146665627e-01 5.715279702186667476e-01 4.826532548266670303e-02
0.000000000000000000e+00 6.412923562666665925e-03 3.732147759786665908e-01 5.719316773546667676e-01 4.844062310400001903e-02
0.000000000000000000e+00 6.367442005333337138e-03 3.726814606506666516e-01 5.723347526826666476e-01 4.861634466133333415e-02
0.000000000000000000e+00 6.322175999999993593e-03 3.721481386666665170e-01 5.727371946666668379e-01 4.879249066666669493e-02
0.000000000000000000e+00 6.277125034666665958e-03 3.716148115626666248e-01 5.731390017706666784e-01 4.896906163200001605e-02
0.000000000000000000e+00 6.232288597333337198e-03 3.710814808746666915e-01 5.735401724586666194e-01 4.914605806933333015e-02
0.000000000000000000e+00 6.187666175999988541e-03 3.705481481386666553e-01 5.739407051946666671e-01 4.932348049066669071e-02
0.000000000000000000e+00 6.143257258666660198e-03 3.700148148906666767e-01 5.743405984426667166e-01 4.950132940800000547e-02
0.000000000000000000e+00 6.099061333333322989e-03 3.694814826666665830e-01 5.747398506666667739e-01 4.967960533333336259e-02
0.000000000000000000e+00 6.055077887999994572e-03 3.689481530026666456e-01 5.751384603306667342e-01 4.985830877866667676e-02
0.000000000000000000e+00 6.011306410666666586e-03 3.684148274346666918e-01 5.755364258986666037e-01 5.003744025599998757e-02
0.000000000000000000e+00 5.967746389333328932e-03 3.678815074986665490e-01 5.759337458346667216e-01 5.021700027733335542e-02
0.000000000000000000e+00 5.924397312000001005e-03 3.673481947306665996e-01 5.763304186026667608e-01 5.039698935466667418e-02
0.000000000000000000e+00 5.881258666666658828e-03 3.668148906666665598e-01 5.767264426666667276e-01 5.057740800000003895e-02
0.000000000000000000e+00 5.838329941333330469e-03 3.662815968426666458e-01 5.771218164906667392e-01 5.075825672533335053e-02
0.000000000000000000e+00 5.795610624000001494e-03 3.657483147946666846e-01 5.775165385386665795e-01 5.093953604266666241e-02
0.000000000000000000e+00 5.753100202666659203e-03 3.652150460586666147e-01 5.779106072746668099e-01 5.112124646400002803e-02
0.000000000000000000e+00 5.710798165333329929e-03 3.646817921706666521e-01 5.783040211626666594e-01 5.130338850133333434e-02
0.000000000000000000e+00 5.668703999999994032e-03 3.641485546666665685e-01 5.786967786666668001e-01 5.148596266666670418e-02
0.000000000000000000e+00 5.626817194666664836e-03 3.636153350826666353e-01 5.790888782506666832e-01 5.166896947200001755e-02
0.000000000000000000e+00 5.585137237333335711e-03 3.630821349546666243e-01 5.794803183786667589e-01 5.185240942933332792e-02
0.000000000000000000e+00 5.543663616000000030e-03 3.625489558186665850e-01 5.798710975146667002e-01 5.203628305066669568e-02
0.000000000000000000e+00 5.502395818666671115e-03 3.620157992106666778e-01 5.802612141226666242e-01 5.222059084800000778e-02
0.000000000000000000e+00 5.461333333333323256e-03 3.614826666666665078e-01 5.806506666666667593e-01 5.240533333333336624e-02
0.000000000000000000e+00 5.420475647999994928e-03 3.609495597226665686e-01 5.810394536106666674e-01 5.259051101866668576e-02
0.000000000000000000e+00 5.379822250666665626e-03 3.604164799146666320e-01 5.814275734186666877e-01 5.277612441599999205e-02
0.000000000000000000e+00 5.339372629333323517e-03 3.598834287786665809e-01 5.818150245546667154e-01 5.296217403733335938e-02
0.000000000000000000e+00 5.299126271999994933e-03 3.593504078506666310e-01 5.822018054826667566e-01 5.314866039466667469e-02
0.000000000000000000e+00 5.259082666666658502e-03 3.588174186666665544e-01 5.825879146666667063e-01 5.333558400000004002e-02
0.000000000000000000e+00 5.219241301333329280e-03 3.582844627626666223e-01 5.829733505706666818e-01 5.352294536533334923e-02
0.000000000000000000e+00 5.179601664000000640e-03 3.577515416746667176e-01 5.833581116586665782e-01 5.371074500266666274e-02
0.000000000000000000e+00 5.140163242666664217e-03 3.572186569386666122e-01 5.837421963946667347e-01 5.389898342400002706e-02
0.000000000000000000e+00 5.100925525333335070e-03 3.566858100906666329e-01 5.841256032426666023e-01 5.408766114133333608e-02
0.000000000000000000e+00 5.061887999999993559e-03 3.561530026666664961e-01 5.845083306666667422e-01 5.427677866666670570e-02
0.000000000000000000e+00 5.023050154666664283e-03 3.556202362026665842e-01 5.848903771306667165e-01 5.446633651200001591e-02
0.000000000000000000e+00 4.984411477333335408e-03 3.550875122346666135e-01 5.852717410986667534e-01 5.465633518933333407e-02
0.000000000000000000e+00 4.945971455999989032e-03 3.545548322986665779e-01 5.856524210346667481e-01 5.484677521066669975e-02
0.000000000000000000e+00 4.907729578666659292e-03 3.540221979306666378e-01 5.860324154026665955e-01 5.503765708800000683e-02
0.000000000000000000e+00 4.869685333333323082e-03 3.534896106666665094e-01 5.864117226666667460e-01 5.522898133333337123e-02
0.000000000000000000e+00 4.831838207999993723e-03 3.529570720426665753e-01 5.867903412906666505e-01 5.542074845866667987e-02
0.000000000000000000e+00 4.794187690666664586e-03 3.524245835946666627e-01 5.871682697386666483e-01 5.561295897600000010e-02
0.000000000000000000e+00 4.756733269333329045e-03 3.518921468586665435e-01 5.875455064746667455e-01 5.580561339733336457e-02
0.000000000000000000e+00 4.719474432000000420e-03 3.513597633706666001e-01 5.879220499626667262e-01 5.599871223466668102e-02
0.000000000000000000e+00 4.682410666666659074e-03 3.508274346666665489e-01 5.882978986666667076e-01 5.619225600000004456e-02
0.000000000000000000e+00 4.645541461333329604e-03 3.502951622826666056e-01 5.886730510506666958e-01 5.638624520533335599e-02
0.000000000000000000e+00 4.608866304000000177e-03 3.497629477546666532e-01 5.890475055786665859e-01 5.658068036266666878e-02
0.000000000000000000e+00 4.572384682666658963e-03 3.492307926186666300e-01 5.894212607146667171e-01 5.677556198400002946e-02
0.000000000000000000e+00 4.536096085333329690e-03 3.486986984106666410e-01 5.897943149226666515e-01 5.697089058133334577e-02
0.000000000000000000e+00 4.499999999999993588e-03 3.481666666666665133e-01 5.901666666666668393e-01 5.716666666666671281e-02
0.000000000000000000e+00 4.464095914666663979e-03 3.476346989226665740e-01 5.905383144106667315e-01 5.736289075200001752e-02
0.000000000000000000e+00 4.428383317333334235e-03 3.471027967146665949e-01 5.909092566186666673e-01 5.755956334933333418e-02
0.000000000000000000e+00 4.392861695999999462e-03 3.465709615786665698e-01 5.912794917546666529e-01 5.775668497066670237e-02
0.000000000000000000e+00 4.357530538666669513e-03 3.460391950506666592e-01 5.916490182826666944e-01 5.795425612800001597e-02
0.000000000000000000e+00 4.322389333333323883e-03 3.455074986666665238e-01 5.920178346666667979e-01 5.815227733333337701e-02
0.000000000000000000e+00 4.287437567999994974e-03 3.449758739626666015e-01 5.923859393706667475e-01 5.835074909866668630e-02
0.000000000000000000e+00 4.252674730666664883e-03 3.444443224746666643e-01 5.927533308586666605e-01 5.854967193599999731e-02
0.000000000000000000e+00 4.218100309333324381e-03 3.439128457386665949e-01 5.931200075946667649e-01 5.874904635733337044e-02
0.000000000000000000e+00 4.183713791999994595e-03 3.433814452906666093e-01 5.934859680426667339e-01 5.894887287466668568e-02
0.000000000000000000e+00 4.149514666666659357e-03 3.428501226666665902e-01 5.938512106666666845e-01 5.914915200000005202e-02
0.000000000000000000e+00 4.115502421333329386e-03 3.423188794026666426e-01 5.942157339306667341e-01 5.934988424533335638e-02
0.000000000000000000e+00 4.081676543999999789e-03 3.417877170346667048e-01 5.945795362986666666e-01 5.955107012266667305e-02
0.000000000000000000e+00 4.048036522666663937e-03 3.412566370986664932e-01 5.949426162346667102e-01 5.975271014400004160e-02
0.000000000000000000e+00 4.014581845333334287e-03 3.407256411306666122e-01 5.953049722026667601e-01 5.995480482133334205e-02
0.000000000000000000e+00 3.981311999999993800e-03 3.401947306666665005e-01 5.956666026666668223e-01 6.015735466666671805e-02
0.000000000000000000e+00 3.948226474666664473e-03 3.396639072426665407e-01 5.960275060906667921e-01 6.036036019200002878e-02
0.000000000000000000e+00 3.915324757333334474e-03 3.391331723946666155e-01 5.963876809386666755e-01 6.056382190933334159e-02
0.000000000000000000e+00 3.882606335999989802e-03 3.386025276586666077e-01 5.967471256746667008e-01 6.076774033066670300e-02
0.000000000000000000e+00 3.850070698666659824e-03 3.380719745706667334e-01 5.971058387626666519e-01 6.097211596800001382e-02
0.000000000000000000e+00 3.817717333333324470e-03 3.375415146666665422e-01 5.974638186666667572e-01 6.117694933333337609e-02
0.000000000000000000e+00 3.785545727999994024e-03 3.370111494826665832e-01 5.978210638506666896e-01 6.138224093866669756e-02
0.000000000000000000e+00 3.753555370666664462e-03 3.364808805546666282e-01 5.981775727786666774e-01 6.158799129600000394e-02
0.000000000000000000e+00 3.721745749333329155e-03 3.359507094186665599e-01 5.985333439146667267e-01 6.179420091733336950e-02
0.000000000000000000e+00 3.690116351999999256e-03 3.354206376106666498e-01 5.988883757226667326e-01 6.200087031466667425e-02
0.000000000000000000e+00 3.658666666666669006e-03 3.348906666666666143e-01 5.992426666666667012e-01 6.220799999999999247e-02
0.000000000000000000e+00 3.627396181333328740e-03 3.343607981226666137e-01 5.995962152106666387e-01 6.241559048533335680e-02
0.000000000000000000e+00 3.596304383999999153e-03 3.338310335146666974e-01 5.999490198186666623e-01 6.262364228266667499e-02
0.000000000000000000e+00 3.565390762666659306e-03 3.333013743786665817e-01 6.003010789546667780e-01 6.283215590400002826e-02
0.000000000000000000e+00 3.534654805333329458e-03 3.327718222506666490e-01 6.006523910826666590e-01 6.304113186133335212e-02
0.000000000000000000e+00 3.504095999999999080e-03 3.322423786666666712e-01 6.010029546666666445e-01 6.325057066666665839e-02
0.000000000000000000e+00 3.473713834666663711e-03 3.317130451626665311e-01 6.013527681706667405e-01 6.346047283200002831e-02
0.000000000000000000e+00 3.443507797333334071e-03 3.311838232746666111e-01 6.017018300586667312e-01 6.367083886933334880e-02
0.000000000000000000e+00 3.413477375999998328e-03 3.306547145386666275e-01 6.020501387946667338e-01 6.388166929066670108e-02
0.000000000000000000e+00 3.383622058666668070e-03 3.301257204906666298e-01 6.023976928426666433e-01 6.409296460800002759e-02
0.000000000000000000e+00 3.353941333333337969e-03 3.295968426666666673e-01 6.027444906666665769e-01 6.430472533333334018e-02
0.000000000000000000e+00 3.324434687999994458e-03 3.290680826026666228e-01 6.030905307306666518e-01 6.451695197866669229e-02
0.000000000000000000e+00 3.295101610666664304e-03 3.285394418346666567e-01 6.034358114986666521e-01 6.472964505599999863e-02
0.000000000000000000e+00 3.265941589333324832e-03 3.280109218986665409e-01 6.037803314346668060e-01 6.494280507733336816e-02
0.000000000000000000e+00 3.236954111999994568e-03 3.274825243306665468e-01 6.041240890026666754e-01 6.515643255466668782e-02
0.000000000000000000e+00 3.208138666666664716e-03 3.269542506666666681e-01 6.044670826666667107e-01 6.537052799999999719e-02
0.000000000000000000e+00 3.179494741333329082e-03 3.264261024426666213e-01 6.048093108906666959e-01 6.558509192533337750e-02
0.000000000000000000e+00 3.151021823999998819e-03 3.258980811946666778e-01 6.051507721386666372e-01 6.580012484266667405e-02
0.000000000000000000e+00 3.122719402666663830e-03 3.253701884586665538e-01 6.054914648746667627e-01 6.601562726400005132e-02
0.000000000000000000e+00 3.094586965333333533e-03 3.248424257706666318e-01 6.058313875626667455e-01 6.623159970133334074e-02
0.000000000000000000e+00 3.066624000000003035e-03 3.243147946666666837e-01 6.061705386666667028e-01 6.644804266666665127e-02
0.000000000000000000e+00 3.038829994666663540e-03 3.237872966826665921e-01 6.065089166506667517e-01 6.666495667200003639e-02
0.000000000000000000e+00 3.011204437333333574e-03 3.232599333546666287e-01 6.068465199786666764e-01 6.688234222933334139e-02
0.000000000000000000e+00 2.983746815999990462e-03 3.227327062186665652e-01 6.071833471146667049e-01 6.710019985066671688e-02
0.000000000000000000e+00 2.956456618666660537e-03 3.222056168106666174e-01 6.075193965226666215e-01 6.731853004800002205e-02
0.000000000000000000e+00 2.929333333333329799e-03 3.216786666666666683e-01 6.078546666666666543e-01 6.753733333333333810e-02
0.000000000000000000e+00 2.902376447999994655e-03 3.211518573226666007e-01 6.081891560106666983e-01 6.775661021866669076e-02
0.000000000000000000e+00 2.875585450666664090e-03 3.206251903146666304e-01 6.085228630186666487e-01 6.797636121600000858e-02
0.000000000000000000e+00 2.848959829333329308e-03 3.200986671786665294e-01 6.088557861546668448e-01 6.819658683733338667e-02
0.000000000000000000e+00 2.822499071999998860e-03 3.195722894506665690e-01 6.091879238826667375e-01 6.841728759466668419e-02
0.000000000000000000e+00 2.796202666666667853e-03 3.190460586666666321e-01 6.095192746666666661e-01 6.863846399999999626e-02
0.000000000000000000e+00 2.770070101333328792e-03 3.185199763626666014e-01 6.098498369706666367e-01 6.886011656533336245e-02
0.000000000000000000e+00 2.744100863999998467e-03 3.179940440746666375e-01 6.101796092586666553e-01 6.908224580266668358e-02
0.000000000000000000e+00 2.718294442666659410e-03 3.174682633386665676e-01 6.105085899946667283e-01 6.930485222400004086e-02
0.000000000000000000e+00 2.692650325333329278e-03 3.169426356906666076e-01 6.108367776426667506e-01 6.952793634133334899e-02
0.000000000000000000e+00 2.667167999999998842e-03 3.164171626666666959e-01 6.111641706666666174e-01 6.975149866666666143e-02
0.000000000000000000e+00 2.641846954666664075e-03 3.158918458026665488e-01 6.114907675306666679e-01 6.997553971200004552e-02
0.000000000000000000e+00 2.616686677333333096e-03 3.153666866346666042e-01 6.118165666986666862e-01 7.020005998933334657e-02
0.000000000000000000e+00 2.591686655999997976e-03 3.148416866986665785e-01 6.121415666346666784e-01 7.042506001066671517e-02
0.000000000000000000e+00 2.566846378666667264e-03 3.143168475306666321e-01 6.124657658026666507e-01 7.065054028800002439e-02
0.000000000000000000e+00 2.542165333333336504e-03 3.137921706666667032e-01 6.127891626666666092e-01 7.087650133333332769e-02
0.000000000000000000e+00 2.517643007999994728e-03 3.132676576426665638e-01 6.131117556906666710e-01 7.110294365866670629e-02
0.000000000000000000e+00 2.493278890666663934e-03 3.127433099946666517e-01 6.134335433386666203e-01 7.132986777600001937e-02
0.000000000000000000e+00 2.469072469333325782e-03 3.122191292586665168e-01 6.137545240746667963e-01 7.155727419733338979e-02
0.000000000000000000e+00 2.445023231999994898e-03 3.116951169706665969e-01 6.140746963626667609e-01 7.178516343466669059e-02
0.000000000000000000e+00 2.421130666666664218e-03 3.111712746666666640e-01 6.143940586666666315e-01 7.201353600000000299e-02
0.000000000000000000e+00 2.397394261333329283e-03 3.106476038826666008e-01 6.147126094506667471e-01 7.224239240533336659e-02
0.000000000000000000e+00 2.373813503999998645e-03 3.101241061546666233e-01 6.150303471786666698e-01 7.247173316266668219e-02
0.000000000000000000e+00 2.350387882666663507e-03 3.096007830186665588e-01 6.153472703146667389e-01 7.270155878400005878e-02
0.000000000000000000e+00 2.327116885333332854e-03 3.090776360106666232e-01 6.156633773226667383e-01 7.293186978133336940e-02
0.000000000000000000e+00 2.304000000000001793e-03 3.085546666666666993e-01 6.159786666666666743e-01 7.316266666666666751e-02
0.000000000000000000e+00 2.281036714666663696e-03 3.080318765226665589e-01 6.162931368106667751e-01 7.339394995200003435e-02
0.000000000000000000e+00 2.258226517333332753e-03 3.075092671146666401e-01 6.166067862186667137e-01 7.362572014933334297e-02
0.000000000000000000e+00 2.235568895999991493e-03 3.069868399786666036e-01 6.169196133546667182e-01 7.385797777066671621e-02
0.000000000000000000e+00 2.213063338666661044e-03 3.064645966506666097e-01 6.172316166826666839e-01 7.409072332800002714e-02
0.000000000000000000e+00 2.190709333333330008e-03 3.059425386666667079e-01 6.175427946666667278e-01 7.432395733333332921e-02
0.000000000000000000e+00 2.168506367999994792e-03 3.054206675626665590e-01 6.178531457706666341e-01 7.455768029866671753e-02
0.000000000000000000e+00 2.146453930666664383e-03 3.048989848746666009e-01 6.181626684586666309e-01 7.479189273600002352e-02
0.000000000000000000e+00 2.124551509333329116e-03 3.043774921386664944e-01 6.184713611946668355e-01 7.502659515733338391e-02
0.000000000000000000e+00 2.102798591999998409e-03 3.038561908906665665e-01 6.187792224426666987e-01 7.526178807466669951e-02
0.000000000000000000e+00 2.081194666666666936e-03 3.033350826666666444e-01 6.190862506666666709e-01 7.549747200000000991e-02
0.000000000000000000e+00 2.059739221333329370e-03 3.028141690026665556e-01 6.193924443306667582e-01 7.573364744533338244e-02
0.000000000000000000e+00 2.038431743999998165e-03 3.022934514346666823e-01 6.196978018986667447e-01 7.597031492266667629e-02
0.000000000000000000e+00 2.017271722666660622e-03 3.017729314986665745e-01 6.200023218346667475e-01 7.620747494400005595e-02
0.000000000000000000e+00 1.996258645333329629e-03 3.012526107306666145e-01 6.203060026026666618e-01 7.644512802133336671e-02
0.000000000000000000e+00 1.975391999999998559e-03 3.007324906666666298e-01 6.206088426666667157e-01 7.668327466666668979e-02
0.000000000000000000e+00 1.954671274666663818e-03 3.002125728426665030e-01 6.209108404906666934e-01 7.692191539200005090e-02
0.000000000000000000e+00 1.934095957333332658e-03 2.996928587946665612e-01 6.212119945386667119e-01 7.716105070933336474e-02
0.000000000000000000e+00 1.913665536000001485e-03 2.991733500586666317e-01 6.215123032746666665e-01 7.740068113066667088e-02
0.000000000000000000e+00 1.893379498666666492e-03 2.986540481706665973e-01 6.218117651626666742e-01 7.764080716800003668e-02
0.000000000000000000e+00 1.873237333333335579e-03 2.981349546666666739e-01 6.221103786666666302e-01 7.788142933333333517e-02
0.000000000000000000e+00 1.853238527999995179e-03 2.976160710826665778e-01 6.224081422506667627e-01 7.812254813866671699e-02
0.000000000000000000e+00 1.833382570666664251e-03 2.970973989546666361e-01 6.227050543786666337e-01 7.836416409600002742e-02
0.000000000000000000e+00 1.813668949333332916e-03 2.965789398186666759e-01 6.230011135146666934e-01 7.860627771733333380e-02
0.000000000000000000e+00 1.794097151999995412e-03 2.960606952106665801e-01 6.232963181226667260e-01 7.884888951466668960e-02
0.000000000000000000e+00 1.774666666666664411e-03 2.955426666666666202e-01 6.235906666666667375e-01 7.909200000000000952e-02
0.000000000000000000e+00 1.755376981333329383e-03 2.950248557226665680e-01 6.238841576106666231e-01 7.933560968533338864e-02
0.000000000000000000e+00 1.736227583999998226e-03 2.945072639146666393e-01 6.241767894186667220e-01 7.957971908266668615e-02
0.000000000000000000e+00 1.717217962666666917e-03 2.939898927786667171e-01 6.244685605546667073e-01 7.982432870399999714e-02
0.000000000000000000e+00 1.698347605333332512e-03 2.934727438506665731e-01 6.247594694826666961e-01 8.006943906133337507e-02
0.000000000000000000e+00 1.679616000000001179e-03 2.929558186666666453e-01 6.250495146666666946e-01 8.031505066666669301e-02
0.000000000000000000e+00 1.661022634666663687e-03 2.924391187626665389e-01 6.253386945706667088e-01 8.056116403200005993e-02
0.000000000000000000e+00 1.642566997333332274e-03 2.919226456746665810e-01 6.256270076586667450e-01 8.080777966933336276e-02
0.000000000000000000e+00 1.624248576000001179e-03 2.914064009386666543e-01 6.259144523946666983e-01 8.105489809066666884e-02
0.000000000000000000e+00 1.606066858666661389e-03 2.908903860906666416e-01 6.262010272426666857e-01 8.130251980800003164e-02
0.000000000000000000e+00 1.588021333333329912e-03 2.903746026666666480e-01 6.264867306666667135e-01 8.155064533333333809e-02
0.000000000000000000e+00 1.570111487999995351e-03 2.898590522026666116e-01 6.267715611306666768e-01 8.179927517866672493e-02
0.000000000000000000e+00 1.552336810666664086e-03 2.893437362346665820e-01 6.270555170986666926e-01 8.204840985600003744e-02
0.000000000000000000e+00 1.534696789333332744e-03 2.888286562986666639e-01 6.273385970346666562e-01 8.229804987733332911e-02
0.000000000000000000e+00 1.517190911999997949e-03 2.883138139306665182e-01 6.276207994026667958e-01 8.254819575466670889e-02
0.000000000000000000e+00 1.499818666666666517e-03 2.877992106666666383e-01 6.279021226666666733e-01 8.279884800000000822e-02
0.000000000000000000e+00 1.482579541333329653e-03 2.872848480426665740e-01 6.281825652906667390e-01 8.305000712533337770e-02
0.000000000000000000e+00 1.465473023999998292e-03 2.867707275946665968e-01 6.284621257386666660e-01 8.330167364266669039e-02
0.000000000000000000e+00 1.448498602666666675e-03 2.862568508586667004e-01 6.287408024746666824e-01 8.355384806399998587e-02
0.000000000000000000e+00 1.431655765333329691e-03 2.857432193706666013e-01 6.290185939626666833e-01 8.380653090133337313e-02
0.000000000000000000e+00 1.414943999999998493e-03 2.852298346666666817e-01 6.292954986666666750e-01 8.405972266666668358e-02
0.000000000000000000e+00 1.398362794666663852e-03 2.847166982826665471e-01 6.295715150506667745e-01 8.431342387200005395e-02
0.000000000000000000e+00 1.381911637333332150e-03 2.842038117546665799e-01 6.298466415786667660e-01 8.456763502933335730e-02
0.000000000000000000e+00 1.365590016000000880e-03 2.836911766186666628e-01 6.301208767146666556e-01 8.482235665066666097e-02
0.000000000000000000e+00 1.349397418666666232e-03 2.831787944106666233e-01 6.303942189226667825e-01 8.507758924800003231e-02
0.000000000000000000e+00 1.333333333333334590e-03 2.826666666666666217e-01 6.306666666666667087e-01 8.533333333333334436e-02
0.000000000000000000e+00 1.317397247999995639e-03 2.821547949226665408e-01 6.309382184106666625e-01 8.558958941866673387e-02
0.000000000000000000e+00 1.301588650666664218e-03 2.816431807146665967e-01 6.312088726186666499e-01 8.584635801600003224e-02
0.000000000000000000e+00 1.285907029333332617e-03 2.811318255786666720e-01 6.314786277546666771e-01 8.610363963733334847e-02
0.000000000000000000e+00 1.270351871999995941e-03 2.806207310506665942e-01 6.317474822826667502e-01 8.636143479466670825e-02
0.000000000000000000e+00 1.254922666666664259e-03 2.801098986666666346e-01 6.320154346666666534e-01 8.661974400000001240e-02
0.000000000000000000e+00 1.239618901333329861e-03 2.795993299626665651e-01 6.322824833706667258e-01 8.687856776533339764e-02
0.000000000000000000e+00 1.224440063999998260e-03 2.790890264746666571e-01 6.325486268586666405e-01 8.713790660266668153e-02
0.000000000000000000e+00 1.209385642666666733e-03 2.785789897386666825e-01 6.328138635946667367e-01 8.739776102400000080e-02
0.000000000000000000e+00 1.194455125333332120e-03 2.780692212906665794e-01 6.330781920426666876e-01 8.765813154133338114e-02
0.000000000000000000e+00 1.179648000000000372e-03 2.775597226666666195e-01 6.333416106666666101e-01 8.791901866666669563e-02
0.000000000000000000e+00 1.164963754666663992e-03 2.770504954026665190e-01 6.336041179306667326e-01 8.818042291200006710e-02
0.000000000000000000e+00 1.150401877333332183e-03 2.765415410346665492e-01 6.338657122986667281e-01 8.844234478933336863e-02
0.000000000000000000e+00 1.135961856000000702e-03 2.760328610986666487e-01 6.341263922346667137e-01 8.870478481066666754e-02
0.000000000000000000e+00 1.121643178666662053e-03 2.755244571306666446e-01 6.343861562026666956e-01 8.896774348800003118e-02
0.000000000000000000e+00 1.107445333333330426e-03 2.750163306666666974e-01 6.346450026666666799e-01 8.923122133333333261e-02
0.000000000000000000e+00 1.093367807999996158e-03 2.745084832426665233e-01 6.349029300906666728e-01 8.949521885866673632e-02
0.000000000000000000e+00 1.079410090666664329e-03 2.740009163946666160e-01 6.351599369386666805e-01 8.975973657600003208e-02
0.000000000000000000e+00 1.065571669333332432e-03 2.734936316586666361e-01 6.354160216746667089e-01 9.002477499733334276e-02
0.000000000000000000e+00 1.051852031999998176e-03 2.729866305706665774e-01 6.356711827626667644e-01 9.029033463466670795e-02
0.000000000000000000e+00 1.038250666666666209e-03 2.724799146666666005e-01 6.359254186666667419e-01 9.055641600000002844e-02
0.000000000000000000e+00 1.024767061333330120e-03 2.719734854826665327e-01 6.361787278506667587e-01 9.082301960533339935e-02
0.000000000000000000e+00 1.011400703999998244e-03 2.714673445546666453e-01 6.364311087786667098e-01 9.109014596266669372e-02
0.000000000000000000e+00 9.981510826666665538e-04 2.709614934186667101e-01 6.366825599146666015e-01 9.135779558399999278e-02
0.000000000000000000e+00 9.850176853333301574e-04 2.704559336106665546e-01 6.369330797226666618e-01 9.162596898133339163e-02
0.000000000000000000e+00 9.719999999999983644e-04 2.699506666666666166e-01 6.371826666666666750e-01 9.189466666666669392e-02
0.000000000000000000e+00 9.590975146666641136e-04 2.694456941226665014e-01 6.374313192106667580e-01 9.216388915200006415e-02
0.000000000000000000e+00 9.463097173333322697e-04 2.689410175146665916e-01 6.376790358186666952e-01 9.243363694933336150e-02
0.000000000000000000e+00 9.336360960000003248e-04 2.684366383786666033e-01 6.379258149546667145e-01 9.270391057066666718e-02
0.000000000000000000e+00 9.210761386666659880e-04 2.679325582506665304e-01 6.381716550826667111e-01 9.297471052800004854e-02
0.000000000000000000e+00 9.086293333333340157e-04 2.674287786666666444e-01 6.384165546666666913e-01 9.324603733333335087e-02
0.000000000000000000e+00 8.962951680000020085e-04 2.669253011626667171e-01 6.386605121706666610e-01 9.351789149866665540e-02
0.000000000000000000e+00 8.840731306666644229e-04 2.664221272746665758e-01 6.389035260586666265e-01 9.379027353600004335e-02
0.000000000000000000e+00 8.719627093333324119e-04 2.659192585386666585e-01 6.391455947946667049e-01 9.406318395733334614e-02
0.000000000000000000e+00 8.599633919999965289e-04 2.654166964906665149e-01 6.393867168426667913e-01 9.433662327466672826e-02
0.000000000000000000e+00 8.480746666666644576e-04 2.649144426666666385e-01 6.396268906666666698e-01 9.461059200000002112e-02
0.000000000000000000e+00 8.362960213333324976e-04 2.644124986026666346e-01 6.398661147306666797e-01 9.488509064533333370e-02
0.000000000000000000e+00 8.246269439999983578e-04 2.639108658346666081e-01 6.401043874986667159e-01 9.516011972266670560e-02
0.000000000000000000e+00 8.130669226666662527e-04 2.634095458986666638e-01 6.403417074346666737e-01 9.543567974400000986e-02
0.000000000000000000e+00 8.016154453333321564e-04 2.629085403306665736e-01 6.405780730026666703e-01 9.571177122133339710e-02
0.000000000000000000e+00 7.902719999999999580e-04 2.624078506666666089e-01 6.408134826666667117e-01 9.598839466666669873e-02
0.000000000000000000e+00 7.790360746666679086e-04 2.619074784426667080e-01 6.410479348906665820e-01 9.626555059199999598e-02
0.000000000000000000e+00 7.679071573333321995e-04 2.614074251946665872e-01 6.412814281386667314e-01 9.654323950933338394e-02
0.000000000000000000e+00 7.568847360000000805e-04 2.609076924586666291e-01 6.415139608746667221e-01 9.682146193066668016e-02
0.000000000000000000e+00 7.459682986666629724e-04 2.604082817706666053e-01 6.417455315626667822e-01 9.710021836800004913e-02
0.000000000000000000e+00 7.351573333333308357e-04 2.599091946666666764e-01 6.419761386666666958e-01 9.737950933333335002e-02
0.000000000000000000e+00 7.244513279999986689e-04 2.594104326826666695e-01 6.422057806506666910e-01 9.765933533866666405e-02
0.000000000000000000e+00 7.138497706666646148e-04 2.589119973546665787e-01 6.424344559786666631e-01 9.793969689600004469e-02
0.000000000000000000e+00 7.033521493333323455e-04 2.584138902186666198e-01 6.426621631146666180e-01 9.822059451733335111e-02
0.000000000000000000e+00 6.929579519999982690e-04 2.579161128106665091e-01 6.428889005226667841e-01 9.850202871466673393e-02
0.000000000000000000e+00 6.826666666666660575e-04 2.574186666666666290e-01 6.431146666666667233e-01 9.878400000000002457e-02
0.000000000000000000e+00 6.724777813333338537e-04 2.569215533226666404e-01 6.433394600106666639e-01 9.906650888533333199e-02
0.000000000000000000e+00 6.623907839999983909e-04 2.564247743146665925e-01 6.435632790186667229e-01 9.934955588266670967e-02
0.000000000000000000e+00 6.524051626666661600e-04 2.559283311786666459e-01 6.437861221546666846e-01 9.963314150400001679e-02
0.000000000000000000e+00 6.425204053333307503e-04 2.554322254506665724e-01 6.440079878826667770e-01 9.991726626133340394e-02
0.000000000000000000e+00 6.327359999999984360e-04 2.549364586666665877e-01 6.442288746666666732e-01 1.002019306666667164e-01
0.000000000000000000e+00 6.230514346666662755e-04 2.544410323626666859e-01 6.444487809706667125e-01 1.004871352319999939e-01
0.000000000000000000e+00 6.134661973333321947e-04 2.539459480746665831e-01 6.446677052586666790e-01 1.007728804693333868e-01
0.000000000000000000e+00 6.039797759999998659e-04 2.534512073386666065e-01 6.448856459946666897e-01 1.010591668906666851e-01
0.000000000000000000e+00 5.945916586666659138e-04 2.529568116906665831e-01 6.451026016426667509e-01 1.013459950080000532e-01
0.000000000000000000e+00 5.853013333333336853e-04 2.524627626666666180e-01 6.453185706666666466e-01 1.016333653333333642e-01
0.000000000000000000e+00 5.761082880000013232e-04 2.519690618026666495e-01 6.455335515306666050e-01 1.019212783786666576e-01
0.000000000000000000e+00 5.670120106666646934e-04 2.514757106346665605e-01 6.457475426986667433e-01 1.022097346560000564e-01
0.000000000000000000e+00 5.580119893333323469e-04 2.509827106986666778e-01 6.459605426346666235e-01 1.024987346773333502e-01
0.000000000000000000e+00 5.491077119999972223e-04 2.504900635306665513e-01 6.461725498026666958e-01 1.027882789546667314e-01
0.000000000000000000e+00 5.402986666666648348e-04 2.499977706666666188e-01 6.463835626666667444e-01 1.030783680000000313e-01
0.000000000000000000e+00 5.315843413333325683e-04 2.495058336426666523e-01 6.465935796906666644e-01 1.033690023253333312e-01
0.000000000000000000e+00 5.229642239999985655e-04 2.490142539946665901e-01 6.468025993386667949e-01 1.036601824426667123e-01
0.000000000000000000e+00 5.144378026666661732e-04 2.485230332586666757e-01 6.470106200746665870e-01 1.039519088640000061e-01
0.000000000000000000e+00 5.060045653333322332e-04 2.480321729706665423e-01 6.472176403626667129e-01 1.042441821013334047e-01
0.000000000000000000e+00 4.976639999999997671e-04 2.475416746666666001e-01 6.474236586666666238e-01 1.045370026666667118e-01
0.000000000000000000e+00 4.894155946666673513e-04 2.470515398826666487e-01 6.476286734506666587e-01 1.048303710720000087e-01
0.000000000000000000e+00 4.812588373333323154e-04 2.465617701546665708e-01 6.478326831786667128e-01 1.051242878293333766e-01
0.000000000000000000e+00 4.731932159999998493e-04 2.460723670186666379e-01 6.480356863146666813e-01 1.054187534506666746e-01
0.000000000000000000e+00 4.652182186666637591e-04 2.455833320106665940e-01 6.482376813226666812e-01 1.057137684480000672e-01
0.000000000000000000e+00 4.573333333333312405e-04 2.450946666666666551e-01 6.484386666666667187e-01 1.060093333333333582e-01
0.000000000000000000e+00 4.495380479999988100e-04 2.446063725226667041e-01 6.486386408106666890e-01 1.063054486186666564e-01
0.000000000000000000e+00 4.418318506666649354e-04 2.441184511146665959e-01 6.488376022186667091e-01 1.066021148160000570e-01
0.000000000000000000e+00 4.342142293333324217e-04 2.436309039786666297e-01 6.490355493546666743e-01 1.068993324373333637e-01
0.000000000000000000e+00 4.266846719999985442e-04 2.431437326506665220e-01 6.492324806826667016e-01 1.071971019946667408e-01
0.000000000000000000e+00 4.192426666666660535e-04 2.426569386666665995e-01 6.494283946666666862e-01 1.074954240000000338e-01
0.000000000000000000e+00 4.118877013333335259e-04 2.421705235626666064e-01 6.496232897706666343e-01 1.077942989653333378e-01
0.000000000000000000e+00 4.046192639999986163e-04 2.416844888746665920e-01 6.498171644586667739e-01 1.080937274026667200e-01
0.000000000000000000e+00 3.974368426666661353e-04 2.411988361386666335e-01 6.500100171946666672e-01 1.083937098240000257e-01
0.000000000000000000e+00 3.903399253333312982e-04 2.407135668906665582e-01 6.502018464426666533e-01 1.086942467413334196e-01
0.000000000000000000e+00 3.833279999999987531e-04 2.402286826666665820e-01 6.503926506666666274e-01 1.089953386666667190e-01
0.000000000000000000e+00 3.764005546666662088e-04 2.397441850026666432e-01 6.505824283306665956e-01 1.092969861120000191e-01
0.000000000000000000e+00 3.695570773333323503e-04 2.392600754346665415e-01 6.507711778986666751e-01 1.095991895893333873e-01
0.000000000000000000e+00 3.627970559999997655e-04 2.387763554986666314e-01 6.509588978346667609e-01 1.099019496106666827e-01
0.000000000000000000e+00 3.561199786666659466e-04 2.382930267306665739e-01 6.511455866026667483e-01 1.102052666880000698e-01
0.000000000000000000e+00 3.495253333333333190e-04 2.378100906666666403e-01 6.513312426666666433e-01 1.105091413333333661e-01
0.000000000000000000e+00 3.430126080000007300e-04 2.373275488426666857e-01 6.515158644906666741e-01 1.108135740586666668e-01
0.000000000000000000e+00 3.365812906666651298e-04 2.368454027946665652e-01 6.516994505386666248e-01 1.111185653760000669e-01
0.000000000000000000e+00 3.302308693333325757e-04 2.363636540586666335e-01 6.518819992746666125e-01 1.114241157973333701e-01
0.000000000000000000e+00 3.239608319999978496e-04 2.358823041706665236e-01 6.520635091626667545e-01 1.117302258346667548e-01
0.000000000000000000e+00 3.177706666666652740e-04 2.354013546666665901e-01 6.522439786666667239e-01 1.120368960000000386e-01
0.000000000000000000e+00 3.116598613333326122e-04 2.349208070826666328e-01 6.524234062506666376e-01 1.123441268053333442e-01
0.000000000000000000e+00 3.056279039999988201e-04 2.344406629546666176e-01 6.526017903786667240e-01 1.126519187626667251e-01
0.000000000000000000e+00 2.996742826666661604e-04 2.339609238186666496e-01 6.527791295146666561e-01 1.129602723840000267e-01
0.000000000000000000e+00 2.937984853333334805e-04 2.334815912106666946e-01 6.529554221226666622e-01 1.132691881813333301e-01
0.000000000000000000e+00 2.879999999999996820e-04 2.330026666666665802e-01 6.531306666666667482e-01 1.135786666666667166e-01
0.000000000000000000e+00 2.822783146666669736e-04 2.325241517226666332e-01 6.533048616106666984e-01 1.138887083520000176e-01
0.000000000000000000e+00 2.766329173333324678e-04 2.320460479146665422e-01 6.534780054186667408e-01 1.141993137493333976e-01
0.000000000000000000e+00 2.710632959999997285e-04 2.315683567786665786e-01 6.536500965546666597e-01 1.145104833706667019e-01
0.000000000000000000e+00 2.655689386666670068e-04 2.310910798506666530e-01 6.538211334826666832e-01 1.148222177279999978e-01
0.000000000000000000e+00 2.601493333333317949e-04 2.306142186666666205e-01 6.539911146666667063e-01 1.151345173333333805e-01
0.000000000000000000e+00 2.548039679999990659e-04 2.301377747626666692e-01 6.541600385706667353e-01 1.154473826986666812e-01
0.000000000000000000e+00 2.495323306666653363e-04 2.296617496746665432e-01 6.543279036586666653e-01 1.157608143360000785e-01
0.000000000000000000e+00 2.443339093333325978e-04 2.291861449386666250e-01 6.544947083946666133e-01 1.160748127573333621e-01
0.000000000000000000e+00 2.392081919999998333e-04 2.287109620906666585e-01 6.546604512426665856e-01 1.163893784746666688e-01
0.000000000000000000e+00 2.341546666666661071e-04 2.282362026666665544e-01 6.548251306666666993e-01 1.167045120000000519e-01
0.000000000000000000e+00 2.291728213333333567e-04 2.277618682026666397e-01 6.549887451306666275e-01 1.170202138453333429e-01
0.000000000000000000e+00 2.242621439999989928e-04 2.272879602346665751e-01 6.551512930986667094e-01 1.173364845226667341e-01
0.000000000000000000e+00 2.194221226666661728e-04 2.268144802986666597e-01 6.553127730346666180e-01 1.176533245440000153e-01
0.000000000000000000e+00 2.146522453333333646e-04 2.263414299306666932e-01 6.554731834026665815e-01 1.179707344213333231e-01
0.000000000000000000e+00 2.099519999999990632e-04 2.258688106666665862e-01 6.556325226666666062e-01 1.182887146666667250e-01
0.000000000000000000e+00 2.053208746666662090e-04 2.253966240426666379e-01 6.557907892906666980e-01 1.186072657920000245e-01
0.000000000000000000e+00 2.007583573333325652e-04 2.249248715946665367e-01 6.559479817386667522e-01 1.189263883093334001e-01
0.000000000000000000e+00 1.962639359999997170e-04 2.244535548586666096e-01 6.561040984746666638e-01 1.192460827306666971e-01
0.000000000000000000e+00 1.918370986666668911e-04 2.239826753706666285e-01 6.562591379626666610e-01 1.195663495680000105e-01
0.000000000000000000e+00 1.874773333333332333e-04 2.235122346666666149e-01 6.564130986666667500e-01 1.198871893333333660e-01
0.000000000000000000e+00 1.831841280000003557e-04 2.230422342826666460e-01 6.565659790506666038e-01 1.202086025386666784e-01
0.000000000000000000e+00 1.789569706666655608e-04 2.225726757546665491e-01 6.567177775786666727e-01 1.205305896960000844e-01
0.000000000000000000e+00 1.747953493333326833e-04 2.221035606186665956e-01 6.568684927146666297e-01 1.208531513173333738e-01
0.000000000000000000e+00 1.706987519999998118e-04 2.216348904106666684e-01 6.570181229226665920e-01 1.211762879146666833e-01
0.000000000000000000e+00 1.666666666666656311e-04 2.211666666666665670e-01 6.571666666666666767e-01 1.215000000000000524e-01
0.000000000000000000e+00 1.626985813333327563e-04 2.206988909226666462e-01 6.573141224106666680e-01 1.218242880853333404e-01
0.000000000000000000e+00 1.587939839999991402e-04 2.202315647146665667e-01 6.574604886186666830e-01 1.221491526826667395e-01
0.000000000000000000e+00 1.549523626666662326e-04 2.197646895786666554e-01 6.576057637546667278e-01 1.224745943040000257e-01
0.000000000000000000e+00 1.511732053333333416e-04 2.192982670506667120e-01 6.577499462826666976e-01 1.228006134613333217e-01
0.000000000000000000e+00 1.474559999999997212e-04 2.188322986666665637e-01 6.578930346666667095e-01 1.231272106666667365e-01
0.000000000000000000e+00 1.438002346666667939e-04 2.183667859626666208e-01 6.580350273706665476e-01 1.234543864320000323e-01
0.000000000000000000e+00 1.402053973333326753e-04 2.179017304746665440e-01 6.581759228586667732e-01 1.237821412693334011e-01
0.000000000000000000e+00 1.366709759999997637e-04 2.174371337386666048e-01 6.583157195946667262e-01 1.241104756906667023e-01
0.000000000000000000e+00 1.331964586666667979e-04 2.169729972906666304e-01 6.584544160426666348e-01 1.244393902080000031e-01
0.000000000000000000e+00 1.297813333333322733e-04 2.165093226666665871e-01 6.585920106666667273e-01 1.247688853333333847e-01
0.000000000000000000e+00 1.264250879999993197e-04 2.160461114026666629e-01 6.587285019306666767e-01 1.250989615786666787e-01
0.000000000000000000e+00 1.231272106666657547e-04 2.155833650346665464e-01 6.588638882986666001e-01 1.254296194560000910e-01
0.000000000000000000e+00 1.198871893333327838e-04 2.151210850986666201e-01 6.589981682346666148e-01 1.257608594773333699e-01
0.000000000000000000e+00 1.167045119999998238e-04 2.146592731306666557e-01 6.591313402026666157e-01 1.260926821546666798e-01
0.000000000000000000e+00 1.135786666666662505e-04 2.141979306666665639e-01 6.592634026666667202e-01 1.264250880000000465e-01
0.000000000000000000e+00 1.105091413333332561e-04 2.137370592426666160e-01 6.593943540906667122e-01 1.267580775253333569e-01
0.000000000000000000e+00 1.074954239999992951e-04 2.132766603946665840e-01 6.595241929386667090e-01 1.270916512426667477e-01
0.000000000000000000e+00 1.045370026666662911e-04 2.128167356586666004e-01 6.596529176746666057e-01 1.274258096640000504e-01
0.000000000000000000e+00 1.016333653333332816e-04 2.123572865706666590e-01 6.597805267626666303e-01 1.277605533013333461e-01
0.000000000000000000e+00 9.878399999999935778e-05 2.118983146666665873e-01 6.599070186666666782e-01 1.280958826666667438e-01
0.000000000000000000e+00 9.598839466666633520e-05 2.114398214826666567e-01 6.600323918506666443e-01 1.284317982720000195e-01
0.000000000000000000e+00 9.324603733333280378e-05 2.109818085546665278e-01 6.601566447786666458e-01 1.287683006293334209e-01
0.000000000000000000e+00 9.055641599999976585e-05 2.105242774186665833e-01 6.602797759146668000e-01 1.291053902506667239e-01
0.000000000000000000e+00 8.791901866666673292e-05 2.100672296106666503e-01 6.604017837226666687e-01 1.294430676480000098e-01
0.000000000000000000e+00 8.533333333333320298e-05 2.096106666666666118e-01 6.605226666666667024e-01 1.297813333333333874e-01
0.000000000000000000e+00 8.279884800000015122e-05 2.091545901226666837e-01 6.606424232106666850e-01 1.301201878186666883e-01
0.000000000000000000e+00 8.031505066666595077e-05 2.086990015146665267e-01 6.607610518186666226e-01 1.304596316160001046e-01
0.000000000000000000e+00 7.788142933333289141e-05 2.082439023786665788e-01 6.608785509546666326e-01 1.307996652373333846e-01
0.000000000000000000e+00 7.549747199999982060e-05 2.077892942506666674e-01 6.609949190826667209e-01 1.311402891946666649e-01
0.000000000000000000e+00 7.316266666666600593e-05 2.073351786666665364e-01 6.611101546666666717e-01 1.314815040000000823e-01
0.000000000000000000e+00 7.087650133333293760e-05 2.068815571626666239e-01 6.612242561706667132e-01 1.318233101653333572e-01
0.000000000000000000e+00 6.863846399999944949e-05 2.064284312746665628e-01 6.613372220586667405e-01 1.321657082026667374e-01
0.000000000000000000e+00 6.644804266666636775e-05 2.059758025386665969e-01 6.614490507946666487e-01 1.325086986240000542e-01
0.000000000000000000e+00 6.430472533333327165e-05 2.055236724906666923e-01 6.615597408426667769e-01 1.328522819413333333e-01
0.000000000000000000e+00 6.220799999999978116e-05 2.050720426666665652e-01 6.616692906666666874e-01 1.331964586666667394e-01
0.000000000000000000e+00 6.015735466666668173e-05 2.046209146026666259e-01 6.617776987306666081e-01 1.335412293120000482e-01
0.000000000000000000e+00 5.815227733333356620e-05 2.041702898346666739e-01 6.618849634986665453e-01 1.338865943893333410e-01
0.000000000000000000e+00 5.619225599999980381e-05 2.037201698986665643e-01 6.619910834346667272e-01 1.342325544106667268e-01
0.000000000000000000e+00 5.427677866666668824e-05 2.032705563306666519e-01 6.620960570026667158e-01 1.345791098880000092e-01
0.000000000000000000e+00 5.240533333333270103e-05 2.028214506666666250e-01 6.621998826666667393e-01 1.349262613333333805e-01
0.000000000000000000e+00 5.057740799999957632e-05 2.023728544426666720e-01 6.623025588906666927e-01 1.352740092586666720e-01
0.000000000000000000e+00 4.879249066666645294e-05 2.019247691946667034e-01 6.624040841386666933e-01 1.356223541759999929e-01
0.000000000000000000e+00 4.705006933333299828e-05 2.014771964586666020e-01 6.625044568746666362e-01 1.359712965973333965e-01
0.000000000000000000e+00 4.534963199999985549e-05 2.010301377706666115e-01 6.626036755626665276e-01 1.363208370346666864e-01
0.000000000000000000e+00 4.369066666666640737e-05 2.005835946666665315e-01 6.627017386666667065e-01 1.366709760000000828e-01
0.000000000000000000e+00 4.207266133333324964e-05 2.001375686826665778e-01 6.627986446506666240e-01 1.370217140053333615e-01
0.000000000000000000e+00 4.049510400000009034e-05 1.996920613546666612e-01 6.628943919786667305e-01 1.373730515626666593e-01
0.000000000000000000e+00 3.895748266666643423e-05 1.992470742186666366e-01 6.629889791146666989e-01 1.377249891840000573e-01
0.000000000000000000e+00 3.745928533333327005e-05 1.988026088106666367e-01 6.630824045226666463e-01 1.380775273813333592e-01
0.000000000000000000e+00 3.599999999999963499e-05 1.983586666666665721e-01 6.631746666666666901e-01 1.384306666666667296e-01
0.000000000000000000e+00 3.457911466666645684e-05 1.979152493226666309e-01 6.632657640106667252e-01 1.387844075520000275e-01
0.000000000000000000e+00 3.319611733333328098e-05 1.974723583146666961e-01 6.633556950186666468e-01 1.391387505493333343e-01
0.000000000000000000e+00 3.185049599999985613e-05 1.970299951786665671e-01 6.634444581546667941e-01 1.394936961706667033e-01
0.000000000000000000e+00 3.054173866666666282e-05 1.965881614506665986e-01 6.635320518826666181e-01 1.398492449280000216e-01
0.000000000000000000e+00 2.926933333333323967e-05 1.961468586666665626e-01 6.636184746666666801e-01 1.402053973333333980e-01
0.000000000000000000e+00 2.803276800000004351e-05 1.957060883626666470e-01 6.637037249706667641e-01 1.405621538986666919e-01
0.000000000000000000e+00 2.683153066666683659e-05 1.952658520746667070e-01 6.637878012586666543e-01 1.409195151359999842e-01
0.000000000000000000e+00 2.566510933333309317e-05 1.948261513386665700e-01 6.638707019946665788e-01 1.412774815573334120e-01
0.000000000000000000e+00 2.453299199999989008e-05 1.943869876906666461e-01 6.639524256426666549e-01 1.416360536746666954e-01
0.000000000000000000e+00 2.343466666666632890e-05 1.939483626666665683e-01 6.640329706666667775e-01 1.419952320000000823e-01
0.000000000000000000e+00 2.236962133333312056e-05 1.935102778026666082e-01 6.641123355306666198e-01 1.423550170453333763e-01
0.000000000000000000e+00 2.133734399999990533e-05 1.930727346346666484e-01 6.641905186986667431e-01 1.427154093226666587e-01
0.000000000000000000e+00 2.033732266666650305e-05 1.926357346986666275e-01 6.642675186346667093e-01 1.430764093440000384e-01
0.000000000000000000e+00 1.936904533333327907e-05 1.921992795306666779e-01 6.643433338026667467e-01 1.434380176213333469e-01
0.000000000000000000e+00 1.843199999999987706e-05 1.917633706666665716e-01 6.644179626666666394e-01 1.438002346666667486e-01
0.000000000000000000e+00 1.752567466666664879e-05 1.913280096426666077e-01 6.644914036906666155e-01 1.441630609920000472e-01
0.000000000000000000e+00 1.664955733333341073e-05 1.908931979946666690e-01 6.645636553386666812e-01 1.445264971093333517e-01
0.000000000000000000e+00 1.580313599999989802e-05 1.904589372586665830e-01 6.646347160746667315e-01 1.448905435306667155e-01
0.000000000000000000e+00 1.498589866666665388e-05 1.900252289706666486e-01 6.647045843626666617e-01 1.452552007680000257e-01
0.000000000000000000e+00 1.419733333333304923e-05 1.895920746666666101e-01 6.647732586666666998e-01 1.456204693333333910e-01
0.000000000000000000e+00 1.343692799999980854e-05 1.891594758826666278e-01 6.648407374506666301e-01 1.459863497386666986e-01
0.000000000000000000e+00 1.270417066666656025e-05 1.887274341546666956e-01 6.649070191786666806e-01 1.463528424960000018e-01
0.000000000000000000e+00 1.199854933333317840e-05 1.882959510186666130e-01 6.649721023146666354e-01 1.467199481173334097e-01
0.000000000000000000e+00 1.131955199999992499e-05 1.878650280106666237e-01 6.650359853226666118e-01 1.470876671146666981e-01
0.000000000000000000e+00 1.066666666666654703e-05 1.874346666666665828e-01 6.650986666666667269e-01 1.474560000000000870e-01
0.000000000000000000e+00 1.003938133333328620e-05 1.870048685226666230e-01 6.651601448106667647e-01 1.478249472853333801e-01
0.000000000000000000e+00 9.437184000000018233e-06 1.865756351146666270e-01 6.652204182186667314e-01 1.481945094826666864e-01
0.000000000000000000e+00 8.859562666666564684e-06 1.861469679786665887e-01 6.652794853546666332e-01 1.485646871040000594e-01
0.000000000000000000e+00 8.306005333333295969e-06 1.857188686506666686e-01 6.653373446826666981e-01 1.489354806613333304e-01
0.000000000000000000e+00 7.775999999999854060e-06 1.852913386666665829e-01 6.653939946666667105e-01 1.493068906666667472e-01
0.000000000000000000e+00 7.269034666666581426e-06 1.848643795626666031e-01 6.654494337706666762e-01 1.496789176320000581e-01
0.000000000000000000e+00 6.784597333333302996e-06 1.844379928746666952e-01 6.655036604586666016e-01 1.500515620693333441e-01
0.000000000000000000e+00 6.322175999999937722e-06 1.840121801386665756e-01 6.655566731946667147e-01 1.504248244906667420e-01
0.000000000000000000e+00 5.881258666666654431e-06 1.835869428906665990e-01 6.656084704426665777e-01 1.507987054080000278e-01
0.000000000000000000e+00 5.461333333333290757e-06 1.831622826666665649e-01 6.656590506666666407e-01 1.511732053333334214e-01
0.000000000000000000e+00 5.061888000000002822e-06 1.827382010026666337e-01 6.657084123306666879e-01 1.515483247786666987e-01
0.000000000000000000e+00 4.682410666666710425e-06 1.823146994346666883e-01 6.657565538986667253e-01 1.519240642559999965e-01
0.000000000000000000e+00 4.322389333333251200e-06 1.818917794986665837e-01 6.658034738346666481e-01 1.523004242773334238e-01
0.000000000000000000e+00 3.981311999999958300e-06 1.814694427306666469e-01 6.658491706026665735e-01 1.526774053546667009e-01
0.000000000000000000e+00 3.658666666666560091e-06 1.810476906666665387e-01 6.658936426666666186e-01 1.530550080000001034e-01
0.000000000000000000e+00 3.353941333333265635e-06 1.806265248426665859e-01 6.659368884906666786e-01 1.534332327253334072e-01
0.000000000000000000e+00 3.066623999999966779e-06 1.802059467946666438e-01 6.659789065386667595e-01 1.538120800426666657e-01
0.000000000000000000e+00 2.796202666666615930e-06 1.797859580586666228e-01 6.660196952746666454e-01 1.541915504640000711e-01
0.000000000000000000e+00 2.542165333333312881e-06 1.793665601706666279e-01 6.660592531626666757e-01 1.545716445013333717e-01
0.000000000000000000e+00 2.303999999999963456e-06 1.789477546666665697e-01 6.660975786666666343e-01 1.549523626666667875e-01
0.000000000000000000e+00 2.081194666666656012e-06 1.785295430826665808e-01 6.661346702506666384e-01 1.553337054720000665e-01
0.000000000000000000e+00 1.873237333333345711e-06 1.781119269546666550e-01 6.661705263786665832e-01 1.557156734293333455e-01
0.000000000000000000e+00 1.679615999999971621e-06 1.776949078186665643e-01 6.662051455146666967e-01 1.560982670506667336e-01
0.000000000000000000e+00 1.499818666666659370e-06 1.772784872106666354e-01 6.662385261226666522e-01 1.564814868480000343e-01
0.000000000000000000e+00 1.333333333333270310e-06 1.768626666666665848e-01 6.662706666666666777e-01 1.568653333333334121e-01
0.000000000000000000e+00 1.179647999999958233e-06 1.764474477226666282e-01 6.663015656106666684e-01 1.572498070186667263e-01
0.000000000000000000e+00 1.038250666666643150e-06 1.760328319146666765e-01 6.663312214186667415e-01 1.576349084160000025e-01
0.000000000000000000e+00 9.086293333333025612e-07 1.756188207786665567e-01 6.663596325546665700e-01 1.580206380373334329e-01
0.000000000000000000e+00 7.902719999999843802e-07 1.752054158506666237e-01 6.663867974826667151e-01 1.584069963946667103e-01
0.000000000000000000e+00 6.826666666666637799e-07 1.747926186666666493e-01 6.664127146666665169e-01 1.587939839999999991e-01
0.000000000000000000e+00 5.853013333333237683e-07 1.743804307626665995e-01 6.664373825706666477e-01 1.591816013653333806e-01
0.000000000000000000e+00 4.976640000000006108e-07 1.739688536746666347e-01 6.664607996586666694e-01 1.595698490026666860e-01
0.000000000000000000e+00 4.192426666666513223e-07 1.735578889386666102e-01 6.664829643946666993e-01 1.599587274240000800e-01
0.000000000000000000e+00 3.495253333333269912e-07 1.731475380906666306e-01 6.665038752426666324e-01 1.603482371413333663e-01
0.000000000000000000e+00 2.880000000000007260e-07 1.727378026666666899e-01 6.665235306666666970e-01 1.607383786666666536e-01
0.000000000000000000e+00 2.341546666666565937e-07 1.723286842026665877e-01 6.665419291306666771e-01 1.611291525120000789e-01
0.000000000000000000e+00 1.874773333333294301e-07 1.719201842346666231e-01 6.665590690986666900e-01 1.615205591893333625e-01
0.000000000000000000e+00 1.474559999999939321e-07 1.715123042986665680e-01 6.665749490346666306e-01 1.619125992106667522e-01
0.000000000000000000e+00 1.135786666666649774e-07 1.711050459306666105e-01 6.665895674026667272e-01 1.623052730880000238e-01
0.000000000000000000e+00 8.533333333333474596e-08 1.706984106666666612e-01 6.666029226666667640e-01 1.626985813333333142e-01
0.000000000000000000e+00 6.220799999999958666e-08 1.702924000426666307e-01 6.666150132906667469e-01 1.630925244586667322e-01
0.000000000000000000e+00 4.369066666666815030e-08 1.698870155946666516e-01 6.666258377386666822e-01 1.634871029759999983e-01
0.000000000000000000e+00 2.926933333333004596e-08 1.694822588586665790e-01 6.666353944746665761e-01 1.638823173973334435e-01
0.000000000000000000e+00 1.843199999999859963e-08 1.690781313706666289e-01 6.666436819626666566e-01 1.642781682346667049e-01
0.000000000000000000e+00 1.066666666666639988e-08 1.686746346666666840e-01 6.666506986666667078e-01 1.646746560000000026e-01
0.000000000000000000e+00 5.461333333332286289e-09 1.682717702826665718e-01 6.666564430506667360e-01 1.650717812053334177e-01
0.000000000000000000e+00 2.303999999999665307e-09 1.678695397546666190e-01 6.666609135786667473e-01 1.654695443626666707e-01
0.000000000000000000e+00 6.826666666664410739e-10 1.674679446186665976e-01 6.666641087146667477e-01 1.658679459840000647e-01
0.000000000000000000e+00 8.533333333330513424e-11 1.670669864106666402e-01 6.666660269226667435e-01 1.662669865813333758e-01
