1.666666666666666852e-01 6.666666666666667407e-01 1.666666666666666574e-01 0.000000000000000000e+00 0.000000000000000000e+00 0.000000000000000000e+00 0.000000000000000000e+00 0.000000000000000000e+00 0.000000000000000000e+00 0.000000000000000000e+00 0.000000000000000000e+00
1.650717812053333067e-01 6.666564430506667360e-01 1.682717702826666828e-01 5.461333333333333499e-09 0.000000000000000000e+00 0.000000000000000000e+00 0.000000000000000000e+00 0.000000000000000000e+00 0.000000000000000000e+00 0.000000000000000000e+00 0.000000000000000000e+00
1.634871029759999705e-01 6.666258377386666822e-01 1.698870155946666238e-01 4.369066666666666799e-08 0.000000000000000000e+00 0.000000000000000000e+00 0.000000000000000000e+00 0.000000000000000000e+00 0.000000000000000000e+00 0.000000000000000000e+00 0.000000000000000000e+00
1.619125992106666689e-01 6.665749490346666306e-01 1.715123042986667068e-01 1.474560000000000202e-07 0.000000000000000000e+00 0.000000000000000000e+00 0.000000000000000000e+00 0.000000000000000000e+00 0.000000000000000000e+00 0.000000000000000000e+00 0.000000000000000000e+00
1.603482371413333663e-01 6.665038752426666324e-01 1.731475380906666028e-01 3.495253333333333439e-07 0.000000000000000000e+00 0.000000000000000000e+00 0.000000000000000000e+00 0.000000000000000000e+00 0.000000000000000000e+00 0.000000000000000000e+00 0.000000000000000000e+00
1.587939839999999714e-01 6.664127146666666279e-01 1.747926186666666493e-01 6.826666666666666386e-07 0.000000000000000000e+00 0.000000000000000000e+00 0.000000000000000000e+00 0.000000000000000000e+00 0.000000000000000000e+00 0.000000000000000000e+00 0.000000000000000000e+00
1.572498070186666430e-01 6.663015656106666684e-01 1.764474477226667393e-01 1.179648000000000162e-06 0.000000000000000000e+00 0.000000000000000000e+00 0.000000000000000000e+00 0.000000000000000000e+00 0.000000000000000000e+00 0.000000000000000000e+00 0.000000000000000000e+00
1.557156734293333178e-01 6.661705263786665832e-01 1.781119269546666550e-01 1.873237333333333217e-06 0.000000000000000000e+00 0.000000000000000000e+00 0.000000000000000000e+00 0.000000000000000000e+00 0.000000000000000000e+00 0.000000000000000000e+00 0.000000000000000000e+00
1.541915504640000434e-01 6.660196952746666454e-01 1.797859580586667061e-01 2.796202666666666752e-06 0.000000000000000000e+00 0.000000000000000000e+00 0.000000000000000000e+00 0.000000000000000000e+00 0.000000000000000000e+00 0.000000000000000000e+00 0.000000000000000000e+00
1.526774053546666454e-01 6.658491706026665735e-01 1.814694427306666469e-01 3.981312000000001498e-06 0.000000000000000000e+00 0.000000000000000000e+00 0.000000000000000000e+00 0.000000000000000000e+00 0.000000000000000000e+00 0.000000000000000000e+00 0.000000000000000000e+00
1.511732053333333103e-01 6.656590506666666407e-01 1.831622826666666759e-01 5.461333333333333109e-06 0.000000000000000000e+00 0.000000000000000000e+00 0.000000000000000000e+00 0.000000000000000000e+00 0.000000000000000000e+00 0.000000000000000000e+00 0.000000000000000000e+00
1.496789176320000025e-01 6.654494337706666762e-01 1.848643795626666031e-01 7.269034666666666976e-06 0.000000000000000000e+00 0.000000000000000000e+00 0.000000000000000000e+00 0.000000000000000000e+00 0.000000000000000000e+00 0.000000000000000000e+00 0.000000000000000000e+00
1.481945094826666309e-01 6.652204182186667314e-01 1.865756351146666547e-01 9.437184000000001292e-06 0.000000000000000000e+00 0.000000000000000000e+00 0.000000000000000000e+00 0.000000000000000000e+00 0.000000000000000000e+00 0.000000000000000000e+00 0.000000000000000000e+00
1.467199481173333264e-01 6.649721023146666354e-01 1.882959510186666685e-01 1.199854933333333595e-05 0.000000000000000000e+00 0.000000000000000000e+00 0.000000000000000000e+00 0.000000000000000000e+00 0.000000000000000000e+00 0.000000000000000000e+00 0.000000000000000000e+00
1.452552007680000257e-01 6.647045843626666617e-01 1.900252289706666764e-01 1.498589866666666574e-05 0.000000000000000000e+00 0.000000000000000000e+00 0.000000000000000000e+00 0.000000000000000000e+00 0.000000000000000000e+00 0.000000000000000000e+00 0.000000000000000000e+00
1.438002346666666653e-01 6.644179626666666394e-01 1.917633706666666549e-01 1.843200000000000242e-05 0.000000000000000000e+00 0.000000000000000000e+00 0.000000000000000000e+00 0.000000000000000000e+00 0.000000000000000000e+00 0.000000000000000000e+00 0.000000000000000000e+00
1.423550170453332930e-01 6.641123355306666198e-01 1.935102778026666359e-01 2.236962133333333401e-05 0.000000000000000000e+00 0.000000000000000000e+00 0.000000000000000000e+00 0.000000000000000000e+00 0.000000000000000000e+00 0.000000000000000000e+00 0.000000000000000000e+00
1.409195151359999565e-01 6.637878012586666543e-01 1.952658520746666793e-01 2.683153066666667057e-05 0.000000000000000000e+00 0.000000000000000000e+00 0.000000000000000000e+00 0.000000000000000000e+00 0.000000000000000000e+00 0.000000000000000000e+00 0.000000000000000000e+00
1.394936961706666756e-01 6.634444581546665720e-01 1.970299951786667059e-01 3.185049600000001199e-05 0.000000000000000000e+00 0.000000000000000000e+00 0.000000000000000000e+00 0.000000000000000000e+00 0.000000000000000000e+00 0.000000000000000000e+00 0.000000000000000000e+00
1.380775273813333592e-01 6.630824045226666463e-01 1.988026088106666089e-01 3.745928533333333103e-05 0.000000000000000000e+00 0.000000000000000000e+00 0.000000000000000000e+00 0.000000000000000000e+00 0.000000000000000000e+00 0.000000000000000000e+00 0.000000000000000000e+00
1.366709759999999441e-01 6.627017386666665955e-01 2.005835946666666703e-01 4.369066666666666487e-05 0.000000000000000000e+00 0.000000000000000000e+00 0.000000000000000000e+00 0.000000000000000000e+00 0.000000000000000000e+00 0.000000000000000000e+00 0.000000000000000000e+00
1.352740092586666720e-01 6.623025588906666927e-01 2.023728544426666165e-01 5.057740800000001677e-05 0.000000000000000000e+00 0.000000000000000000e+00 0.000000000000000000e+00 0.000000000000000000e+00 0.000000000000000000e+00 0.000000000000000000e+00 0.000000000000000000e+00
1.338865943893333688e-01 6.618849634986665453e-01 2.041702898346666739e-01 5.815227733333333581e-05 0.000000000000000000e+00 0.000000000000000000e+00 0.000000000000000000e+00 0.000000000000000000e+00 0.000000000000000000e+00 0.000000000000000000e+00 0.000000000000000000e+00
1.325086986240000542e-01 6.614490507946666487e-01 2.059758025386666247e-01 6.644804266666666590e-05 0.000000000000000000e+00 0.000000000000000000e+00 0.000000000000000000e+00 0.000000000000000000e+00 0.000000000000000000e+00 0.000000000000000000e+00 0.000000000000000000e+00
1.311402891946666649e-01 6.609949190826667209e-01 2.077892942506666674e-01 7.549747200000001034e-05 0.000000000000000000e+00 0.000000000000000000e+00 0.000000000000000000e+00 0.000000000000000000e+00 0.000000000000000000e+00 0.000000000000000000e+00 0.000000000000000000e+00
1.297813333333333041e-01 6.605226666666667024e-01 2.096106666666667229e-01 8.533333333333333851e-05 0.000000000000000000e+00 0.000000000000000000e+00 0.000000000000000000e+00 0.000000000000000000e+00 0.000000000000000000e+00 0.000000000000000000e+00 0.000000000000000000e+00
1.284317982719999918e-01 6.600323918506667553e-01 2.114398214826666567e-01 9.598839466666668756e-05 0.000000000000000000e+00 0.000000000000000000e+00 0.000000000000000000e+00 0.000000000000000000e+00 0.000000000000000000e+00 0.000000000000000000e+00 0.000000000000000000e+00
1.270916512426666922e-01 6.595241929386665980e-01 2.132766603946666950e-01 1.074954240000000133e-04 0.000000000000000000e+00 0.000000000000000000e+00 0.000000000000000000e+00 0.000000000000000000e+00 0.000000000000000000e+00 0.000000000000000000e+00 0.000000000000000000e+00
1.257608594773333421e-01 6.589981682346666148e-01 2.151210850986666201e-01 1.198871893333333259e-04 0.000000000000000000e+00 0.000000000000000000e+00 0.000000000000000000e+00 0.000000000000000000e+00 0.000000000000000000e+00 0.000000000000000000e+00 0.000000000000000000e+00
1.244393902080000031e-01 6.584544160426666348e-01 2.169729972906666582e-01 1.331964586666666895e-04 0.000000000000000000e+00 0.000000000000000000e+00 0.000000000000000000e+00 0.000000000000000000e+00 0.000000000000000000e+00 0.000000000000000000e+00 0.000000000000000000e+00
1.231272106666666671e-01 6.578930346666667095e-01 2.188322986666667025e-01 1.474560000000000193e-04 0.000000000000000000e+00 0.000000000000000000e+00 0.000000000000000000e+00 0.000000000000000000e+00 0.000000000000000000e+00 0.000000000000000000e+00 0.000000000000000000e+00
1.218242880853332988e-01 6.573141224106666680e-01 2.206988909226666740e-01 1.626985813333333797e-04 0.000000000000000000e+00 0.000000000000000000e+00 0.000000000000000000e+00 0.000000000000000000e+00 0.000000000000000000e+00 0.000000000000000000e+00 0.000000000000000000e+00
1.205305896960000012e-01 6.567177775786666727e-01 2.225726757546666879e-01 1.789569706666666721e-04 0.000000000000000000e+00 0.000000000000000000e+00 0.000000000000000000e+00 0.000000000000000000e+00 0.000000000000000000e+00 0.000000000000000000e+00 0.000000000000000000e+00
1.192460827306666832e-01 6.561040984746666638e-01 2.244535548586666374e-01 1.962639359999999880e-04 0.000000000000000000e+00 0.000000000000000000e+00 0.000000000000000000e+00 0.000000000000000000e+00 0.000000000000000000e+00 0.000000000000000000e+00 0.000000000000000000e+00
1.179707344213333370e-01 6.554731834026666926e-01 2.263414299306666655e-01 2.146522453333333646e-04 0.000000000000000000e+00 0.000000000000000000e+00 0.000000000000000000e+00 0.000000000000000000e+00 0.000000000000000000e+00 0.000000000000000000e+00 0.000000000000000000e+00
1.167045119999999547e-01 6.548251306666666993e-01 2.282362026666667487e-01 2.341546666666667034e-04 0.000000000000000000e+00 0.000000000000000000e+00 0.000000000000000000e+00 0.000000000000000000e+00 0.000000000000000000e+00 0.000000000000000000e+00 0.000000000000000000e+00
1.154473826986666535e-01 6.541600385706667353e-01 2.301377747626666415e-01 2.548039680000000959e-04 0.000000000000000000e+00 0.000000000000000000e+00 0.000000000000000000e+00 0.000000000000000000e+00 0.000000000000000000e+00 0.000000000000000000e+00 0.000000000000000000e+00
1.141993137493333421e-01 6.534780054186666298e-01 2.320460479146666810e-01 2.766329173333333894e-04 0.000000000000000000e+00 0.000000000000000000e+00 0.000000000000000000e+00 0.000000000000000000e+00 0.000000000000000000e+00 0.000000000000000000e+00 0.000000000000000000e+00
1.129602723840000267e-01 6.527791295146666561e-01 2.339609238186666218e-01 2.996742826666666483e-04 0.000000000000000000e+00 0.000000000000000000e+00 0.000000000000000000e+00 0.000000000000000000e+00 0.000000000000000000e+00 0.000000000000000000e+00 0.000000000000000000e+00
1.117302258346666438e-01 6.520635091626667545e-01 2.358823041706666901e-01 3.239608320000000722e-04 0.000000000000000000e+00 0.000000000000000000e+00 0.000000000000000000e+00 0.000000000000000000e+00 0.000000000000000000e+00 0.000000000000000000e+00 0.000000000000000000e+00
1.105091413333333106e-01 6.513312426666666433e-01 2.378100906666666958e-01 3.495253333333333190e-04 0.000000000000000000e+00 0.000000000000000000e+00 0.000000000000000000e+00 0.000000000000000000e+00 0.000000000000000000e+00 0.000000000000000000e+00 0.000000000000000000e+00
1.092969861119999914e-01 6.505824283306667066e-01 2.397441850026666432e-01 3.764005546666668051e-04 0.000000000000000000e+00 0.000000000000000000e+00 0.000000000000000000e+00 0.000000000000000000e+00 0.000000000000000000e+00 0.000000000000000000e+00 0.000000000000000000e+00
1.080937274026666783e-01 6.498171644586665519e-01 2.416844888746667031e-01 4.046192640000001342e-04 0.000000000000000000e+00 0.000000000000000000e+00 0.000000000000000000e+00 0.000000000000000000e+00 0.000000000000000000e+00 0.000000000000000000e+00 0.000000000000000000e+00
1.068993324373333498e-01 6.490355493546666743e-01 2.436309039786666575e-01 4.342142293333333433e-04 0.000000000000000000e+00 0.000000000000000000e+00 0.000000000000000000e+00 0.000000000000000000e+00 0.000000000000000000e+00 0.000000000000000000e+00 0.000000000000000000e+00
1.057137684479999978e-01 6.482376813226665702e-01 2.455833320106666773e-01 4.652182186666666865e-04 0.000000000000000000e+00 0.000000000000000000e+00 0.000000000000000000e+00 0.000000000000000000e+00 0.000000000000000000e+00 0.000000000000000000e+00 0.000000000000000000e+00
1.045370026666666424e-01 6.474236586666666238e-01 2.475416746666667112e-01 4.976640000000002008e-04 0.000000000000000000e+00 0.000000000000000000e+00 0.000000000000000000e+00 0.000000000000000000e+00 0.000000000000000000e+00 0.000000000000000000e+00 0.000000000000000000e+00
1.033690023253333728e-01 6.465935796906665534e-01 2.495058336426666801e-01 5.315843413333333272e-04 0.000000000000000000e+00 0.000000000000000000e+00 0.000000000000000000e+00 0.000000000000000000e+00 0.000000000000000000e+00 0.000000000000000000e+00 0.000000000000000000e+00
1.022097346559999870e-01 6.457475426986667433e-01 2.514757106346666715e-01 5.670120106666666450e-04 0.000000000000000000e+00 0.000000000000000000e+00 0.000000000000000000e+00 0.000000000000000000e+00 0.000000000000000000e+00 0.000000000000000000e+00 0.000000000000000000e+00
1.010591668906666851e-01 6.448856459946665787e-01 2.534512073386666620e-01 6.039797760000000827e-04 0.000000000000000000e+00 0.000000000000000000e+00 0.000000000000000000e+00 0.000000000000000000e+00 0.000000000000000000e+00 0.000000000000000000e+00 0.000000000000000000e+00
9.991726626133332068e-02 6.440079878826665549e-01 2.554322254506666834e-01 6.425204053333332440e-04 0.000000000000000000e+00 0.000000000000000000e+00 0.000000000000000000e+00 0.000000000000000000e+00 0.000000000000000000e+00 0.000000000000000000e+00 0.000000000000000000e+00
9.878399999999996905e-02 6.431146666666666123e-01 2.574186666666666290e-01 6.826666666666667081e-04 0.000000000000000000e+00 0.000000000000000000e+00 0.000000000000000000e+00 0.000000000000000000e+00 0.000000000000000000e+00 0.000000000000000000e+00 0.000000000000000000e+00
9.765933533866667793e-02 6.422057806506666910e-01 2.594104326826666695e-01 7.244513280000001868e-04 0.000000000000000000e+00 0.000000000000000000e+00 0.000000000000000000e+00 0.000000000000000000e+00 0.000000000000000000e+00 0.000000000000000000e+00 0.000000000000000000e+00
9.654323950933332843e-02 6.412814281386665094e-01 2.614074251946666982e-01 7.679071573333335005e-04 0.000000000000000000e+00 0.000000000000000000e+00 0.000000000000000000e+00 0.000000000000000000e+00 0.000000000000000000e+00 0.000000000000000000e+00 0.000000000000000000e+00
9.543567974400002374e-02 6.403417074346667848e-01 2.634095458986666638e-01 8.130669226666666864e-04 0.000000000000000000e+00 0.000000000000000000e+00 0.000000000000000000e+00 0.000000000000000000e+00 0.000000000000000000e+00 0.000000000000000000e+00 0.000000000000000000e+00
9.433662327466663111e-02 6.393867168426665692e-01 2.654166964906666260e-01 8.599633920000001068e-04 0.000000000000000000e+00 0.000000000000000000e+00 0.000000000000000000e+00 0.000000000000000000e+00 0.000000000000000000e+00 0.000000000000000000e+00 0.000000000000000000e+00
9.324603733333332312e-02 6.384165546666666913e-01 2.674287786666665889e-01 9.086293333333335821e-04 0.000000000000000000e+00 0.000000000000000000e+00 0.000000000000000000e+00 0.000000000000000000e+00 0.000000000000000000e+00 0.000000000000000000e+00 0.000000000000000000e+00
9.216388915200002252e-02 6.374313192106666470e-01 2.694456941226666680e-01 9.590975146666666073e-04 0.000000000000000000e+00 0.000000000000000000e+00 0.000000000000000000e+00 0.000000000000000000e+00 0.000000000000000000e+00 0.000000000000000000e+00 0.000000000000000000e+00
9.109014596266670760e-02 6.364311087786667098e-01 2.714673445546666453e-01 1.011400703999999979e-03 0.000000000000000000e+00 0.000000000000000000e+00 0.000000000000000000e+00 0.000000000000000000e+00 0.000000000000000000e+00 0.000000000000000000e+00 0.000000000000000000e+00
9.002477499733332889e-02 6.354160216746667089e-01 2.734936316586666916e-01 1.065571669333333516e-03 0.000000000000000000e+00 0.000000000000000000e+00 0.000000000000000000e+00 0.000000000000000000e+00 0.000000000000000000e+00 0.000000000000000000e+00 0.000000000000000000e+00
8.896774348799998955e-02 6.343861562026665846e-01 2.755244571306667001e-01 1.121643178666666607e-03 0.000000000000000000e+00 0.000000000000000000e+00 0.000000000000000000e+00 0.000000000000000000e+00 0.000000000000000000e+00 0.000000000000000000e+00 0.000000000000000000e+00
8.791901866666668175e-02 6.333416106666667211e-01 2.775597226666666195e-01 1.179648000000000155e-03 0.000000000000000000e+00 0.000000000000000000e+00 0.000000000000000000e+00 0.000000000000000000e+00 0.000000000000000000e+00 0.000000000000000000e+00 0.000000000000000000e+00
8.687856776533335601e-02 6.322824833706666148e-01 2.795993299626666762e-01 1.239618901333333547e-03 0.000000000000000000e+00 0.000000000000000000e+00 0.000000000000000000e+00 0.000000000000000000e+00 0.000000000000000000e+00 0.000000000000000000e+00 0.000000000000000000e+00
8.584635801600000449e-02 6.312088726186666499e-01 2.816431807146665967e-01 1.301588650666667037e-03 0.000000000000000000e+00 0.000000000000000000e+00 0.000000000000000000e+00 0.000000000000000000e+00 0.000000000000000000e+00 0.000000000000000000e+00 0.000000000000000000e+00
8.482235665066666097e-02 6.301208767146666556e-01 2.836911766186666628e-01 1.365590016000000012e-03 0.000000000000000000e+00 0.000000000000000000e+00 0.000000000000000000e+00 0.000000000000000000e+00 0.000000000000000000e+00 0.000000000000000000e+00 0.000000000000000000e+00
8.380653090133333150e-02 6.290185939626666833e-01 2.857432193706667123e-01 1.431655765333333377e-03 0.000000000000000000e+00 0.000000000000000000e+00 0.000000000000000000e+00 0.000000000000000000e+00 0.000000000000000000e+00 0.000000000000000000e+00 0.000000000000000000e+00
8.279884799999998046e-02 6.279021226666666733e-01 2.877992106666666938e-01 1.499818666666667168e-03 0.000000000000000000e+00 0.000000000000000000e+00 0.000000000000000000e+00 0.000000000000000000e+00 0.000000000000000000e+00 0.000000000000000000e+00 0.000000000000000000e+00
8.179927517866665554e-02 6.267715611306666768e-01 2.898590522026666672e-01 1.570111487999999904e-03 0.000000000000000000e+00 0.000000000000000000e+00 0.000000000000000000e+00 0.000000000000000000e+00 0.000000000000000000e+00 0.000000000000000000e+00 0.000000000000000000e+00
8.080777966933334888e-02 6.256270076586666340e-01 2.919226456746666365e-01 1.642566997333333575e-03 0.000000000000000000e+00 0.000000000000000000e+00 0.000000000000000000e+00 0.000000000000000000e+00 0.000000000000000000e+00 0.000000000000000000e+00 0.000000000000000000e+00
7.982432870400001101e-02 6.244685605546667073e-01 2.939898927786666616e-01 1.717217962666666917e-03 0.000000000000000000e+00 0.000000000000000000e+00 0.000000000000000000e+00 0.000000000000000000e+00 0.000000000000000000e+00 0.000000000000000000e+00 0.000000000000000000e+00
7.884888951466663409e-02 6.232963181226667260e-01 2.960606952106666911e-01 1.794097152000000833e-03 0.000000000000000000e+00 0.000000000000000000e+00 0.000000000000000000e+00 0.000000000000000000e+00 0.000000000000000000e+00 0.000000000000000000e+00 0.000000000000000000e+00
7.788142933333332130e-02 6.221103786666667412e-01 2.981349546666666184e-01 1.873237333333333627e-03 0.000000000000000000e+00 0.000000000000000000e+00 0.000000000000000000e+00 0.000000000000000000e+00 0.000000000000000000e+00 0.000000000000000000e+00 0.000000000000000000e+00
7.692191539200000927e-02 6.209108404906666934e-01 3.002125728426666695e-01 1.954671274666666854e-03 0.000000000000000000e+00 0.000000000000000000e+00 0.000000000000000000e+00 0.000000000000000000e+00 0.000000000000000000e+00 0.000000000000000000e+00 0.000000000000000000e+00
7.597031492266669017e-02 6.196978018986666337e-01 3.022934514346665713e-01 2.038431744000000767e-03 0.000000000000000000e+00 0.000000000000000000e+00 0.000000000000000000e+00 0.000000000000000000e+00 0.000000000000000000e+00 0.000000000000000000e+00 0.000000000000000000e+00
7.502659515733331452e-02 6.184713611946666134e-01 3.043774921386667165e-01 2.124551509333333452e-03 0.000000000000000000e+00 0.000000000000000000e+00 0.000000000000000000e+00 0.000000000000000000e+00 0.000000000000000000e+00 0.000000000000000000e+00 0.000000000000000000e+00
7.409072332799997163e-02 6.172316166826665729e-01 3.064645966506667762e-01 2.213063338666667115e-03 0.000000000000000000e+00 0.000000000000000000e+00 0.000000000000000000e+00 0.000000000000000000e+00 0.000000000000000000e+00 0.000000000000000000e+00 0.000000000000000000e+00
7.316266666666665364e-02 6.159786666666666743e-01 3.085546666666666993e-01 2.304000000000000492e-03 0.000000000000000000e+00 0.000000000000000000e+00 0.000000000000000000e+00 0.000000000000000000e+00 0.000000000000000000e+00 0.000000000000000000e+00 0.000000000000000000e+00
7.224239240533335271e-02 6.147126094506666361e-01 3.106476038826667119e-01 2.397394261333333186e-03 0.000000000000000000e+00 0.000000000000000000e+00 0.000000000000000000e+00 0.000000000000000000e+00 0.000000000000000000e+00 0.000000000000000000e+00 0.000000000000000000e+00
7.132986777599999162e-02 6.134335433386667313e-01 3.127433099946666517e-01 2.493278890666666969e-03 0.000000000000000000e+00 0.000000000000000000e+00 0.000000000000000000e+00 0.000000000000000000e+00 0.000000000000000000e+00 0.000000000000000000e+00 0.000000000000000000e+00
7.042506001066665966e-02 6.121415666346665674e-01 3.148416866986666895e-01 2.591686656000000578e-03 0.000000000000000000e+00 0.000000000000000000e+00 0.000000000000000000e+00 0.000000000000000000e+00 0.000000000000000000e+00 0.000000000000000000e+00 0.000000000000000000e+00
6.952793634133332124e-02 6.108367776426666396e-01 3.169426356906667186e-01 2.692650325333333615e-03 0.000000000000000000e+00 0.000000000000000000e+00 0.000000000000000000e+00 0.000000000000000000e+00 0.000000000000000000e+00 0.000000000000000000e+00 0.000000000000000000e+00
6.863846399999996850e-02 6.095192746666666661e-01 3.190460586666666876e-01 2.796202666666666552e-03 0.000000000000000000e+00 0.000000000000000000e+00 0.000000000000000000e+00 0.000000000000000000e+00 0.000000000000000000e+00 0.000000000000000000e+00 0.000000000000000000e+00
6.775661021866669076e-02 6.081891560106666983e-01 3.211518573226666007e-01 2.902376447999999425e-03 0.000000000000000000e+00 0.000000000000000000e+00 0.000000000000000000e+00 0.000000000000000000e+00 0.000000000000000000e+00 0.000000000000000000e+00 0.000000000000000000e+00
6.688234222933334139e-02 6.068465199786666764e-01 3.232599333546666842e-01 3.011204437333334441e-03 0.000000000000000000e+00 0.000000000000000000e+00 0.000000000000000000e+00 0.000000000000000000e+00 0.000000000000000000e+00 0.000000000000000000e+00 0.000000000000000000e+00
6.601562726399999581e-02 6.054914648746666517e-01 3.253701884586666648e-01 3.122719402666666866e-03 0.000000000000000000e+00 0.000000000000000000e+00 0.000000000000000000e+00 0.000000000000000000e+00 0.000000000000000000e+00 0.000000000000000000e+00 0.000000000000000000e+00
6.515643255466661843e-02 6.041240890026666754e-01 3.274825243306667133e-01 3.236954112000001074e-03 0.000000000000000000e+00 0.000000000000000000e+00 0.000000000000000000e+00 0.000000000000000000e+00 0.000000000000000000e+00 0.000000000000000000e+00 0.000000000000000000e+00
6.430472533333331242e-02 6.027444906666667990e-01 3.295968426666666673e-01 3.353941333333334066e-03 0.000000000000000000e+00 0.000000000000000000e+00 0.000000000000000000e+00 0.000000000000000000e+00 0.000000000000000000e+00 0.000000000000000000e+00 0.000000000000000000e+00
6.346047283200001443e-02 6.013527681706667405e-01 3.317130451626666421e-01 3.473713834666666746e-03 0.000000000000000000e+00 0.000000000000000000e+00 0.000000000000000000e+00 0.000000000000000000e+00 0.000000000000000000e+00 0.000000000000000000e+00 0.000000000000000000e+00
6.262364228266668886e-02 5.999490198186667733e-01 3.338310335146666419e-01 3.596304384000000888e-03 0.000000000000000000e+00 0.000000000000000000e+00 0.000000000000000000e+00 0.000000000000000000e+00 0.000000000000000000e+00 0.000000000000000000e+00 0.000000000000000000e+00
6.179420091733330012e-02 5.985333439146666157e-01 3.359507094186667264e-01 3.721745749333333492e-03 0.000000000000000000e+00 0.000000000000000000e+00 0.000000000000000000e+00 0.000000000000000000e+00 0.000000000000000000e+00 0.000000000000000000e+00 0.000000000000000000e+00
6.097211596799998606e-02 5.971058387626667630e-01 3.380719745706666779e-01 3.850070698666666329e-03 0.000000000000000000e+00 0.000000000000000000e+00 0.000000000000000000e+00 0.000000000000000000e+00 0.000000000000000000e+00 0.000000000000000000e+00 0.000000000000000000e+00
6.015735466666664866e-02 5.956666026666667113e-01 3.401947306666666671e-01 3.981312000000001607e-03 0.000000000000000000e+00 0.000000000000000000e+00 0.000000000000000000e+00 0.000000000000000000e+00 0.000000000000000000e+00 0.000000000000000000e+00 0.000000000000000000e+00
5.934988424533336332e-02 5.942157339306667341e-01 3.423188794026665871e-01 4.115502421333333723e-03 0.000000000000000000e+00 0.000000000000000000e+00 0.000000000000000000e+00 0.000000000000000000e+00 0.000000000000000000e+00 0.000000000000000000e+00 0.000000000000000000e+00
5.854967193599999037e-02 5.927533308586666605e-01 3.444443224746666643e-01 4.252674730666666618e-03 0.000000000000000000e+00 0.000000000000000000e+00 0.000000000000000000e+00 0.000000000000000000e+00 0.000000000000000000e+00 0.000000000000000000e+00 0.000000000000000000e+00
5.775668497066664686e-02 5.912794917546665419e-01 3.465709615786667364e-01 4.392861696000001197e-03 0.000000000000000000e+00 0.000000000000000000e+00 0.000000000000000000e+00 0.000000000000000000e+00 0.000000000000000000e+00 0.000000000000000000e+00 0.000000000000000000e+00
5.697089058133333883e-02 5.897943149226666515e-01 3.486986984106666410e-01 4.536096085333333160e-03 0.000000000000000000e+00 0.000000000000000000e+00 0.000000000000000000e+00 0.000000000000000000e+00 0.000000000000000000e+00 0.000000000000000000e+00 0.000000000000000000e+00
5.619225600000001680e-02 5.882978986666665966e-01 3.508274346666667154e-01 4.682410666666666881e-03 0.000000000000000000e+00 0.000000000000000000e+00 0.000000000000000000e+00 0.000000000000000000e+00 0.000000000000000000e+00 0.000000000000000000e+00 0.000000000000000000e+00
5.542074845866666599e-02 5.867903412906666505e-01 3.529570720426666308e-01 4.831838208000000662e-03 0.000000000000000000e+00 0.000000000000000000e+00 0.000000000000000000e+00 0.000000000000000000e+00 0.000000000000000000e+00 0.000000000000000000e+00 0.000000000000000000e+00
5.465633518933333407e-02 5.852717410986665314e-01 3.550875122346666690e-01 4.984411477333333673e-03 0.000000000000000000e+00 0.000000000000000000e+00 0.000000000000000000e+00 0.000000000000000000e+00 0.000000000000000000e+00 0.000000000000000000e+00 0.000000000000000000e+00
5.389898342399999237e-02 5.837421963946666237e-01 3.572186569386666677e-01 5.140163242666665952e-03 0.000000000000000000e+00 0.000000000000000000e+00 0.000000000000000000e+00 0.000000000000000000e+00 0.000000000000000000e+00 0.000000000000000000e+00 0.000000000000000000e+00
5.314866039466664693e-02 5.822018054826666456e-01 3.593504078506666866e-01 5.299126272000001872e-03 0.000000000000000000e+00 0.000000000000000000e+00 0.000000000000000000e+00 0.000000000000000000e+00 0.000000000000000000e+00 0.000000000000000000e+00 0.000000000000000000e+00
5.240533333333333155e-02 5.806506666666666483e-01 3.614826666666666743e-01 5.461333333333333664e-03 0.000000000000000000e+00 0.000000000000000000e+00 0.000000000000000000e+00 0.000000000000000000e+00 0.000000000000000000e+00 0.000000000000000000e+00 0.000000000000000000e+00
5.166896947200000367e-02 5.790888782506665722e-01 3.636153350826666353e-01 5.626817194666668305e-03 0.000000000000000000e+00 0.000000000000000000e+00 0.000000000000000000e+00 0.000000000000000000e+00 0.000000000000000000e+00 0.000000000000000000e+00 0.000000000000000000e+00
5.093953604266666935e-02 5.775165385386666905e-01 3.657483147946666291e-01 5.795610624000001494e-03 0.000000000000000000e+00 0.000000000000000000e+00 0.000000000000000000e+00 0.000000000000000000e+00 0.000000000000000000e+00 0.000000000000000000e+00 0.000000000000000000e+00
5.021700027733330685e-02 5.759337458346666105e-01 3.678815074986667155e-01 5.967746389333334137e-03 0.000000000000000000e+00 0.000000000000000000e+00 0.000000000000000000e+00 0.000000000000000000e+00 0.000000000000000000e+00 0.000000000000000000e+00 0.000000000000000000e+00
4.950132940799998466e-02 5.743405984426668276e-01 3.700148148906666767e-01 6.143257258666668004e-03 0.000000000000000000e+00 0.000000000000000000e+00 0.000000000000000000e+00 0.000000000000000000e+00 0.000000000000000000e+00 0.000000000000000000e+00 0.000000000000000000e+00
4.879249066666666718e-02 5.727371946666666158e-01 3.721481386666666835e-01 6.322176000000000531e-03 0.000000000000000000e+00 0.000000000000000000e+00 0.000000000000000000e+00 0.000000000000000000e+00 0.000000000000000000e+00 0.000000000000000000e+00 0.000000000000000000e+00
4.809045128533335350e-02 5.711236328106668036e-01 3.742813805226666846e-01 6.504535381333333491e-03 0.000000000000000000e+00 0.000000000000000000e+00 0.000000000000000000e+00 0.000000000000000000e+00 0.000000000000000000e+00 0.000000000000000000e+00 0.000000000000000000e+00
4.739517849599998028e-02 5.695000111786665542e-01 3.764144421546666841e-01 6.690368170666668654e-03 0.000000000000000000e+00 0.000000000000000000e+00 0.000000000000000000e+00 0.000000000000000000e+00 0.000000000000000000e+00 0.000000000000000000e+00 0.000000000000000000e+00
4.670663953066664376e-02 5.678664280746665849e-01 3.785472252586667419e-01 6.879707136000000854e-03 0.000000000000000000e+00 0.000000000000000000e+00 0.000000000000000000e+00 0.000000000000000000e+00 0.000000000000000000e+00 0.000000000000000000e+00 0.000000000000000000e+00
4.602480162133334995e-02 5.662229818026666139e-01 3.806796315306666401e-01 7.072585045333333598e-03 0.000000000000000000e+00 0.000000000000000000e+00 0.000000000000000000e+00 0.000000000000000000e+00 0.000000000000000000e+00 0.000000000000000000e+00 0.000000000000000000e+00
4.534963200000000777e-02 5.645697706666665816e-01 3.828115626666667159e-01 7.269034666666668656e-03 0.000000000000000000e+00 0.000000000000000000e+00 0.000000000000000000e+00 0.000000000000000000e+00 0.000000000000000000e+00 0.000000000000000000e+00 0.000000000000000000e+00
4.468109789866666487e-02 5.629068929706666502e-01 3.849429203626666962e-01 7.469088768000000864e-03 0.000000000000000000e+00 0.000000000000000000e+00 0.000000000000000000e+00 0.000000000000000000e+00 0.000000000000000000e+00 0.000000000000000000e+00 0.000000000000000000e+00
4.401916654933332035e-02 5.612344470186665379e-01 3.870736063146666961e-01 7.672780117333332858e-03 0.000000000000000000e+00 0.000000000000000000e+00 0.000000000000000000e+00 0.000000000000000000e+00 0.000000000000000000e+00 0.000000000000000000e+00 0.000000000000000000e+00
4.336380518399998718e-02 5.595525311146666292e-01 3.892035222186666643e-01 7.880141482666669014e-03 0.000000000000000000e+00 0.000000000000000000e+00 0.000000000000000000e+00 0.000000000000000000e+00 0.000000000000000000e+00 0.000000000000000000e+00 0.000000000000000000e+00
4.271498103466669222e-02 5.578612435626666421e-01 3.913325697706667161e-01 8.091205631999999828e-03 0.000000000000000000e+00 0.000000000000000000e+00 0.000000000000000000e+00 0.000000000000000000e+00 0.000000000000000000e+00 0.000000000000000000e+00 0.000000000000000000e+00
4.207266133333333741e-02 5.561606826666666281e-01 3.934606506666665782e-01 8.306005333333331409e-03 0.000000000000000000e+00 0.000000000000000000e+00 0.000000000000000000e+00 0.000000000000000000e+00 0.000000000000000000e+00 0.000000000000000000e+00 0.000000000000000000e+00
4.143681331200000512e-02 5.544509467306666384e-01 3.955876666026666988e-01 8.524573354666668129e-03 0.000000000000000000e+00 0.000000000000000000e+00 0.000000000000000000e+00 0.000000000000000000e+00 0.000000000000000000e+00 0.000000000000000000e+00 0.000000000000000000e+00
4.080740420266665974e-02 5.527321340586666132e-01 3.977135192746666381e-01 8.746942464000000486e-03 0.000000000000000000e+00 0.000000000000000000e+00 0.000000000000000000e+00 0.000000000000000000e+00 0.000000000000000000e+00 0.000000000000000000e+00 0.000000000000000000e+00
4.018440123733332120e-02 5.510043429546667149e-01 3.998381103786666779e-01 8.973145429333332854e-03 0.000000000000000000e+00 0.000000000000000000e+00 0.000000000000000000e+00 0.000000000000000000e+00 0.000000000000000000e+00 0.000000000000000000e+00 0.000000000000000000e+00
3.956777164800000246e-02 5.492676717226666616e-01 4.019613416106666559e-01 9.203215018666667871e-03 0.000000000000000000e+00 0.000000000000000000e+00 0.000000000000000000e+00 0.000000000000000000e+00 0.000000000000000000e+00 0.000000000000000000e+00 0.000000000000000000e+00
3.895748266666668180e-02 5.475222186666667268e-01 4.040831146666666873e-01 9.437184000000001238e-03 0.000000000000000000e+00 0.000000000000000000e+00 0.000000000000000000e+00 0.000000000000000000e+00 0.000000000000000000e+00 0.000000000000000000e+00 0.000000000000000000e+00
3.835350152533333751e-02 5.457680820906667396e-01 4.062033312426666098e-01 9.675085141333337330e-03 0.000000000000000000e+00 0.000000000000000000e+00 0.000000000000000000e+00 0.000000000000000000e+00 0.000000000000000000e+00 0.000000000000000000e+00 0.000000000000000000e+00
3.775579545599998255e-02 5.440053602986665293e-01 4.083218930346667053e-01 9.916951210666668376e-03 0.000000000000000000e+00 0.000000000000000000e+00 0.000000000000000000e+00 0.000000000000000000e+00 0.000000000000000000e+00 0.000000000000000000e+00 0.000000000000000000e+00
3.716433169066665765e-02 5.422341515946668133e-01 4.104387017386667003e-01 1.016281497600000049e-02 0.000000000000000000e+00 0.000000000000000000e+00 0.000000000000000000e+00 0.000000000000000000e+00 0.000000000000000000e+00 0.000000000000000000e+00 0.000000000000000000e+00
3.657907746133334109e-02 5.404545542826666438e-01 4.125536590506666546e-01 1.041270920533333630e-02 0.000000000000000000e+00 0.000000000000000000e+00 0.000000000000000000e+00 0.000000000000000000e+00 0.000000000000000000e+00 0.000000000000000000e+00 0.000000000000000000e+00
3.600000000000001810e-02 5.386666666666667380e-01 4.146666666666666279e-01 1.066666666666666805e-02 0.000000000000000000e+00 0.000000000000000000e+00 0.000000000000000000e+00 0.000000000000000000e+00 0.000000000000000000e+00 0.000000000000000000e+00 0.000000000000000000e+00
3.542706653866666000e-02 5.368705870506667033e-01 4.167776262826666800e-01 1.092472012800000010e-02 0.000000000000000000e+00 0.000000000000000000e+00 0.000000000000000000e+00 0.000000000000000000e+00 0.000000000000000000e+00 0.000000000000000000e+00 0.000000000000000000e+00
3.486024430933331447e-02 5.350664137386664798e-01 4.188864395946667041e-01 1.118690235733333684e-02 0.000000000000000000e+00 0.000000000000000000e+00 0.000000000000000000e+00 0.000000000000000000e+00 0.000000000000000000e+00 0.000000000000000000e+00 0.000000000000000000e+00
3.429950054399999448e-02 5.332542450346666740e-01 4.209930082986667044e-01 1.145324612266666701e-02 0.000000000000000000e+00 0.000000000000000000e+00 0.000000000000000000e+00 0.000000000000000000e+00 0.000000000000000000e+00 0.000000000000000000e+00 0.000000000000000000e+00
3.374480247466667138e-02 5.314341792426664490e-01 4.230972340906666851e-01 1.172378419200000021e-02 0.000000000000000000e+00 0.000000000000000000e+00 0.000000000000000000e+00 0.000000000000000000e+00 0.000000000000000000e+00 0.000000000000000000e+00 0.000000000000000000e+00
3.319611733333333037e-02 5.296063146666667443e-01 4.251990186666666505e-01 1.199854933333333734e-02 0.000000000000000000e+00 0.000000000000000000e+00 0.000000000000000000e+00 0.000000000000000000e+00 0.000000000000000000e+00 0.000000000000000000e+00 0.000000000000000000e+00
3.265341235199999831e-02 5.277707496106666119e-01 4.272982637226667157e-01 1.227757431466666889e-02 0.000000000000000000e+00 0.000000000000000000e+00 0.000000000000000000e+00 0.000000000000000000e+00 0.000000000000000000e+00 0.000000000000000000e+00 0.000000000000000000e+00
3.211665476266666042e-02 5.259275823786665471e-01 4.293948709546666076e-01 1.256089190399999923e-02 0.000000000000000000e+00 0.000000000000000000e+00 0.000000000000000000e+00 0.000000000000000000e+00 0.000000000000000000e+00 0.000000000000000000e+00 0.000000000000000000e+00
3.158581179733331579e-02 5.240769112746667124e-01 4.314887420586667743e-01 1.284853486933333448e-02 0.000000000000000000e+00 0.000000000000000000e+00 0.000000000000000000e+00 0.000000000000000000e+00 0.000000000000000000e+00 0.000000000000000000e+00 0.000000000000000000e+00
3.106085068799999474e-02 5.222188346026667150e-01 4.335797787306666651e-01 1.314053597866666860e-02 0.000000000000000000e+00 0.000000000000000000e+00 0.000000000000000000e+00 0.000000000000000000e+00 0.000000000000000000e+00 0.000000000000000000e+00 0.000000000000000000e+00
3.054173866666667556e-02 5.203534506666667170e-01 4.356678826666666726e-01 1.343692799999999729e-02 0.000000000000000000e+00 0.000000000000000000e+00 0.000000000000000000e+00 0.000000000000000000e+00 0.000000000000000000e+00 0.000000000000000000e+00 0.000000000000000000e+00
3.002844296533333304e-02 5.184808577706666588e-01 4.377529555626666347e-01 1.373774370133333533e-02 0.000000000000000000e+00 0.000000000000000000e+00 0.000000000000000000e+00 0.000000000000000000e+00 0.000000000000000000e+00 0.000000000000000000e+00 0.000000000000000000e+00
2.952093081599998017e-02 5.166011542186665917e-01 4.398348991146666664e-01 1.404301585066666802e-02 0.000000000000000000e+00 0.000000000000000000e+00 0.000000000000000000e+00 0.000000000000000000e+00 0.000000000000000000e+00 0.000000000000000000e+00 0.000000000000000000e+00
2.901916945066665768e-02 5.147144383146667890e-01 4.419136150186666612e-01 1.435277721600000667e-02 0.000000000000000000e+00 0.000000000000000000e+00 0.000000000000000000e+00 0.000000000000000000e+00 0.000000000000000000e+00 0.000000000000000000e+00 0.000000000000000000e+00
2.852312610133333343e-02 5.128208083626666358e-01 4.439890049706667341e-01 1.466706056533333656e-02 0.000000000000000000e+00 0.000000000000000000e+00 0.000000000000000000e+00 0.000000000000000000e+00 0.000000000000000000e+00 0.000000000000000000e+00 0.000000000000000000e+00
2.803276800000000998e-02 5.109203626666667386e-01 4.460609706666666119e-01 1.498589866666666902e-02 0.000000000000000000e+00 0.000000000000000000e+00 0.000000000000000000e+00 0.000000000000000000e+00 0.000000000000000000e+00 0.000000000000000000e+00 0.000000000000000000e+00
2.754806237866665522e-02 5.090131995306667045e-01 4.481294138026667428e-01 1.530932428800000321e-02 0.000000000000000000e+00 0.000000000000000000e+00 0.000000000000000000e+00 0.000000000000000000e+00 0.000000000000000000e+00 0.000000000000000000e+00 0.000000000000000000e+00
2.706897646933331680e-02 5.070994172586665849e-01 4.501942360746667426e-01 1.563737019733333483e-02 0.000000000000000000e+00 0.000000000000000000e+00 0.000000000000000000e+00 0.000000000000000000e+00 0.000000000000000000e+00 0.000000000000000000e+00 0.000000000000000000e+00
2.659547750399999036e-02 5.051791141546666530e-01 4.522553391786667265e-01 1.597006916266666826e-02 0.000000000000000000e+00 0.000000000000000000e+00 0.000000000000000000e+00 0.000000000000000000e+00 0.000000000000000000e+00 0.000000000000000000e+00 0.000000000000000000e+00
2.612753271466666805e-02 5.032523885226665161e-01 4.543126248106666987e-01 1.630745395200000614e-02 0.000000000000000000e+00 0.000000000000000000e+00 0.000000000000000000e+00 0.000000000000000000e+00 0.000000000000000000e+00 0.000000000000000000e+00 0.000000000000000000e+00
2.566510933333333508e-02 5.013193386666667806e-01 4.563659946666666634e-01 1.664955733333333548e-02 0.000000000000000000e+00 0.000000000000000000e+00 0.000000000000000000e+00 0.000000000000000000e+00 0.000000000000000000e+00 0.000000000000000000e+00 0.000000000000000000e+00
2.520817459199999055e-02 4.993800628906665540e-01 4.584153504426666803e-01 1.699641207466666762e-02 0.000000000000000000e+00 0.000000000000000000e+00 0.000000000000000000e+00 0.000000000000000000e+00 0.000000000000000000e+00 0.000000000000000000e+00 0.000000000000000000e+00
2.475669572266665786e-02 4.974346594986666092e-01 4.604605938346666427e-01 1.734805094400000344e-02 0.000000000000000000e+00 0.000000000000000000e+00 0.000000000000000000e+00 0.000000000000000000e+00 0.000000000000000000e+00 0.000000000000000000e+00 0.000000000000000000e+00
2.431063995733331873e-02 4.954832267946666646e-01 4.625016265386667214e-01 1.770450670933333692e-02 0.000000000000000000e+00 0.000000000000000000e+00 0.000000000000000000e+00 0.000000000000000000e+00 0.000000000000000000e+00 0.000000000000000000e+00 0.000000000000000000e+00
2.386997452800000696e-02 4.935258630826667159e-01 4.645383502506665874e-01 1.806581213866666896e-02 0.000000000000000000e+00 0.000000000000000000e+00 0.000000000000000000e+00 0.000000000000000000e+00 0.000000000000000000e+00 0.000000000000000000e+00 0.000000000000000000e+00
2.343466666666666962e-02 4.915626666666666478e-01 4.665706666666667446e-01 1.843200000000000394e-02 0.000000000000000000e+00 0.000000000000000000e+00 0.000000000000000000e+00 0.000000000000000000e+00 0.000000000000000000e+00 0.000000000000000000e+00 0.000000000000000000e+00
2.300468360533332660e-02 4.895937358506666781e-01 4.685984774826666976e-01 1.880310306133333234e-02 0.000000000000000000e+00 0.000000000000000000e+00 0.000000000000000000e+00 0.000000000000000000e+00 0.000000000000000000e+00 0.000000000000000000e+00 0.000000000000000000e+00
2.257999257599999435e-02 4.876191689386667472e-01 4.706216843946666728e-01 1.917915409066666549e-02 0.000000000000000000e+00 0.000000000000000000e+00 0.000000000000000000e+00 0.000000000000000000e+00 0.000000000000000000e+00 0.000000000000000000e+00 0.000000000000000000e+00
2.216056081066665462e-02 4.856390642346667397e-01 4.726401890986666743e-01 1.956018585600000428e-02 0.000000000000000000e+00 0.000000000000000000e+00 0.000000000000000000e+00 0.000000000000000000e+00 0.000000000000000000e+00 0.000000000000000000e+00 0.000000000000000000e+00
2.174635554133334120e-02 4.836535200426666514e-01 4.746538932906666508e-01 1.994623112533333575e-02 0.000000000000000000e+00 0.000000000000000000e+00 0.000000000000000000e+00 0.000000000000000000e+00 0.000000000000000000e+00 0.000000000000000000e+00 0.000000000000000000e+00
2.133734400000000808e-02 4.816626346666667002e-01 4.766626986666666621e-01 2.033732266666666427e-02 0.000000000000000000e+00 0.000000000000000000e+00 0.000000000000000000e+00 0.000000000000000000e+00 0.000000000000000000e+00 0.000000000000000000e+00 0.000000000000000000e+00
2.093349341866665089e-02 4.796665064106665488e-01 4.786665069226666569e-01 2.073349324800000462e-02 0.000000000000000000e+00 0.000000000000000000e+00 0.000000000000000000e+00 0.000000000000000000e+00 0.000000000000000000e+00 0.000000000000000000e+00 0.000000000000000000e+00
2.053477102933331383e-02 4.776652335786665815e-01 4.806652197546666949e-01 2.113477563733334383e-02 0.000000000000000000e+00 0.000000000000000000e+00 0.000000000000000000e+00 0.000000000000000000e+00 0.000000000000000000e+00 0.000000000000000000e+00 0.000000000000000000e+00
2.014114406399998905e-02 4.756589144746666831e-01 4.826587388586666694e-01 2.154120260266666892e-02 0.000000000000000000e+00 0.000000000000000000e+00 0.000000000000000000e+00 0.000000000000000000e+00 0.000000000000000000e+00 0.000000000000000000e+00 0.000000000000000000e+00
1.975257975466667912e-02 4.736476474026666272e-01 4.846469659306665845e-01 2.195280691200000162e-02 0.000000000000000000e+00 0.000000000000000000e+00 0.000000000000000000e+00 0.000000000000000000e+00 0.000000000000000000e+00 0.000000000000000000e+00 0.000000000000000000e+00
1.936904533333332762e-02 4.716315306666666318e-01 4.866298026666666665e-01 2.236962133333333241e-02 0.000000000000000000e+00 0.000000000000000000e+00 0.000000000000000000e+00 0.000000000000000000e+00 0.000000000000000000e+00 0.000000000000000000e+00 0.000000000000000000e+00
1.899050803199999263e-02 4.696106625706666371e-01 4.886071507626666421e-01 2.279167863466666569e-02 0.000000000000000000e+00 0.000000000000000000e+00 0.000000000000000000e+00 0.000000000000000000e+00 0.000000000000000000e+00 0.000000000000000000e+00 0.000000000000000000e+00
1.861693508266667671e-02 4.675851414186666943e-01 4.905789119146666821e-01 2.321901158399999540e-02 0.000000000000000000e+00 0.000000000000000000e+00 0.000000000000000000e+00 0.000000000000000000e+00 0.000000000000000000e+00 0.000000000000000000e+00 0.000000000000000000e+00
1.824829371733331304e-02 4.655550655146666328e-01 4.925449878186666797e-01 2.365165294933334328e-02 0.000000000000000000e+00 0.000000000000000000e+00 0.000000000000000000e+00 0.000000000000000000e+00 0.000000000000000000e+00 0.000000000000000000e+00 0.000000000000000000e+00
1.788455116800000133e-02 4.635205331626666703e-01 4.945052801706666945e-01 2.408963549866667553e-02 0.000000000000000000e+00 0.000000000000000000e+00 0.000000000000000000e+00 0.000000000000000000e+00 0.000000000000000000e+00 0.000000000000000000e+00 0.000000000000000000e+00
1.752567466666666435e-02 4.614816426666666915e-01 4.964596906666666198e-01 2.453299200000000693e-02 0.000000000000000000e+00 0.000000000000000000e+00 0.000000000000000000e+00 0.000000000000000000e+00 0.000000000000000000e+00 0.000000000000000000e+00 0.000000000000000000e+00
1.717163144533332894e-02 4.594384923306665258e-01 4.984081210026666819e-01 2.498175522133333493e-02 0.000000000000000000e+00 0.000000000000000000e+00 0.000000000000000000e+00 0.000000000000000000e+00 0.000000000000000000e+00 0.000000000000000000e+00 0.000000000000000000e+00
1.682238873600001156e-02 4.573911804586667240e-01 5.003504728746666075e-01 2.543595793066666735e-02 0.000000000000000000e+00 0.000000000000000000e+00 0.000000000000000000e+00 0.000000000000000000e+00 0.000000000000000000e+00 0.000000000000000000e+00 0.000000000000000000e+00
1.647791377066665230e-02 4.553398053546666158e-01 5.022866479786667337e-01 2.589563289600000859e-02 0.000000000000000000e+00 0.000000000000000000e+00 0.000000000000000000e+00 0.000000000000000000e+00 0.000000000000000000e+00 0.000000000000000000e+00 0.000000000000000000e+00
1.613817378133333355e-02 4.532844653226666964e-01 5.042165480106666209e-01 2.636081288533334219e-02 0.000000000000000000e+00 0.000000000000000000e+00 0.000000000000000000e+00 0.000000000000000000e+00 0.000000000000000000e+00 0.000000000000000000e+00 0.000000000000000000e+00
1.580313599999999888e-02 4.512252586666666287e-01 5.061400746666666617e-01 2.683153066666667252e-02 0.000000000000000000e+00 0.000000000000000000e+00 0.000000000000000000e+00 0.000000000000000000e+00 0.000000000000000000e+00 0.000000000000000000e+00 0.000000000000000000e+00
1.547276765866665259e-02 4.491622836906666305e-01 5.080571296426666938e-01 2.730781900800000050e-02 0.000000000000000000e+00 0.000000000000000000e+00 0.000000000000000000e+00 0.000000000000000000e+00 0.000000000000000000e+00 0.000000000000000000e+00 0.000000000000000000e+00
1.514703598933333888e-02 4.470956386986666420e-01 5.099676146346666661e-01 2.778971067733333397e-02 0.000000000000000000e+00 0.000000000000000000e+00 0.000000000000000000e+00 0.000000000000000000e+00 0.000000000000000000e+00 0.000000000000000000e+00 0.000000000000000000e+00
1.482590822400000827e-02 4.450254219946667700e-01 5.118714313386666381e-01 2.827723844266666342e-02 0.000000000000000000e+00 0.000000000000000000e+00 0.000000000000000000e+00 0.000000000000000000e+00 0.000000000000000000e+00 0.000000000000000000e+00 0.000000000000000000e+00
1.450935159466667027e-02 4.429517318826666217e-01 5.137684814506666697e-01 2.877043507200000710e-02 0.000000000000000000e+00 0.000000000000000000e+00 0.000000000000000000e+00 0.000000000000000000e+00 0.000000000000000000e+00 0.000000000000000000e+00 0.000000000000000000e+00
1.419733333333332570e-02 4.408746666666666369e-01 5.156586666666667096e-01 2.926933333333333817e-02 0.000000000000000000e+00 0.000000000000000000e+00 0.000000000000000000e+00 0.000000000000000000e+00 0.000000000000000000e+00 0.000000000000000000e+00 0.000000000000000000e+00
1.388982067199998928e-02 4.387943246506667005e-01 5.175418886826667064e-01 2.977396599466666793e-02 0.000000000000000000e+00 0.000000000000000000e+00 0.000000000000000000e+00 0.000000000000000000e+00 0.000000000000000000e+00 0.000000000000000000e+00 0.000000000000000000e+00
1.358678084266667051e-02 4.367108041386666417e-01 5.194180491946667200e-01 3.028436582400000077e-02 0.000000000000000000e+00 0.000000000000000000e+00 0.000000000000000000e+00 0.000000000000000000e+00 0.000000000000000000e+00 0.000000000000000000e+00 0.000000000000000000e+00
1.328818107733334419e-02 4.346242034346666783e-01 5.212870498986666989e-01 3.080056558933333063e-02 0.000000000000000000e+00 0.000000000000000000e+00 0.000000000000000000e+00 0.000000000000000000e+00 0.000000000000000000e+00 0.000000000000000000e+00 0.000000000000000000e+00
1.299398860799999902e-02 4.325346208426666950e-01 5.231487924906667031e-01 3.132259805866666191e-02 0.000000000000000000e+00 0.000000000000000000e+00 0.000000000000000000e+00 0.000000000000000000e+00 0.000000000000000000e+00 0.000000000000000000e+00 0.000000000000000000e+00
1.270417066666666012e-02 4.304421546666666876e-01 5.250031786666666811e-01 3.185049600000001285e-02 0.000000000000000000e+00 0.000000000000000000e+00 0.000000000000000000e+00 0.000000000000000000e+00 0.000000000000000000e+00 0.000000000000000000e+00 0.000000000000000000e+00
1.241869448533332657e-02 4.283469032106665964e-01 5.268501101226668037e-01 3.238429218133333926e-02 0.000000000000000000e+00 0.000000000000000000e+00 0.000000000000000000e+00 0.000000000000000000e+00 0.000000000000000000e+00 0.000000000000000000e+00 0.000000000000000000e+00
1.213752729600000788e-02 4.262489647786666946e-01 5.286894885546666867e-01 3.292401937066666978e-02 0.000000000000000000e+00 0.000000000000000000e+00 0.000000000000000000e+00 0.000000000000000000e+00 0.000000000000000000e+00 0.000000000000000000e+00 0.000000000000000000e+00
1.186063633066667018e-02 4.241484376746667562e-01 5.305212156586667227e-01 3.346971033600000534e-02 0.000000000000000000e+00 0.000000000000000000e+00 0.000000000000000000e+00 0.000000000000000000e+00 0.000000000000000000e+00 0.000000000000000000e+00 0.000000000000000000e+00
1.158798882133333340e-02 4.220454202026667212e-01 5.323451931306666385e-01 3.402139784533333294e-02 0.000000000000000000e+00 0.000000000000000000e+00 0.000000000000000000e+00 0.000000000000000000e+00 0.000000000000000000e+00 0.000000000000000000e+00 0.000000000000000000e+00
1.131955199999999662e-02 4.199400106666665855e-01 5.341613226666667158e-01 3.457911466666668127e-02 0.000000000000000000e+00 0.000000000000000000e+00 0.000000000000000000e+00 0.000000000000000000e+00 0.000000000000000000e+00 0.000000000000000000e+00 0.000000000000000000e+00
1.105529309866665200e-02 4.178323073706665669e-01 5.359695059626666813e-01 3.514289356800000957e-02 0.000000000000000000e+00 0.000000000000000000e+00 0.000000000000000000e+00 0.000000000000000000e+00 0.000000000000000000e+00 0.000000000000000000e+00 0.000000000000000000e+00
1.079517934933333333e-02 4.157224086186666057e-01 5.377696447146667058e-01 3.571276731733333959e-02 0.000000000000000000e+00 0.000000000000000000e+00 0.000000000000000000e+00 0.000000000000000000e+00 0.000000000000000000e+00 0.000000000000000000e+00 0.000000000000000000e+00
1.053917798400000327e-02 4.136104127146666976e-01 5.395616406186665159e-01 3.628876868266666528e-02 0.000000000000000000e+00 0.000000000000000000e+00 0.000000000000000000e+00 0.000000000000000000e+00 0.000000000000000000e+00 0.000000000000000000e+00 0.000000000000000000e+00
1.028725623466666961e-02 4.114964179626666163e-01 5.413453953706666155e-01 3.687093043200000142e-02 0.000000000000000000e+00 0.000000000000000000e+00 0.000000000000000000e+00 0.000000000000000000e+00 0.000000000000000000e+00 0.000000000000000000e+00 0.000000000000000000e+00
1.003938133333332622e-02 4.093805226666665797e-01 5.431208106666666202e-01 3.745928533333333504e-02 0.000000000000000000e+00 0.000000000000000000e+00 0.000000000000000000e+00 0.000000000000000000e+00 0.000000000000000000e+00 0.000000000000000000e+00 0.000000000000000000e+00
9.795520511999989549e-03 4.072628251306665836e-01 5.448877882026668118e-01 3.805386615466668093e-02 0.000000000000000000e+00 0.000000000000000000e+00 0.000000000000000000e+00 0.000000000000000000e+00 0.000000000000000000e+00 0.000000000000000000e+00 0.000000000000000000e+00
9.555641002666669104e-03 4.051434236586666238e-01 5.466462296746666949e-01 3.865470566400000529e-02 0.000000000000000000e+00 0.000000000000000000e+00 0.000000000000000000e+00 0.000000000000000000e+00 0.000000000000000000e+00 0.000000000000000000e+00 0.000000000000000000e+00
9.319710037333337957e-03 4.030224165546666959e-01 5.483960367786667733e-01 3.926183662933334373e-02 0.000000000000000000e+00 0.000000000000000000e+00 0.000000000000000000e+00 0.000000000000000000e+00 0.000000000000000000e+00 0.000000000000000000e+00 0.000000000000000000e+00
9.087694847999996939e-03 4.008999021226666848e-01 5.501371112106666628e-01 3.987529181866666939e-02 0.000000000000000000e+00 0.000000000000000000e+00 0.000000000000000000e+00 0.000000000000000000e+00 0.000000000000000000e+00 0.000000000000000000e+00 0.000000000000000000e+00
8.859562666666660757e-03 3.987759786666666417e-01 5.518693546666666450e-01 4.049510399999999705e-02 0.000000000000000000e+00 0.000000000000000000e+00 0.000000000000000000e+00 0.000000000000000000e+00 0.000000000000000000e+00 0.000000000000000000e+00 0.000000000000000000e+00
8.635280725333331978e-03 3.966507444906666735e-01 5.535926688426666686e-01 4.112130594133332762e-02 0.000000000000000000e+00 0.000000000000000000e+00 0.000000000000000000e+00 0.000000000000000000e+00 0.000000000000000000e+00 0.000000000000000000e+00 0.000000000000000000e+00
8.414816256000002756e-03 3.945242978986666094e-01 5.553069554346666825e-01 4.175393041066668282e-02 0.000000000000000000e+00 0.000000000000000000e+00 0.000000000000000000e+00 0.000000000000000000e+00 0.000000000000000000e+00 0.000000000000000000e+00 0.000000000000000000e+00
8.198136490666665249e-03 3.923967371946666671e-01 5.570121161386666353e-01 4.239301017600001498e-02 0.000000000000000000e+00 0.000000000000000000e+00 0.000000000000000000e+00 0.000000000000000000e+00 0.000000000000000000e+00 0.000000000000000000e+00 0.000000000000000000e+00
7.985208661333332431e-03 3.902681606826666760e-01 5.587080526506666978e-01 4.303857800533333888e-02 0.000000000000000000e+00 0.000000000000000000e+00 0.000000000000000000e+00 0.000000000000000000e+00 0.000000000000000000e+00 0.000000000000000000e+00 0.000000000000000000e+00
7.775999999999995589e-03 3.881386666666665208e-01 5.603946666666667076e-01 4.369066666666666932e-02 0.000000000000000000e+00 0.000000000000000000e+00 0.000000000000000000e+00 0.000000000000000000e+00 0.000000000000000000e+00 0.000000000000000000e+00 0.000000000000000000e+00
7.570477738666660759e-03 3.860083534506666969e-01 5.620718598826666135e-01 4.434930892800000024e-02 0.000000000000000000e+00 0.000000000000000000e+00 0.000000000000000000e+00 0.000000000000000000e+00 0.000000000000000000e+00 0.000000000000000000e+00 0.000000000000000000e+00
7.368609109333330506e-03 3.838773193386665894e-01 5.637395339946666972e-01 4.501453755733334644e-02 0.000000000000000000e+00 0.000000000000000000e+00 0.000000000000000000e+00 0.000000000000000000e+00 0.000000000000000000e+00 0.000000000000000000e+00 0.000000000000000000e+00
7.170361344000000456e-03 3.817456626346666937e-01 5.653975906986666855e-01 4.568638532266668106e-02 0.000000000000000000e+00 0.000000000000000000e+00 0.000000000000000000e+00 0.000000000000000000e+00 0.000000000000000000e+00 0.000000000000000000e+00 0.000000000000000000e+00
6.975701674666665367e-03 3.796134816426666170e-01 5.670459316906667491e-01 4.636488499200001195e-02 0.000000000000000000e+00 0.000000000000000000e+00 0.000000000000000000e+00 0.000000000000000000e+00 0.000000000000000000e+00 0.000000000000000000e+00 0.000000000000000000e+00
6.784597333333325202e-03 3.774808746666665216e-01 5.686844586666666146e-01 4.705006933333334002e-02 0.000000000000000000e+00 0.000000000000000000e+00 0.000000000000000000e+00 0.000000000000000000e+00 0.000000000000000000e+00 0.000000000000000000e+00 0.000000000000000000e+00
6.597015551999995536e-03 3.753479400106666253e-01 5.703130733226666749e-01 4.774197111466667309e-02 0.000000000000000000e+00 0.000000000000000000e+00 0.000000000000000000e+00 0.000000000000000000e+00 0.000000000000000000e+00 0.000000000000000000e+00 0.000000000000000000e+00
6.412923562666671996e-03 3.732147759786667574e-01 5.719316773546665456e-01 4.844062310399999821e-02 0.000000000000000000e+00 0.000000000000000000e+00 0.000000000000000000e+00 0.000000000000000000e+00 0.000000000000000000e+00 0.000000000000000000e+00 0.000000000000000000e+00
6.232288597333334595e-03 3.710814808746666360e-01 5.735401724586667305e-01 4.914605806933334403e-02 0.000000000000000000e+00 0.000000000000000000e+00 0.000000000000000000e+00 0.000000000000000000e+00 0.000000000000000000e+00 0.000000000000000000e+00 0.000000000000000000e+00
6.055077887999994572e-03 3.689481530026666456e-01 5.751384603306667342e-01 4.985830877866667676e-02 0.000000000000000000e+00 0.000000000000000000e+00 0.000000000000000000e+00 0.000000000000000000e+00 0.000000000000000000e+00 0.000000000000000000e+00 0.000000000000000000e+00
5.881258666666659696e-03 3.668148906666665598e-01 5.767264426666667276e-01 5.057740800000000425e-02 0.000000000000000000e+00 0.000000000000000000e+00 0.000000000000000000e+00 0.000000000000000000e+00 0.000000000000000000e+00 0.000000000000000000e+00 0.000000000000000000e+00
5.710798165333329929e-03 3.646817921706666521e-01 5.783040211626666594e-01 5.130338850133333434e-02 0.000000000000000000e+00 0.000000000000000000e+00 0.000000000000000000e+00 0.000000000000000000e+00 0.000000000000000000e+00 0.000000000000000000e+00 0.000000000000000000e+00
5.543663616000005234e-03 3.625489558186666406e-01 5.798710975146667002e-01 5.203628305066666793e-02 0.000000000000000000e+00 0.000000000000000000e+00 0.000000000000000000e+00 0.000000000000000000e+00 0.000000000000000000e+00 0.000000000000000000e+00 0.000000000000000000e+00
5.379822250666665626e-03 3.604164799146666320e-01 5.814275734186666877e-01 5.277612441599999205e-02 0.000000000000000000e+00 0.000000000000000000e+00 0.000000000000000000e+00 0.000000000000000000e+00 0.000000000000000000e+00 0.000000000000000000e+00 0.000000000000000000e+00
5.219241301333329280e-03 3.582844627626666223e-01 5.829733505706666818e-01 5.352294536533334923e-02 0.000000000000000000e+00 0.000000000000000000e+00 0.000000000000000000e+00 0.000000000000000000e+00 0.000000000000000000e+00 0.000000000000000000e+00 0.000000000000000000e+00
5.061887999999995294e-03 3.561530026666665516e-01 5.845083306666667422e-01 5.427677866666668488e-02 0.000000000000000000e+00 0.000000000000000000e+00 0.000000000000000000e+00 0.000000000000000000e+00 0.000000000000000000e+00 0.000000000000000000e+00 0.000000000000000000e+00
4.907729578666659292e-03 3.540221979306666378e-01 5.860324154026665955e-01 5.503765708800000683e-02 0.000000000000000000e+00 0.000000000000000000e+00 0.000000000000000000e+00 0.000000000000000000e+00 0.000000000000000000e+00 0.000000000000000000e+00 0.000000000000000000e+00
4.756733269333334249e-03 3.518921468586667101e-01 5.875455064746666345e-01 5.580561339733333681e-02 0.000000000000000000e+00 0.000000000000000000e+00 0.000000000000000000e+00 0.000000000000000000e+00 0.000000000000000000e+00 0.000000000000000000e+00 0.000000000000000000e+00
4.608866304000000177e-03 3.497629477546666532e-01 5.890475055786665859e-01 5.658068036266666878e-02 0.000000000000000000e+00 0.000000000000000000e+00 0.000000000000000000e+00 0.000000000000000000e+00 0.000000000000000000e+00 0.000000000000000000e+00 0.000000000000000000e+00
4.464095914666666581e-03 3.476346989226666295e-01 5.905383144106666204e-01 5.736289075200000365e-02 0.000000000000000000e+00 0.000000000000000000e+00 0.000000000000000000e+00 0.000000000000000000e+00 0.000000000000000000e+00 0.000000000000000000e+00 0.000000000000000000e+00
4.322389333333325617e-03 3.455074986666665238e-01 5.920178346666666869e-01 5.815227733333334925e-02 0.000000000000000000e+00 0.000000000000000000e+00 0.000000000000000000e+00 0.000000000000000000e+00 0.000000000000000000e+00 0.000000000000000000e+00 0.000000000000000000e+00
4.183713791999994595e-03 3.433814452906666093e-01 5.934859680426667339e-01 5.894887287466668568e-02 0.000000000000000000e+00 0.000000000000000000e+00 0.000000000000000000e+00 0.000000000000000000e+00 0.000000000000000000e+00 0.000000000000000000e+00 0.000000000000000000e+00
4.048036522666668274e-03 3.412566370986667152e-01 5.949426162346665992e-01 5.975271014400000691e-02 0.000000000000000000e+00 0.000000000000000000e+00 0.000000000000000000e+00 0.000000000000000000e+00 0.000000000000000000e+00 0.000000000000000000e+00 0.000000000000000000e+00
3.915324757333334474e-03 3.391331723946666155e-01 5.963876809386666755e-01 6.056382190933334159e-02 0.000000000000000000e+00 0.000000000000000000e+00 0.000000000000000000e+00 0.000000000000000000e+00 0.000000000000000000e+00 0.000000000000000000e+00 0.000000000000000000e+00
3.785545727999995325e-03 3.370111494826665832e-01 5.978210638506666896e-01 6.138224093866666287e-02 0.000000000000000000e+00 0.000000000000000000e+00 0.000000000000000000e+00 0.000000000000000000e+00 0.000000000000000000e+00 0.000000000000000000e+00 0.000000000000000000e+00
3.658666666666660766e-03 3.348906666666666143e-01 5.992426666666667012e-01 6.220800000000001329e-02 0.000000000000000000e+00 0.000000000000000000e+00 0.000000000000000000e+00 0.000000000000000000e+00 0.000000000000000000e+00 0.000000000000000000e+00 0.000000000000000000e+00
3.534654805333329458e-03 3.327718222506666490e-01 6.006523910826666590e-01 6.304113186133335212e-02 0.000000000000000000e+00 0.000000000000000000e+00 0.000000000000000000e+00 0.000000000000000000e+00 0.000000000000000000e+00 0.000000000000000000e+00 0.000000000000000000e+00
3.413477376000002231e-03 3.306547145386666275e-01 6.020501387946667338e-01 6.388166929066667332e-02 0.000000000000000000e+00 0.000000000000000000e+00 0.000000000000000000e+00 0.000000000000000000e+00 0.000000000000000000e+00 0.000000000000000000e+00 0.000000000000000000e+00
3.295101610666664304e-03 3.285394418346666567e-01 6.034358114986666521e-01 6.472964505599999863e-02 0.000000000000000000e+00 0.000000000000000000e+00 0.000000000000000000e+00 0.000000000000000000e+00 0.000000000000000000e+00 0.000000000000000000e+00 0.000000000000000000e+00
3.179494741333330383e-03 3.264261024426666769e-01 6.048093108906666959e-01 6.558509192533333587e-02 0.000000000000000000e+00 0.000000000000000000e+00 0.000000000000000000e+00 0.000000000000000000e+00 0.000000000000000000e+00 0.000000000000000000e+00 0.000000000000000000e+00
3.066624000000003035e-03 3.243147946666666837e-01 6.061705386666667028e-01 6.644804266666665127e-02 0.000000000000000000e+00 0.000000000000000000e+00 0.000000000000000000e+00 0.000000000000000000e+00 0.000000000000000000e+00 0.000000000000000000e+00 0.000000000000000000e+00
2.956456618666660537e-03 3.222056168106666174e-01 6.075193965226666215e-01 6.731853004800002205e-02 0.000000000000000000e+00 0.000000000000000000e+00 0.000000000000000000e+00 0.000000000000000000e+00 0.000000000000000000e+00 0.000000000000000000e+00 0.000000000000000000e+00
2.848959829333332777e-03 3.200986671786666959e-01 6.088557861546666228e-01 6.819658683733334503e-02 0.000000000000000000e+00 0.000000000000000000e+00 0.000000000000000000e+00 0.000000000000000000e+00 0.000000000000000000e+00 0.000000000000000000e+00 0.000000000000000000e+00
2.744100863999998467e-03 3.179940440746666375e-01 6.101796092586666553e-01 6.908224580266668358e-02 0.000000000000000000e+00 0.000000000000000000e+00 0.000000000000000000e+00 0.000000000000000000e+00 0.000000000000000000e+00 0.000000000000000000e+00 0.000000000000000000e+00
2.641846954666664943e-03 3.158918458026666043e-01 6.114907675306666679e-01 6.997553971200000389e-02 0.000000000000000000e+00 0.000000000000000000e+00 0.000000000000000000e+00 0.000000000000000000e+00 0.000000000000000000e+00 0.000000000000000000e+00 0.000000000000000000e+00
2.542165333333336504e-03 3.137921706666667032e-01 6.127891626666666092e-01 7.087650133333332769e-02 0.000000000000000000e+00 0.000000000000000000e+00 0.000000000000000000e+00 0.000000000000000000e+00 0.000000000000000000e+00 0.000000000000000000e+00 0.000000000000000000e+00
2.445023232000001837e-03 3.116951169706667080e-01 6.140746963626666499e-01 7.178516343466666283e-02 0.000000000000000000e+00 0.000000000000000000e+00 0.000000000000000000e+00 0.000000000000000000e+00 0.000000000000000000e+00 0.000000000000000000e+00 0.000000000000000000e+00
2.350387882666666543e-03 3.096007830186666698e-01 6.153472703146666278e-01 7.270155878400001714e-02 0.000000000000000000e+00 0.000000000000000000e+00 0.000000000000000000e+00 0.000000000000000000e+00 0.000000000000000000e+00 0.000000000000000000e+00 0.000000000000000000e+00
2.258226517333332753e-03 3.075092671146666401e-01 6.166067862186667137e-01 7.362572014933334297e-02 0.000000000000000000e+00 0.000000000000000000e+00 0.000000000000000000e+00 0.000000000000000000e+00 0.000000000000000000e+00 0.000000000000000000e+00 0.000000000000000000e+00
2.168506367999996094e-03 3.054206675626665590e-01 6.178531457706667451e-01 7.455768029866667590e-02 0.000000000000000000e+00 0.000000000000000000e+00 0.000000000000000000e+00 0.000000000000000000e+00 0.000000000000000000e+00 0.000000000000000000e+00 0.000000000000000000e+00
2.081194666666666936e-03 3.033350826666666444e-01 6.190862506666666709e-01 7.549747200000000991e-02 0.000000000000000000e+00 0.000000000000000000e+00 0.000000000000000000e+00 0.000000000000000000e+00 0.000000000000000000e+00 0.000000000000000000e+00 0.000000000000000000e+00
1.996258645333335267e-03 3.012526107306667256e-01 6.203060026026666618e-01 7.644512802133332507e-02 0.000000000000000000e+00 0.000000000000000000e+00 0.000000000000000000e+00 0.000000000000000000e+00 0.000000000000000000e+00 0.000000000000000000e+00 0.000000000000000000e+00
1.913665536000000618e-03 2.991733500586666317e-01 6.215123032746667775e-01 7.740068113066669864e-02 0.000000000000000000e+00 0.000000000000000000e+00 0.000000000000000000e+00 0.000000000000000000e+00 0.000000000000000000e+00 0.000000000000000000e+00 0.000000000000000000e+00
1.833382570666664251e-03 2.970973989546666361e-01 6.227050543786666337e-01 7.836416409600002742e-02 0.000000000000000000e+00 0.000000000000000000e+00 0.000000000000000000e+00 0.000000000000000000e+00 0.000000000000000000e+00 0.000000000000000000e+00 0.000000000000000000e+00
1.755376981333330467e-03 2.950248557226666235e-01 6.238841576106666231e-01 7.933560968533334701e-02 0.000000000000000000e+00 0.000000000000000000e+00 0.000000000000000000e+00 0.000000000000000000e+00 0.000000000000000000e+00 0.000000000000000000e+00 0.000000000000000000e+00
1.679616000000001179e-03 2.929558186666666453e-01 6.250495146666666946e-01 8.031505066666669301e-02 0.000000000000000000e+00 0.000000000000000000e+00 0.000000000000000000e+00 0.000000000000000000e+00 0.000000000000000000e+00 0.000000000000000000e+00 0.000000000000000000e+00
1.606066858666668979e-03 2.908903860906666416e-01 6.262010272426666857e-01 8.130251980800000389e-02 0.000000000000000000e+00 0.000000000000000000e+00 0.000000000000000000e+00 0.000000000000000000e+00 0.000000000000000000e+00 0.000000000000000000e+00 0.000000000000000000e+00
1.534696789333332744e-03 2.888286562986666639e-01 6.273385970346666562e-01 8.229804987733332911e-02 0.000000000000000000e+00 0.000000000000000000e+00 0.000000000000000000e+00 0.000000000000000000e+00 0.000000000000000000e+00 0.000000000000000000e+00 0.000000000000000000e+00
1.465473023999998292e-03 2.867707275946665968e-01 6.284621257386666660e-01 8.330167364266669039e-02 0.000000000000000000e+00 0.000000000000000000e+00 0.000000000000000000e+00 0.000000000000000000e+00 0.000000000000000000e+00 0.000000000000000000e+00 0.000000000000000000e+00
1.398362794666664502e-03 2.847166982826665471e-01 6.295715150506666635e-01 8.431342387200001232e-02 0.000000000000000000e+00 0.000000000000000000e+00 0.000000000000000000e+00 0.000000000000000000e+00 0.000000000000000000e+00 0.000000000000000000e+00 0.000000000000000000e+00
1.333333333333334590e-03 2.826666666666666217e-01 6.306666666666667087e-01 8.533333333333334436e-02 0.000000000000000000e+00 0.000000000000000000e+00 0.000000000000000000e+00 0.000000000000000000e+00 0.000000000000000000e+00 0.000000000000000000e+00 0.000000000000000000e+00
1.270351872000000278e-03 2.806207310506667052e-01 6.317474822826667502e-01 8.636143479466668049e-02 0.000000000000000000e+00 0.000000000000000000e+00 0.000000000000000000e+00 0.000000000000000000e+00 0.000000000000000000e+00 0.000000000000000000e+00 0.000000000000000000e+00
1.209385642666666733e-03 2.785789897386666825e-01 6.328138635946667367e-01 8.739776102400000080e-02 0.000000000000000000e+00 0.000000000000000000e+00 0.000000000000000000e+00 0.000000000000000000e+00 0.000000000000000000e+00 0.000000000000000000e+00 0.000000000000000000e+00
1.150401877333332833e-03 2.765415410346666047e-01 6.338657122986667281e-01 8.844234478933331312e-02 0.000000000000000000e+00 0.000000000000000000e+00 0.000000000000000000e+00 0.000000000000000000e+00 0.000000000000000000e+00 0.000000000000000000e+00 0.000000000000000000e+00
1.093367807999996808e-03 2.745084832426665233e-01 6.349029300906666728e-01 8.949521885866669468e-02 0.000000000000000000e+00 0.000000000000000000e+00 0.000000000000000000e+00 0.000000000000000000e+00 0.000000000000000000e+00 0.000000000000000000e+00 0.000000000000000000e+00
1.038250666666666209e-03 2.724799146666666005e-01 6.359254186666667419e-01 9.055641600000002844e-02 0.000000000000000000e+00 0.000000000000000000e+00 0.000000000000000000e+00 0.000000000000000000e+00 0.000000000000000000e+00 0.000000000000000000e+00 0.000000000000000000e+00
9.850176853333338436e-04 2.704559336106667211e-01 6.369330797226666618e-01 9.162596898133333612e-02 0.000000000000000000e+00 0.000000000000000000e+00 0.000000000000000000e+00 0.000000000000000000e+00 0.000000000000000000e+00 0.000000000000000000e+00 0.000000000000000000e+00
9.336360960000003248e-04 2.684366383786666033e-01 6.379258149546667145e-01 9.270391057066666718e-02 0.000000000000000000e+00 0.000000000000000000e+00 0.000000000000000000e+00 0.000000000000000000e+00 0.000000000000000000e+00 0.000000000000000000e+00 0.000000000000000000e+00
8.840731306666649650e-04 2.664221272746666314e-01 6.389035260586666265e-01 9.379027353600000172e-02 0.000000000000000000e+00 0.000000000000000000e+00 0.000000000000000000e+00 0.000000000000000000e+00 0.000000000000000000e+00 0.000000000000000000e+00 0.000000000000000000e+00
8.362960213333309797e-04 2.644124986026665791e-01 6.398661147306666797e-01 9.488509064533337534e-02 0.000000000000000000e+00 0.000000000000000000e+00 0.000000000000000000e+00 0.000000000000000000e+00 0.000000000000000000e+00 0.000000000000000000e+00 0.000000000000000000e+00
7.902719999999999580e-04 2.624078506666666089e-01 6.408134826666667117e-01 9.598839466666669873e-02 0.000000000000000000e+00 0.000000000000000000e+00 0.000000000000000000e+00 0.000000000000000000e+00 0.000000000000000000e+00 0.000000000000000000e+00 0.000000000000000000e+00
7.459682986666675260e-04 2.604082817706666053e-01 6.417455315626666712e-01 9.710021836800003525e-02 0.000000000000000000e+00 0.000000000000000000e+00 0.000000000000000000e+00 0.000000000000000000e+00 0.000000000000000000e+00 0.000000000000000000e+00 0.000000000000000000e+00
7.033521493333323455e-04 2.584138902186666198e-01 6.426621631146666180e-01 9.822059451733335111e-02 0.000000000000000000e+00 0.000000000000000000e+00 0.000000000000000000e+00 0.000000000000000000e+00 0.000000000000000000e+00 0.000000000000000000e+00 0.000000000000000000e+00
6.623907839999988246e-04 2.564247743146665925e-01 6.435632790186666119e-01 9.934955588266668192e-02 0.000000000000000000e+00 0.000000000000000000e+00 0.000000000000000000e+00 0.000000000000000000e+00 0.000000000000000000e+00 0.000000000000000000e+00 0.000000000000000000e+00
6.230514346666662755e-04 2.544410323626666859e-01 6.444487809706667125e-01 1.004871352319999939e-01 0.000000000000000000e+00 0.000000000000000000e+00 0.000000000000000000e+00 0.000000000000000000e+00 0.000000000000000000e+00 0.000000000000000000e+00 0.000000000000000000e+00
5.853013333333336853e-04 2.524627626666666180e-01 6.453185706666666466e-01 1.016333653333333642e-01 0.000000000000000000e+00 0.000000000000000000e+00 0.000000000000000000e+00 0.000000000000000000e+00 0.000000000000000000e+00 0.000000000000000000e+00 0.000000000000000000e+00
5.491077119999996075e-04 2.504900635306666623e-01 6.461725498026666958e-01 1.027882789546666759e-01 0.000000000000000000e+00 0.000000000000000000e+00 0.000000000000000000e+00 0.000000000000000000e+00 0.000000000000000000e+00 0.000000000000000000e+00 0.000000000000000000e+00
5.144378026666661732e-04 2.485230332586666757e-01 6.470106200746665870e-01 1.039519088640000061e-01 0.000000000000000000e+00 0.000000000000000000e+00 0.000000000000000000e+00 0.000000000000000000e+00 0.000000000000000000e+00 0.000000000000000000e+00 0.000000000000000000e+00
4.812588373333326407e-04 2.465617701546665985e-01 6.478326831786667128e-01 1.051242878293333488e-01 0.000000000000000000e+00 0.000000000000000000e+00 0.000000000000000000e+00 0.000000000000000000e+00 0.000000000000000000e+00 0.000000000000000000e+00 0.000000000000000000e+00
4.495380479999988100e-04 2.446063725226667041e-01 6.486386408106666890e-01 1.063054486186666564e-01 0.000000000000000000e+00 0.000000000000000000e+00 0.000000000000000000e+00 0.000000000000000000e+00 0.000000000000000000e+00 0.000000000000000000e+00 0.000000000000000000e+00
4.192426666666671377e-04 2.426569386666667383e-01 6.494283946666665752e-01 1.074954239999999783e-01 0.000000000000000000e+00 0.000000000000000000e+00 0.000000000000000000e+00 0.000000000000000000e+00 0.000000000000000000e+00 0.000000000000000000e+00 0.000000000000000000e+00
3.903399253333332498e-04 2.407135668906666692e-01 6.502018464426666533e-01 1.086942467413333641e-01 0.000000000000000000e+00 0.000000000000000000e+00 0.000000000000000000e+00 0.000000000000000000e+00 0.000000000000000000e+00 0.000000000000000000e+00 0.000000000000000000e+00
3.627970559999997655e-04 2.387763554986666314e-01 6.509588978346667609e-01 1.099019496106666827e-01 0.000000000000000000e+00 0.000000000000000000e+00 0.000000000000000000e+00 0.000000000000000000e+00 0.000000000000000000e+00 0.000000000000000000e+00 0.000000000000000000e+00
3.365812906666654008e-04 2.368454027946665930e-01 6.516994505386666248e-01 1.111185653760000253e-01 0.000000000000000000e+00 0.000000000000000000e+00 0.000000000000000000e+00 0.000000000000000000e+00 0.000000000000000000e+00 0.000000000000000000e+00 0.000000000000000000e+00
3.116598613333326122e-04 2.349208070826666328e-01 6.524234062506666376e-01 1.123441268053333442e-01 0.000000000000000000e+00 0.000000000000000000e+00 0.000000000000000000e+00 0.000000000000000000e+00 0.000000000000000000e+00 0.000000000000000000e+00 0.000000000000000000e+00
2.880000000000004952e-04 2.330026666666667190e-01 6.531306666666666372e-01 1.135786666666666611e-01 0.000000000000000000e+00 0.000000000000000000e+00 0.000000000000000000e+00 0.000000000000000000e+00 0.000000000000000000e+00 0.000000000000000000e+00 0.000000000000000000e+00
2.655689386666667900e-04 2.310910798506666253e-01 6.538211334826666832e-01 1.148222177280000533e-01 0.000000000000000000e+00 0.000000000000000000e+00 0.000000000000000000e+00 0.000000000000000000e+00 0.000000000000000000e+00 0.000000000000000000e+00 0.000000000000000000e+00
2.443339093333325978e-04 2.291861449386666250e-01 6.544947083946666133e-01 1.160748127573333621e-01 0.000000000000000000e+00 0.000000000000000000e+00 0.000000000000000000e+00 0.000000000000000000e+00 0.000000000000000000e+00 0.000000000000000000e+00 0.000000000000000000e+00
2.242621439999992097e-04 2.272879602346666306e-01 6.551512930986667094e-01 1.173364845226666925e-01 0.000000000000000000e+00 0.000000000000000000e+00 0.000000000000000000e+00 0.000000000000000000e+00 0.000000000000000000e+00 0.000000000000000000e+00 0.000000000000000000e+00
2.053208746666662090e-04 2.253966240426666379e-01 6.557907892906666980e-01 1.186072657920000245e-01 0.000000000000000000e+00 0.000000000000000000e+00 0.000000000000000000e+00 0.000000000000000000e+00 0.000000000000000000e+00 0.000000000000000000e+00 0.000000000000000000e+00
1.874773333333338296e-04 2.235122346666666704e-01 6.564130986666667500e-01 1.198871893333333521e-01 0.000000000000000000e+00 0.000000000000000000e+00 0.000000000000000000e+00 0.000000000000000000e+00 0.000000000000000000e+00 0.000000000000000000e+00 0.000000000000000000e+00
1.706987519999998118e-04 2.216348904106666684e-01 6.570181229226665920e-01 1.211762879146666833e-01 0.000000000000000000e+00 0.000000000000000000e+00 0.000000000000000000e+00 0.000000000000000000e+00 0.000000000000000000e+00 0.000000000000000000e+00 0.000000000000000000e+00
1.549523626666662326e-04 2.197646895786666554e-01 6.576057637546667278e-01 1.224745943040000257e-01 0.000000000000000000e+00 0.000000000000000000e+00 0.000000000000000000e+00 0.000000000000000000e+00 0.000000000000000000e+00 0.000000000000000000e+00 0.000000000000000000e+00
1.402053973333328379e-04 2.179017304746665440e-01 6.581759228586666621e-01 1.237821412693333595e-01 0.000000000000000000e+00 0.000000000000000000e+00 0.000000000000000000e+00 0.000000000000000000e+00 0.000000000000000000e+00 0.000000000000000000e+00 0.000000000000000000e+00
1.264250879999993197e-04 2.160461114026666629e-01 6.587285019306666767e-01 1.250989615786666787e-01 0.000000000000000000e+00 0.000000000000000000e+00 0.000000000000000000e+00 0.000000000000000000e+00 0.000000000000000000e+00 0.000000000000000000e+00 0.000000000000000000e+00
1.135786666666666842e-04 2.141979306666667027e-01 6.592634026666666092e-01 1.264250879999999910e-01 0.000000000000000000e+00 0.000000000000000000e+00 0.000000000000000000e+00 0.000000000000000000e+00 0.000000000000000000e+00 0.000000000000000000e+00 0.000000000000000000e+00
1.016333653333332816e-04 2.123572865706666590e-01 6.597805267626666303e-01 1.277605533013333461e-01 0.000000000000000000e+00 0.000000000000000000e+00 0.000000000000000000e+00 0.000000000000000000e+00 0.000000000000000000e+00 0.000000000000000000e+00 0.000000000000000000e+00
9.055641599999990137e-05 2.105242774186665833e-01 6.602797759146665779e-01 1.291053902506666407e-01 0.000000000000000000e+00 0.000000000000000000e+00 0.000000000000000000e+00 0.000000000000000000e+00 0.000000000000000000e+00 0.000000000000000000e+00 0.000000000000000000e+00
8.031505066666605919e-05 2.086990015146665822e-01 6.607610518186666226e-01 1.304596316160000491e-01 0.000000000000000000e+00 0.000000000000000000e+00 0.000000000000000000e+00 0.000000000000000000e+00 0.000000000000000000e+00 0.000000000000000000e+00 0.000000000000000000e+00
7.087650133333293760e-05 2.068815571626666239e-01 6.612242561706667132e-01 1.318233101653333572e-01 0.000000000000000000e+00 0.000000000000000000e+00 0.000000000000000000e+00 0.000000000000000000e+00 0.000000000000000000e+00 0.000000000000000000e+00 0.000000000000000000e+00
6.220800000000006576e-05 2.050720426666667040e-01 6.616692906666665763e-01 1.331964586666666839e-01 0.000000000000000000e+00 0.000000000000000000e+00 0.000000000000000000e+00 0.000000000000000000e+00 0.000000000000000000e+00 0.000000000000000000e+00 0.000000000000000000e+00
5.427677866666668824e-05 2.032705563306666519e-01 6.620960570026667158e-01 1.345791098880000092e-01 0.000000000000000000e+00 0.000000000000000000e+00 0.000000000000000000e+00 0.000000000000000000e+00 0.000000000000000000e+00 0.000000000000000000e+00 0.000000000000000000e+00
4.705006933333307281e-05 2.014771964586666020e-01 6.625044568746666362e-01 1.359712965973333409e-01 0.000000000000000000e+00 0.000000000000000000e+00 0.000000000000000000e+00 0.000000000000000000e+00 0.000000000000000000e+00 0.000000000000000000e+00 0.000000000000000000e+00
4.049510399999966344e-05 1.996920613546665779e-01 6.628943919786666195e-01 1.373730515626667148e-01 0.000000000000000000e+00 0.000000000000000000e+00 0.000000000000000000e+00 0.000000000000000000e+00 0.000000000000000000e+00 0.000000000000000000e+00 0.000000000000000000e+00
3.457911466666645684e-05 1.979152493226666309e-01 6.632657640106667252e-01 1.387844075520000275e-01 0.000000000000000000e+00 0.000000000000000000e+00 0.000000000000000000e+00 0.000000000000000000e+00 0.000000000000000000e+00 0.000000000000000000e+00 0.000000000000000000e+00
2.926933333333341247e-05 1.961468586666666458e-01 6.636184746666666801e-01 1.402053973333333703e-01 0.000000000000000000e+00 0.000000000000000000e+00 0.000000000000000000e+00 0.000000000000000000e+00 0.000000000000000000e+00 0.000000000000000000e+00 0.000000000000000000e+00
2.453299199999989008e-05 1.943869876906666461e-01 6.639524256426666549e-01 1.416360536746666954e-01 0.000000000000000000e+00 0.000000000000000000e+00 0.000000000000000000e+00 0.000000000000000000e+00 0.000000000000000000e+00 0.000000000000000000e+00 0.000000000000000000e+00
2.033732266666654710e-05 1.926357346986666552e-01 6.642675186346667093e-01 1.430764093440000384e-01 0.000000000000000000e+00 0.000000000000000000e+00 0.000000000000000000e+00 0.000000000000000000e+00 0.000000000000000000e+00 0.000000000000000000e+00 0.000000000000000000e+00
1.664955733333341073e-05 1.908931979946666690e-01 6.645636553386666812e-01 1.445264971093333517e-01 0.000000000000000000e+00 0.000000000000000000e+00 0.000000000000000000e+00 0.000000000000000000e+00 0.000000000000000000e+00 0.000000000000000000e+00 0.000000000000000000e+00
1.343692799999980854e-05 1.891594758826666278e-01 6.648407374506666301e-01 1.459863497386666986e-01 0.000000000000000000e+00 0.000000000000000000e+00 0.000000000000000000e+00 0.000000000000000000e+00 0.000000000000000000e+00 0.000000000000000000e+00 0.000000000000000000e+00
1.066666666666663513e-05 1.874346666666666661e-01 6.650986666666667269e-01 1.474560000000000315e-01 0.000000000000000000e+00 0.000000000000000000e+00 0.000000000000000000e+00 0.000000000000000000e+00 0.000000000000000000e+00 0.000000000000000000e+00 0.000000000000000000e+00
8.306005333333295969e-06 1.857188686506666686e-01 6.653373446826666981e-01 1.489354806613333304e-01 0.000000000000000000e+00 0.000000000000000000e+00 0.000000000000000000e+00 0.000000000000000000e+00 0.000000000000000000e+00 0.000000000000000000e+00 0.000000000000000000e+00
6.322175999999958051e-06 1.840121801386666034e-01 6.655566731946667147e-01 1.504248244906666587e-01 0.000000000000000000e+00 0.000000000000000000e+00 0.000000000000000000e+00 0.000000000000000000e+00 0.000000000000000000e+00 0.000000000000000000e+00 0.000000000000000000e+00
4.682410666666710425e-06 1.823146994346666883e-01 6.657565538986667253e-01 1.519240642559999965e-01 0.000000000000000000e+00 0.000000000000000000e+00 0.000000000000000000e+00 0.000000000000000000e+00 0.000000000000000000e+00 0.000000000000000000e+00 0.000000000000000000e+00
3.353941333333347798e-06 1.806265248426666969e-01 6.659368884906666786e-01 1.534332327253333239e-01 0.000000000000000000e+00 0.000000000000000000e+00 0.000000000000000000e+00 0.000000000000000000e+00 0.000000000000000000e+00 0.000000000000000000e+00 0.000000000000000000e+00
2.303999999999995644e-06 1.789477546666666807e-01 6.660975786666667453e-01 1.549523626666667042e-01 0.000000000000000000e+00 0.000000000000000000e+00 0.000000000000000000e+00 0.000000000000000000e+00 0.000000000000000000e+00 0.000000000000000000e+00 0.000000000000000000e+00
1.499818666666659370e-06 1.772784872106666354e-01 6.662385261226666522e-01 1.564814868480000343e-01 0.000000000000000000e+00 0.000000000000000000e+00 0.000000000000000000e+00 0.000000000000000000e+00 0.000000000000000000e+00 0.000000000000000000e+00 0.000000000000000000e+00
9.086293333333082786e-07 1.756188207786666122e-01 6.663596325546666810e-01 1.580206380373333774e-01 0.000000000000000000e+00 0.000000000000000000e+00 0.000000000000000000e+00 0.000000000000000000e+00 0.000000000000000000e+00 0.000000000000000000e+00 0.000000000000000000e+00
4.976640000000006108e-07 1.739688536746666347e-01 6.664607996586666694e-01 1.595698490026666860e-01 0.000000000000000000e+00 0.000000000000000000e+00 0.000000000000000000e+00 0.000000000000000000e+00 0.000000000000000000e+00 0.000000000000000000e+00 0.000000000000000000e+00
2.341546666666705432e-07 1.723286842026667265e-01 6.665419291306666771e-01 1.611291525120000234e-01 0.000000000000000000e+00 0.000000000000000000e+00 0.000000000000000000e+00 0.000000000000000000e+00 0.000000000000000000e+00 0.000000000000000000e+00 0.000000000000000000e+00
8.533333333333474596e-08 1.706984106666666612e-01 6.666029226666667640e-01 1.626985813333333142e-01 0.000000000000000000e+00 0.000000000000000000e+00 0.000000000000000000e+00 0.000000000000000000e+00 0.000000000000000000e+00 0.000000000000000000e+00 0.000000000000000000e+00
1.843199999999859963e-08 1.690781313706666289e-01 6.666436819626666566e-01 1.642781682346667049e-01 0.000000000000000000e+00 0.000000000000000000e+00 0.000000000000000000e+00 0.000000000000000000e+00 0.000000000000000000e+00 0.000000000000000000e+00 0.000000000000000000e+00
6.826666666664885334e-10 1.674679446186666254e-01 6.666641087146666367e-01 1.658679459840000370e-01 0.000000000000000000e+00 0.000000000000000000e+00 0.000000000000000000e+00 0.000000000000000000e+00 0.000000000000000000e+00 0.000000000000000000e+00 0.000000000000000000e+00
0.000000000000000000e+00 1.658679459840000370e-01 6.666641087146665257e-01 1.674679446186667087e-01 6.826666666667253138e-10 0.000000000000000000e+00 0.000000000000000000e+00 0.000000000000000000e+00 0.000000000000000000e+00 0.000000000000000000e+00 0.000000000000000000e+00
0.000000000000000000e+00 1.642781682346665661e-01 6.666436819626666566e-01 1.690781313706667399e-01 1.843200000000158409e-08 0.000000000000000000e+00 0.000000000000000000e+00 0.000000000000000000e+00 0.000000000000000000e+00 0.000000000000000000e+00 0.000000000000000000e+00
0.000000000000000000e+00 1.626985813333333142e-01 6.666029226666666530e-01 1.706984106666666889e-01 8.533333333333356805e-08 0.000000000000000000e+00 0.000000000000000000e+00 0.000000000000000000e+00 0.000000000000000000e+00 0.000000000000000000e+00 0.000000000000000000e+00
0.000000000000000000e+00 1.611291525119999679e-01 6.665419291306666771e-01 1.723286842026666987e-01 2.341546666666728726e-07 0.000000000000000000e+00 0.000000000000000000e+00 0.000000000000000000e+00 0.000000000000000000e+00 0.000000000000000000e+00 0.000000000000000000e+00
0.000000000000000000e+00 1.595698490026666305e-01 6.664607996586666694e-01 1.739688536746666625e-01 4.976639999999966933e-07 0.000000000000000000e+00 0.000000000000000000e+00 0.000000000000000000e+00 0.000000000000000000e+00 0.000000000000000000e+00 0.000000000000000000e+00
0.000000000000000000e+00 1.580206380373333219e-01 6.663596325546665700e-01 1.756188207786666677e-01 9.086293333333426894e-07 0.000000000000000000e+00 0.000000000000000000e+00 0.000000000000000000e+00 0.000000000000000000e+00 0.000000000000000000e+00 0.000000000000000000e+00
0.000000000000000000e+00 1.564814868479998955e-01 6.662385261226666522e-01 1.772784872106667464e-01 1.499818666666699604e-06 0.000000000000000000e+00 0.000000000000000000e+00 0.000000000000000000e+00 0.000000000000000000e+00 0.000000000000000000e+00 0.000000000000000000e+00
0.000000000000000000e+00 1.549523626666666765e-01 6.660975786666667453e-01 1.789477546666666530e-01 2.304000000000005808e-06 0.000000000000000000e+00 0.000000000000000000e+00 0.000000000000000000e+00 0.000000000000000000e+00 0.000000000000000000e+00 0.000000000000000000e+00
0.000000000000000000e+00 1.534332327253332684e-01 6.659368884906666786e-01 1.806265248426666969e-01 3.353941333333374903e-06 0.000000000000000000e+00 0.000000000000000000e+00 0.000000000000000000e+00 0.000000000000000000e+00 0.000000000000000000e+00 0.000000000000000000e+00
0.000000000000000000e+00 1.519240642559999688e-01 6.657565538986667253e-01 1.823146994346666605e-01 4.682410666666658756e-06 0.000000000000000000e+00 0.000000000000000000e+00 0.000000000000000000e+00 0.000000000000000000e+00 0.000000000000000000e+00 0.000000000000000000e+00
0.000000000000000000e+00 1.504248244906666587e-01 6.655566731946666037e-01 1.840121801386667422e-01 6.322176000000041907e-06 0.000000000000000000e+00 0.000000000000000000e+00 0.000000000000000000e+00 0.000000000000000000e+00 0.000000000000000000e+00 0.000000000000000000e+00
0.000000000000000000e+00 1.489354806613333582e-01 6.653373446826666981e-01 1.857188686506666409e-01 8.306005333333295969e-06 0.000000000000000000e+00 0.000000000000000000e+00 0.000000000000000000e+00 0.000000000000000000e+00 0.000000000000000000e+00 0.000000000000000000e+00
0.000000000000000000e+00 1.474559999999999760e-01 6.650986666666667269e-01 1.874346666666666661e-01 1.066666666666669442e-05 0.000000000000000000e+00 0.000000000000000000e+00 0.000000000000000000e+00 0.000000000000000000e+00 0.000000000000000000e+00 0.000000000000000000e+00
0.000000000000000000e+00 1.459863497386666153e-01 6.648407374506666301e-01 1.891594758826667388e-01 1.343692800000011856e-05 0.000000000000000000e+00 0.000000000000000000e+00 0.000000000000000000e+00 0.000000000000000000e+00 0.000000000000000000e+00 0.000000000000000000e+00
0.000000000000000000e+00 1.445264971093333239e-01 6.645636553386666812e-01 1.908931979946666690e-01 1.664955733333332941e-05 0.000000000000000000e+00 0.000000000000000000e+00 0.000000000000000000e+00 0.000000000000000000e+00 0.000000000000000000e+00 0.000000000000000000e+00
0.000000000000000000e+00 1.430764093440000106e-01 6.642675186346664873e-01 1.926357346986667107e-01 2.033732266666677410e-05 0.000000000000000000e+00 0.000000000000000000e+00 0.000000000000000000e+00 0.000000000000000000e+00 0.000000000000000000e+00 0.000000000000000000e+00
0.000000000000000000e+00 1.416360536746666676e-01 6.639524256426667659e-01 1.943869876906666461e-01 2.453299199999994090e-05 0.000000000000000000e+00 0.000000000000000000e+00 0.000000000000000000e+00 0.000000000000000000e+00 0.000000000000000000e+00 0.000000000000000000e+00
0.000000000000000000e+00 1.402053973333333148e-01 6.636184746666666801e-01 1.961468586666667013e-01 2.926933333333340908e-05 0.000000000000000000e+00 0.000000000000000000e+00 0.000000000000000000e+00 0.000000000000000000e+00 0.000000000000000000e+00 0.000000000000000000e+00
0.000000000000000000e+00 1.387844075519999720e-01 6.632657640106667252e-01 1.979152493226667142e-01 3.457911466666691762e-05 0.000000000000000000e+00 0.000000000000000000e+00 0.000000000000000000e+00 0.000000000000000000e+00 0.000000000000000000e+00 0.000000000000000000e+00
0.000000000000000000e+00 1.373730515626666038e-01 6.628943919786667305e-01 1.996920613546666889e-01 4.049510400000001580e-05 0.000000000000000000e+00 0.000000000000000000e+00 0.000000000000000000e+00 0.000000000000000000e+00 0.000000000000000000e+00 0.000000000000000000e+00
0.000000000000000000e+00 1.359712965973332854e-01 6.625044568746667473e-01 2.014771964586667408e-01 4.705006933333356071e-05 0.000000000000000000e+00 0.000000000000000000e+00 0.000000000000000000e+00 0.000000000000000000e+00 0.000000000000000000e+00 0.000000000000000000e+00
0.000000000000000000e+00 1.345791098880000092e-01 6.620960570026666048e-01 2.032705563306666796e-01 5.427677866666659337e-05 0.000000000000000000e+00 0.000000000000000000e+00 0.000000000000000000e+00 0.000000000000000000e+00 0.000000000000000000e+00 0.000000000000000000e+00
0.000000000000000000e+00 1.331964586666666561e-01 6.616692906666667984e-01 2.050720426666667040e-01 6.220800000000016063e-05 0.000000000000000000e+00 0.000000000000000000e+00 0.000000000000000000e+00 0.000000000000000000e+00 0.000000000000000000e+00 0.000000000000000000e+00
0.000000000000000000e+00 1.318233101653332462e-01 6.612242561706667132e-01 2.068815571626667349e-01 7.087650133333377785e-05 0.000000000000000000e+00 0.000000000000000000e+00 0.000000000000000000e+00 0.000000000000000000e+00 0.000000000000000000e+00 0.000000000000000000e+00
0.000000000000000000e+00 1.304596316159999658e-01 6.607610518186667337e-01 2.086990015146666655e-01 8.031505066666675037e-05 0.000000000000000000e+00 0.000000000000000000e+00 0.000000000000000000e+00 0.000000000000000000e+00 0.000000000000000000e+00 0.000000000000000000e+00
0.000000000000000000e+00 1.291053902506666407e-01 6.602797759146665779e-01 2.105242774186667498e-01 9.055641600000038927e-05 0.000000000000000000e+00 0.000000000000000000e+00 0.000000000000000000e+00 0.000000000000000000e+00 0.000000000000000000e+00 0.000000000000000000e+00
0.000000000000000000e+00 1.277605533013333738e-01 6.597805267626666303e-01 2.123572865706666313e-01 1.016333653333332816e-04 0.000000000000000000e+00 0.000000000000000000e+00 0.000000000000000000e+00 0.000000000000000000e+00 0.000000000000000000e+00 0.000000000000000000e+00
0.000000000000000000e+00 1.264250879999999355e-01 6.592634026666666092e-01 2.141979306666667304e-01 1.135786666666669824e-04 0.000000000000000000e+00 0.000000000000000000e+00 0.000000000000000000e+00 0.000000000000000000e+00 0.000000000000000000e+00 0.000000000000000000e+00
0.000000000000000000e+00 1.250989615786667064e-01 6.587285019306667877e-01 2.160461114026666074e-01 1.264250879999997805e-04 0.000000000000000000e+00 0.000000000000000000e+00 0.000000000000000000e+00 0.000000000000000000e+00 0.000000000000000000e+00 0.000000000000000000e+00
0.000000000000000000e+00 1.237821412693333040e-01 6.581759228586666621e-01 2.179017304746666828e-01 1.402053973333334885e-04 0.000000000000000000e+00 0.000000000000000000e+00 0.000000000000000000e+00 0.000000000000000000e+00 0.000000000000000000e+00 0.000000000000000000e+00
0.000000000000000000e+00 1.224745943039999979e-01 6.576057637546666168e-01 2.197646895786667387e-01 1.549523626666672897e-04 0.000000000000000000e+00 0.000000000000000000e+00 0.000000000000000000e+00 0.000000000000000000e+00 0.000000000000000000e+00 0.000000000000000000e+00
0.000000000000000000e+00 1.211762879146666555e-01 6.570181229226665920e-01 2.216348904106666684e-01 1.706987520000000016e-04 0.000000000000000000e+00 0.000000000000000000e+00 0.000000000000000000e+00 0.000000000000000000e+00 0.000000000000000000e+00 0.000000000000000000e+00
0.000000000000000000e+00 1.198871893333332966e-01 6.564130986666665279e-01 2.235122346666667259e-01 1.874773333333338567e-04 0.000000000000000000e+00 0.000000000000000000e+00 0.000000000000000000e+00 0.000000000000000000e+00 0.000000000000000000e+00 0.000000000000000000e+00
0.000000000000000000e+00 1.186072657920000523e-01 6.557907892906666980e-01 2.253966240426666379e-01 2.053208746666664258e-04 0.000000000000000000e+00 0.000000000000000000e+00 0.000000000000000000e+00 0.000000000000000000e+00 0.000000000000000000e+00 0.000000000000000000e+00
0.000000000000000000e+00 1.173364845226665953e-01 6.551512930986667094e-01 2.272879602346666861e-01 2.242621440000003481e-04 0.000000000000000000e+00 0.000000000000000000e+00 0.000000000000000000e+00 0.000000000000000000e+00 0.000000000000000000e+00 0.000000000000000000e+00
0.000000000000000000e+00 1.160748127573332927e-01 6.544947083946666133e-01 2.291861449386667360e-01 2.443339093333342783e-04 0.000000000000000000e+00 0.000000000000000000e+00 0.000000000000000000e+00 0.000000000000000000e+00 0.000000000000000000e+00 0.000000000000000000e+00
0.000000000000000000e+00 1.148222177279999978e-01 6.538211334826666832e-01 2.310910798506666808e-01 2.655689386666667900e-04 0.000000000000000000e+00 0.000000000000000000e+00 0.000000000000000000e+00 0.000000000000000000e+00 0.000000000000000000e+00 0.000000000000000000e+00
0.000000000000000000e+00 1.135786666666666472e-01 6.531306666666666372e-01 2.330026666666666912e-01 2.880000000000007662e-04 0.000000000000000000e+00 0.000000000000000000e+00 0.000000000000000000e+00 0.000000000000000000e+00 0.000000000000000000e+00 0.000000000000000000e+00
0.000000000000000000e+00 1.123441268053333858e-01 6.524234062506666376e-01 2.349208070826666606e-01 3.116598613333331543e-04 0.000000000000000000e+00 0.000000000000000000e+00 0.000000000000000000e+00 0.000000000000000000e+00 0.000000000000000000e+00 0.000000000000000000e+00
0.000000000000000000e+00 1.111185653759999559e-01 6.516994505386667358e-01 2.368454027946666762e-01 3.365812906666671898e-04 0.000000000000000000e+00 0.000000000000000000e+00 0.000000000000000000e+00 0.000000000000000000e+00 0.000000000000000000e+00 0.000000000000000000e+00
0.000000000000000000e+00 1.099019496106666410e-01 6.509588978346665389e-01 2.387763554986667702e-01 3.627970560000013376e-04 0.000000000000000000e+00 0.000000000000000000e+00 0.000000000000000000e+00 0.000000000000000000e+00 0.000000000000000000e+00 0.000000000000000000e+00
0.000000000000000000e+00 1.086942467413333224e-01 6.502018464426666533e-01 2.407135668906666970e-01 3.903399253333335751e-04 0.000000000000000000e+00 0.000000000000000000e+00 0.000000000000000000e+00 0.000000000000000000e+00 0.000000000000000000e+00 0.000000000000000000e+00
0.000000000000000000e+00 1.074954239999999506e-01 6.494283946666665752e-01 2.426569386666667383e-01 4.192426666666677882e-04 0.000000000000000000e+00 0.000000000000000000e+00 0.000000000000000000e+00 0.000000000000000000e+00 0.000000000000000000e+00 0.000000000000000000e+00
0.000000000000000000e+00 1.063054486186666703e-01 6.486386408106666890e-01 2.446063725226666763e-01 4.495380479999998942e-04 0.000000000000000000e+00 0.000000000000000000e+00 0.000000000000000000e+00 0.000000000000000000e+00 0.000000000000000000e+00 0.000000000000000000e+00
0.000000000000000000e+00 1.051242878293332933e-01 6.478326831786667128e-01 2.465617701546667373e-01 4.812588373333341585e-04 0.000000000000000000e+00 0.000000000000000000e+00 0.000000000000000000e+00 0.000000000000000000e+00 0.000000000000000000e+00 0.000000000000000000e+00
0.000000000000000000e+00 1.039519088640000338e-01 6.470106200746666980e-01 2.485230332586666202e-01 5.144378026666661732e-04 0.000000000000000000e+00 0.000000000000000000e+00 0.000000000000000000e+00 0.000000000000000000e+00 0.000000000000000000e+00 0.000000000000000000e+00
0.000000000000000000e+00 1.027882789546666481e-01 6.461725498026666958e-01 2.504900635306666623e-01 5.491077120000004749e-04 0.000000000000000000e+00 0.000000000000000000e+00 0.000000000000000000e+00 0.000000000000000000e+00 0.000000000000000000e+00 0.000000000000000000e+00
0.000000000000000000e+00 1.016333653333332809e-01 6.453185706666666466e-01 2.524627626666667846e-01 5.853013333333348779e-04 0.000000000000000000e+00 0.000000000000000000e+00 0.000000000000000000e+00 0.000000000000000000e+00 0.000000000000000000e+00 0.000000000000000000e+00
0.000000000000000000e+00 1.004871352320000216e-01 6.444487809706667125e-01 2.544410323626666859e-01 6.230514346666667092e-04 0.000000000000000000e+00 0.000000000000000000e+00 0.000000000000000000e+00 0.000000000000000000e+00 0.000000000000000000e+00 0.000000000000000000e+00
0.000000000000000000e+00 9.934955588266658477e-02 6.435632790186667229e-01 2.564247743146667591e-01 6.623907840000012098e-04 0.000000000000000000e+00 0.000000000000000000e+00 0.000000000000000000e+00 0.000000000000000000e+00 0.000000000000000000e+00 0.000000000000000000e+00
0.000000000000000000e+00 9.822059451733333724e-02 6.426621631146667291e-01 2.584138902186666198e-01 7.033521493333327792e-04 0.000000000000000000e+00 0.000000000000000000e+00 0.000000000000000000e+00 0.000000000000000000e+00 0.000000000000000000e+00 0.000000000000000000e+00
0.000000000000000000e+00 9.710021836799997974e-02 6.417455315626665602e-01 2.604082817706667163e-01 7.459682986666675260e-04 0.000000000000000000e+00 0.000000000000000000e+00 0.000000000000000000e+00 0.000000000000000000e+00 0.000000000000000000e+00 0.000000000000000000e+00
0.000000000000000000e+00 9.598839466666662934e-02 6.408134826666667117e-01 2.624078506666667754e-01 7.902720000000021264e-04 0.000000000000000000e+00 0.000000000000000000e+00 0.000000000000000000e+00 0.000000000000000000e+00 0.000000000000000000e+00 0.000000000000000000e+00
0.000000000000000000e+00 9.488509064533336146e-02 6.398661147306665686e-01 2.644124986026666901e-01 8.362960213333335818e-04 0.000000000000000000e+00 0.000000000000000000e+00 0.000000000000000000e+00 0.000000000000000000e+00 0.000000000000000000e+00 0.000000000000000000e+00
0.000000000000000000e+00 9.379027353599993233e-02 6.389035260586667375e-01 2.664221272746667424e-01 8.840731306666683260e-04 0.000000000000000000e+00 0.000000000000000000e+00 0.000000000000000000e+00 0.000000000000000000e+00 0.000000000000000000e+00 0.000000000000000000e+00
0.000000000000000000e+00 9.270391057066666718e-02 6.379258149546666035e-01 2.684366383786666588e-01 9.336360959999997827e-04 0.000000000000000000e+00 0.000000000000000000e+00 0.000000000000000000e+00 0.000000000000000000e+00 0.000000000000000000e+00 0.000000000000000000e+00
0.000000000000000000e+00 9.162596898133332224e-02 6.369330797226666618e-01 2.704559336106667211e-01 9.850176853333344942e-04 0.000000000000000000e+00 0.000000000000000000e+00 0.000000000000000000e+00 0.000000000000000000e+00 0.000000000000000000e+00 0.000000000000000000e+00
0.000000000000000000e+00 9.055641599999994518e-02 6.359254186666666309e-01 2.724799146666667671e-01 1.038250666666669462e-03 0.000000000000000000e+00 0.000000000000000000e+00 0.000000000000000000e+00 0.000000000000000000e+00 0.000000000000000000e+00 0.000000000000000000e+00
0.000000000000000000e+00 8.949521885866666693e-02 6.349029300906666728e-01 2.745084832426666899e-01 1.093367808000000711e-03 0.000000000000000000e+00 0.000000000000000000e+00 0.000000000000000000e+00 0.000000000000000000e+00 0.000000000000000000e+00 0.000000000000000000e+00
0.000000000000000000e+00 8.844234478933328536e-02 6.338657122986666170e-01 2.765415410346667713e-01 1.150401877333335652e-03 0.000000000000000000e+00 0.000000000000000000e+00 0.000000000000000000e+00 0.000000000000000000e+00 0.000000000000000000e+00 0.000000000000000000e+00
0.000000000000000000e+00 8.739776102400001467e-02 6.328138635946667367e-01 2.785789897386666825e-01 1.209385642666666733e-03 0.000000000000000000e+00 0.000000000000000000e+00 0.000000000000000000e+00 0.000000000000000000e+00 0.000000000000000000e+00 0.000000000000000000e+00
0.000000000000000000e+00 8.636143479466662498e-02 6.317474822826666392e-01 2.806207310506667607e-01 1.270351872000001795e-03 0.000000000000000000e+00 0.000000000000000000e+00 0.000000000000000000e+00 0.000000000000000000e+00 0.000000000000000000e+00 0.000000000000000000e+00
0.000000000000000000e+00 8.533333333333333048e-02 6.306666666666667087e-01 2.826666666666666217e-01 1.333333333333332421e-03 0.000000000000000000e+00 0.000000000000000000e+00 0.000000000000000000e+00 0.000000000000000000e+00 0.000000000000000000e+00 0.000000000000000000e+00
0.000000000000000000e+00 8.431342387200001232e-02 6.295715150506666635e-01 2.847166982826667136e-01 1.398362794666667755e-03 0.000000000000000000e+00 0.000000000000000000e+00 0.000000000000000000e+00 0.000000000000000000e+00 0.000000000000000000e+00 0.000000000000000000e+00
0.000000000000000000e+00 8.330167364266657937e-02 6.284621257386666660e-01 2.867707275946668188e-01 1.465473024000002846e-03 0.000000000000000000e+00 0.000000000000000000e+00 0.000000000000000000e+00 0.000000000000000000e+00 0.000000000000000000e+00 0.000000000000000000e+00
0.000000000000000000e+00 8.229804987733331523e-02 6.273385970346666562e-01 2.888286562986666639e-01 1.534696789333333611e-03 0.000000000000000000e+00 0.000000000000000000e+00 0.000000000000000000e+00 0.000000000000000000e+00 0.000000000000000000e+00 0.000000000000000000e+00
0.000000000000000000e+00 8.130251980799997613e-02 6.262010272426665747e-01 2.908903860906666972e-01 1.606066858666668762e-03 0.000000000000000000e+00 0.000000000000000000e+00 0.000000000000000000e+00 0.000000000000000000e+00 0.000000000000000000e+00 0.000000000000000000e+00
0.000000000000000000e+00 8.031505066666666526e-02 6.250495146666666946e-01 2.929558186666666453e-01 1.679615999999999445e-03 0.000000000000000000e+00 0.000000000000000000e+00 0.000000000000000000e+00 0.000000000000000000e+00 0.000000000000000000e+00 0.000000000000000000e+00
0.000000000000000000e+00 7.933560968533334701e-02 6.238841576106665121e-01 2.950248557226667345e-01 1.755376981333334587e-03 0.000000000000000000e+00 0.000000000000000000e+00 0.000000000000000000e+00 0.000000000000000000e+00 0.000000000000000000e+00 0.000000000000000000e+00
0.000000000000000000e+00 7.836416409599993027e-02 6.227050543786667447e-01 2.970973989546668026e-01 1.833382570666670540e-03 0.000000000000000000e+00 0.000000000000000000e+00 0.000000000000000000e+00 0.000000000000000000e+00 0.000000000000000000e+00 0.000000000000000000e+00
0.000000000000000000e+00 7.740068113066667088e-02 6.215123032746665555e-01 2.991733500586666872e-01 1.913665536000000401e-03 0.000000000000000000e+00 0.000000000000000000e+00 0.000000000000000000e+00 0.000000000000000000e+00 0.000000000000000000e+00 0.000000000000000000e+00
0.000000000000000000e+00 7.644512802133331120e-02 6.203060026026666618e-01 3.012526107306666701e-01 1.996258645333336135e-03 0.000000000000000000e+00 0.000000000000000000e+00 0.000000000000000000e+00 0.000000000000000000e+00 0.000000000000000000e+00 0.000000000000000000e+00
0.000000000000000000e+00 7.549747199999996827e-02 6.190862506666666709e-01 3.033350826666666444e-01 2.081194666666666068e-03 0.000000000000000000e+00 0.000000000000000000e+00 0.000000000000000000e+00 0.000000000000000000e+00 0.000000000000000000e+00 0.000000000000000000e+00
0.000000000000000000e+00 7.455768029866664814e-02 6.178531457706666341e-01 3.054206675626667256e-01 2.168506368000002165e-03 0.000000000000000000e+00 0.000000000000000000e+00 0.000000000000000000e+00 0.000000000000000000e+00 0.000000000000000000e+00 0.000000000000000000e+00
0.000000000000000000e+00 7.362572014933327358e-02 6.166067862186666027e-01 3.075092671146668066e-01 2.258226517333338391e-03 0.000000000000000000e+00 0.000000000000000000e+00 0.000000000000000000e+00 0.000000000000000000e+00 0.000000000000000000e+00 0.000000000000000000e+00
0.000000000000000000e+00 7.270155878400000327e-02 6.153472703146667389e-01 3.096007830186666698e-01 2.350387882666667844e-03 0.000000000000000000e+00 0.000000000000000000e+00 0.000000000000000000e+00 0.000000000000000000e+00 0.000000000000000000e+00 0.000000000000000000e+00
0.000000000000000000e+00 7.178516343466662120e-02 6.140746963626666499e-01 3.116951169706667635e-01 2.445023232000004005e-03 0.000000000000000000e+00 0.000000000000000000e+00 0.000000000000000000e+00 0.000000000000000000e+00 0.000000000000000000e+00 0.000000000000000000e+00
0.000000000000000000e+00 7.087650133333331381e-02 6.127891626666667202e-01 3.137921706666666477e-01 2.542165333333333034e-03 0.000000000000000000e+00 0.000000000000000000e+00 0.000000000000000000e+00 0.000000000000000000e+00 0.000000000000000000e+00 0.000000000000000000e+00
0.000000000000000000e+00 6.997553971200000389e-02 6.114907675306666679e-01 3.158918458026667153e-01 2.641846954666669713e-03 0.000000000000000000e+00 0.000000000000000000e+00 0.000000000000000000e+00 0.000000000000000000e+00 0.000000000000000000e+00 0.000000000000000000e+00
0.000000000000000000e+00 6.908224580266669745e-02 6.101796092586666553e-01 3.179940440746666375e-01 2.744100863999998467e-03 0.000000000000000000e+00 0.000000000000000000e+00 0.000000000000000000e+00 0.000000000000000000e+00 0.000000000000000000e+00 0.000000000000000000e+00
0.000000000000000000e+00 6.819658683733331728e-02 6.088557861546666228e-01 3.200986671786666959e-01 2.848959829333335379e-03 0.000000000000000000e+00 0.000000000000000000e+00 0.000000000000000000e+00 0.000000000000000000e+00 0.000000000000000000e+00 0.000000000000000000e+00
0.000000000000000000e+00 6.731853004799996654e-02 6.075193965226665105e-01 3.222056168106667839e-01 2.956456618666671379e-03 0.000000000000000000e+00 0.000000000000000000e+00 0.000000000000000000e+00 0.000000000000000000e+00 0.000000000000000000e+00 0.000000000000000000e+00
0.000000000000000000e+00 6.644804266666665127e-02 6.061705386666667028e-01 3.243147946666666837e-01 3.066624000000000867e-03 0.000000000000000000e+00 0.000000000000000000e+00 0.000000000000000000e+00 0.000000000000000000e+00 0.000000000000000000e+00 0.000000000000000000e+00
0.000000000000000000e+00 6.558509192533333587e-02 6.048093108906664739e-01 3.264261024426666769e-01 3.179494741333336889e-03 0.000000000000000000e+00 0.000000000000000000e+00 0.000000000000000000e+00 0.000000000000000000e+00 0.000000000000000000e+00 0.000000000000000000e+00
0.000000000000000000e+00 6.472964505599999863e-02 6.034358114986666521e-01 3.285394418346666567e-01 3.295101610666666039e-03 0.000000000000000000e+00 0.000000000000000000e+00 0.000000000000000000e+00 0.000000000000000000e+00 0.000000000000000000e+00 0.000000000000000000e+00
0.000000000000000000e+00 6.388166929066665944e-02 6.020501387946666227e-01 3.306547145386667386e-01 3.413477376000002665e-03 0.000000000000000000e+00 0.000000000000000000e+00 0.000000000000000000e+00 0.000000000000000000e+00 0.000000000000000000e+00 0.000000000000000000e+00
0.000000000000000000e+00 6.304113186133329660e-02 6.006523910826666590e-01 3.327718222506667600e-01 3.534654805333339433e-03 0.000000000000000000e+00 0.000000000000000000e+00 0.000000000000000000e+00 0.000000000000000000e+00 0.000000000000000000e+00 0.000000000000000000e+00
0.000000000000000000e+00 6.220799999999996471e-02 5.992426666666665902e-01 3.348906666666666698e-01 3.658666666666667271e-03 0.000000000000000000e+00 0.000000000000000000e+00 0.000000000000000000e+00 0.000000000000000000e+00 0.000000000000000000e+00 0.000000000000000000e+00
0.000000000000000000e+00 6.138224093866664899e-02 5.978210638506666896e-01 3.370111494826667498e-01 3.785545728000004433e-03 0.000000000000000000e+00 0.000000000000000000e+00 0.000000000000000000e+00 0.000000000000000000e+00 0.000000000000000000e+00 0.000000000000000000e+00
0.000000000000000000e+00 6.056382190933334159e-02 5.963876809386665645e-01 3.391331723946666710e-01 3.915324757333332739e-03 0.000000000000000000e+00 0.000000000000000000e+00 0.000000000000000000e+00 0.000000000000000000e+00 0.000000000000000000e+00 0.000000000000000000e+00
0.000000000000000000e+00 5.975271014399999303e-02 5.949426162346667102e-01 3.412566370986667152e-01 4.048036522666670009e-03 0.000000000000000000e+00 0.000000000000000000e+00 0.000000000000000000e+00 0.000000000000000000e+00 0.000000000000000000e+00 0.000000000000000000e+00
0.000000000000000000e+00 5.894887287466661629e-02 5.934859680426666229e-01 3.433814452906667758e-01 4.183713792000007606e-03 0.000000000000000000e+00 0.000000000000000000e+00 0.000000000000000000e+00 0.000000000000000000e+00 0.000000000000000000e+00 0.000000000000000000e+00
0.000000000000000000e+00 5.815227733333330762e-02 5.920178346666666869e-01 3.455074986666666903e-01 4.322389333333335158e-03 0.000000000000000000e+00 0.000000000000000000e+00 0.000000000000000000e+00 0.000000000000000000e+00 0.000000000000000000e+00 0.000000000000000000e+00
0.000000000000000000e+00 5.736289075199998977e-02 5.905383144106666204e-01 3.476346989226667406e-01 4.464095914666672653e-03 0.000000000000000000e+00 0.000000000000000000e+00 0.000000000000000000e+00 0.000000000000000000e+00 0.000000000000000000e+00 0.000000000000000000e+00
0.000000000000000000e+00 5.658068036266667572e-02 5.890475055786666969e-01 3.497629477546665977e-01 4.608866304000000177e-03 0.000000000000000000e+00 0.000000000000000000e+00 0.000000000000000000e+00 0.000000000000000000e+00 0.000000000000000000e+00 0.000000000000000000e+00
0.000000000000000000e+00 5.580561339733330212e-02 5.875455064746666345e-01 3.518921468586667101e-01 4.756733269333338586e-03 0.000000000000000000e+00 0.000000000000000000e+00 0.000000000000000000e+00 0.000000000000000000e+00 0.000000000000000000e+00 0.000000000000000000e+00
0.000000000000000000e+00 5.503765708800001377e-02 5.860324154026667065e-01 3.540221979306665823e-01 4.907729578666664497e-03 0.000000000000000000e+00 0.000000000000000000e+00 0.000000000000000000e+00 0.000000000000000000e+00 0.000000000000000000e+00 0.000000000000000000e+00
0.000000000000000000e+00 5.427677866666664325e-02 5.845083306666667422e-01 3.561530026666667181e-01 5.061888000000002233e-03 0.000000000000000000e+00 0.000000000000000000e+00 0.000000000000000000e+00 0.000000000000000000e+00 0.000000000000000000e+00 0.000000000000000000e+00
0.000000000000000000e+00 5.352294536533332842e-02 5.829733505706664598e-01 3.582844627626667888e-01 5.219241301333340556e-03 0.000000000000000000e+00 0.000000000000000000e+00 0.000000000000000000e+00 0.000000000000000000e+00 0.000000000000000000e+00 0.000000000000000000e+00
0.000000000000000000e+00 5.277612441599998511e-02 5.814275734186666877e-01 3.604164799146666320e-01 5.379822250666667360e-03 0.000000000000000000e+00 0.000000000000000000e+00 0.000000000000000000e+00 0.000000000000000000e+00 0.000000000000000000e+00 0.000000000000000000e+00
0.000000000000000000e+00 5.203628305066664017e-02 5.798710975146665891e-01 3.625489558186667516e-01 5.543663616000005234e-03 0.000000000000000000e+00 0.000000000000000000e+00 0.000000000000000000e+00 0.000000000000000000e+00 0.000000000000000000e+00 0.000000000000000000e+00
0.000000000000000000e+00 5.130338850133335515e-02 5.783040211626666594e-01 3.646817921706666521e-01 5.710798165333332531e-03 0.000000000000000000e+00 0.000000000000000000e+00 0.000000000000000000e+00 0.000000000000000000e+00 0.000000000000000000e+00 0.000000000000000000e+00
0.000000000000000000e+00 5.057740799999996262e-02 5.767264426666666166e-01 3.668148906666667264e-01 5.881258666666670104e-03 0.000000000000000000e+00 0.000000000000000000e+00 0.000000000000000000e+00 0.000000000000000000e+00 0.000000000000000000e+00 0.000000000000000000e+00
0.000000000000000000e+00 4.985830877866663513e-02 5.751384603306666232e-01 3.689481530026667566e-01 6.055077888000008450e-03 0.000000000000000000e+00 0.000000000000000000e+00 0.000000000000000000e+00 0.000000000000000000e+00 0.000000000000000000e+00 0.000000000000000000e+00
0.000000000000000000e+00 4.914605806933333015e-02 5.735401724586666194e-01 3.710814808746666915e-01 6.232288597333334595e-03 0.000000000000000000e+00 0.000000000000000000e+00 0.000000000000000000e+00 0.000000000000000000e+00 0.000000000000000000e+00 0.000000000000000000e+00
0.000000000000000000e+00 4.844062310399998433e-02 5.719316773546666566e-01 3.732147759786667574e-01 6.412923562666673731e-03 0.000000000000000000e+00 0.000000000000000000e+00 0.000000000000000000e+00 0.000000000000000000e+00 0.000000000000000000e+00 0.000000000000000000e+00
0.000000000000000000e+00 4.774197111466669391e-02 5.703130733226665638e-01 3.753479400106666253e-01 6.597015551999999006e-03 0.000000000000000000e+00 0.000000000000000000e+00 0.000000000000000000e+00 0.000000000000000000e+00 0.000000000000000000e+00 0.000000000000000000e+00
0.000000000000000000e+00 4.705006933333329838e-02 5.686844586666666146e-01 3.774808746666666881e-01 6.784597333333338212e-03 0.000000000000000000e+00 0.000000000000000000e+00 0.000000000000000000e+00 0.000000000000000000e+00 0.000000000000000000e+00 0.000000000000000000e+00
0.000000000000000000e+00 4.636488499199997726e-02 5.670459316906666380e-01 3.796134816426667835e-01 6.975701674666677510e-03 0.000000000000000000e+00 0.000000000000000000e+00 0.000000000000000000e+00 0.000000000000000000e+00 0.000000000000000000e+00 0.000000000000000000e+00
0.000000000000000000e+00 4.568638532266666719e-02 5.653975906986666855e-01 3.817456626346666937e-01 7.170361344000002191e-03 0.000000000000000000e+00 0.000000000000000000e+00 0.000000000000000000e+00 0.000000000000000000e+00 0.000000000000000000e+00 0.000000000000000000e+00
0.000000000000000000e+00 4.501453755733329787e-02 5.637395339946665862e-01 3.838773193386667559e-01 7.368609109333342649e-03 0.000000000000000000e+00 0.000000000000000000e+00 0.000000000000000000e+00 0.000000000000000000e+00 0.000000000000000000e+00 0.000000000000000000e+00
0.000000000000000000e+00 4.434930892800000718e-02 5.620718598826667245e-01 3.860083534506666969e-01 7.570477738666667698e-03 0.000000000000000000e+00 0.000000000000000000e+00 0.000000000000000000e+00 0.000000000000000000e+00 0.000000000000000000e+00 0.000000000000000000e+00
0.000000000000000000e+00 4.369066666666663462e-02 5.603946666666665966e-01 3.881386666666667429e-01 7.776000000000006865e-03 0.000000000000000000e+00 0.000000000000000000e+00 0.000000000000000000e+00 0.000000000000000000e+00 0.000000000000000000e+00 0.000000000000000000e+00
0.000000000000000000e+00 4.303857800533334582e-02 5.587080526506666978e-01 3.902681606826666760e-01 7.985208661333332431e-03 0.000000000000000000e+00 0.000000000000000000e+00 0.000000000000000000e+00 0.000000000000000000e+00 0.000000000000000000e+00 0.000000000000000000e+00
0.000000000000000000e+00 4.239301017599998028e-02 5.570121161386666353e-01 3.923967371946666671e-01 8.198136490666672188e-03 0.000000000000000000e+00 0.000000000000000000e+00 0.000000000000000000e+00 0.000000000000000000e+00 0.000000000000000000e+00 0.000000000000000000e+00
0.000000000000000000e+00 4.175393041066663424e-02 5.553069554346665715e-01 3.945242978986667759e-01 8.414816256000009695e-03 0.000000000000000000e+00 0.000000000000000000e+00 0.000000000000000000e+00 0.000000000000000000e+00 0.000000000000000000e+00 0.000000000000000000e+00
0.000000000000000000e+00 4.112130594133334149e-02 5.535926688426666686e-01 3.966507444906666735e-01 8.635280725333335447e-03 0.000000000000000000e+00 0.000000000000000000e+00 0.000000000000000000e+00 0.000000000000000000e+00 0.000000000000000000e+00 0.000000000000000000e+00
0.000000000000000000e+00 4.049510399999995541e-02 5.518693546666666450e-01 3.987759786666667527e-01 8.859562666666674635e-03 0.000000000000000000e+00 0.000000000000000000e+00 0.000000000000000000e+00 0.000000000000000000e+00 0.000000000000000000e+00 0.000000000000000000e+00
0.000000000000000000e+00 3.987529181866666245e-02 5.501371112106666628e-01 4.008999021226666848e-01 9.087694847999998674e-03 0.000000000000000000e+00 0.000000000000000000e+00 0.000000000000000000e+00 0.000000000000000000e+00 0.000000000000000000e+00 0.000000000000000000e+00
0.000000000000000000e+00 3.926183662933331597e-02 5.483960367786665513e-01 4.030224165546667514e-01 9.319710037333339692e-03 0.000000000000000000e+00 0.000000000000000000e+00 0.000000000000000000e+00 0.000000000000000000e+00 0.000000000000000000e+00 0.000000000000000000e+00
0.000000000000000000e+00 3.865470566399997060e-02 5.466462296746665839e-01 4.051434236586667348e-01 9.555641002666679512e-03 0.000000000000000000e+00 0.000000000000000000e+00 0.000000000000000000e+00 0.000000000000000000e+00 0.000000000000000000e+00 0.000000000000000000e+00
0.000000000000000000e+00 3.805386615466668093e-02 5.448877882026665898e-01 4.072628251306666947e-01 9.795520512000003427e-03 0.000000000000000000e+00 0.000000000000000000e+00 0.000000000000000000e+00 0.000000000000000000e+00 0.000000000000000000e+00 0.000000000000000000e+00
0.000000000000000000e+00 3.745928533333329341e-02 5.431208106666666202e-01 4.093805226666666908e-01 1.003938133333334357e-02 0.000000000000000000e+00 0.000000000000000000e+00 0.000000000000000000e+00 0.000000000000000000e+00 0.000000000000000000e+00 0.000000000000000000e+00
0.000000000000000000e+00 3.687093043200000142e-02 5.413453953706666155e-01 4.114964179626666718e-01 1.028725623466666614e-02 0.000000000000000000e+00 0.000000000000000000e+00 0.000000000000000000e+00 0.000000000000000000e+00 0.000000000000000000e+00 0.000000000000000000e+00
0.000000000000000000e+00 3.628876868266665834e-02 5.395616406186666270e-01 4.136104127146666976e-01 1.053917798400000674e-02 0.000000000000000000e+00 0.000000000000000000e+00 0.000000000000000000e+00 0.000000000000000000e+00 0.000000000000000000e+00 0.000000000000000000e+00
0.000000000000000000e+00 3.571276731733331877e-02 5.377696447146665948e-01 4.157224086186666612e-01 1.079517934933332986e-02 0.000000000000000000e+00 0.000000000000000000e+00 0.000000000000000000e+00 0.000000000000000000e+00 0.000000000000000000e+00 0.000000000000000000e+00
0.000000000000000000e+00 3.514289356799999570e-02 5.359695059626666813e-01 4.178323073706666779e-01 1.105529309866667108e-02 0.000000000000000000e+00 0.000000000000000000e+00 0.000000000000000000e+00 0.000000000000000000e+00 0.000000000000000000e+00 0.000000000000000000e+00
0.000000000000000000e+00 3.457911466666663269e-02 5.341613226666666048e-01 4.199400106666667520e-01 1.131955200000001049e-02 0.000000000000000000e+00 0.000000000000000000e+00 0.000000000000000000e+00 0.000000000000000000e+00 0.000000000000000000e+00 0.000000000000000000e+00
0.000000000000000000e+00 3.402139784533333988e-02 5.323451931306667495e-01 4.220454202026666657e-01 1.158798882133333340e-02 0.000000000000000000e+00 0.000000000000000000e+00 0.000000000000000000e+00 0.000000000000000000e+00 0.000000000000000000e+00 0.000000000000000000e+00
0.000000000000000000e+00 3.346971033599997758e-02 5.305212156586666117e-01 4.241484376746667007e-01 1.186063633066667365e-02 0.000000000000000000e+00 0.000000000000000000e+00 0.000000000000000000e+00 0.000000000000000000e+00 0.000000000000000000e+00 0.000000000000000000e+00
0.000000000000000000e+00 3.292401937066665590e-02 5.286894885546667977e-01 4.262489647786666391e-01 1.213752729599999747e-02 0.000000000000000000e+00 0.000000000000000000e+00 0.000000000000000000e+00 0.000000000000000000e+00 0.000000000000000000e+00 0.000000000000000000e+00
0.000000000000000000e+00 3.238429218133333232e-02 5.268501101226665817e-01 4.283469032106667074e-01 1.241869448533333871e-02 0.000000000000000000e+00 0.000000000000000000e+00 0.000000000000000000e+00 0.000000000000000000e+00 0.000000000000000000e+00 0.000000000000000000e+00
0.000000000000000000e+00 3.185049599999995734e-02 5.250031786666665701e-01 4.304421546666667986e-01 1.270417066666668093e-02 0.000000000000000000e+00 0.000000000000000000e+00 0.000000000000000000e+00 0.000000000000000000e+00 0.000000000000000000e+00 0.000000000000000000e+00
0.000000000000000000e+00 3.132259805866665497e-02 5.231487924906667031e-01 4.325346208426666950e-01 1.299398860800000076e-02 0.000000000000000000e+00 0.000000000000000000e+00 0.000000000000000000e+00 0.000000000000000000e+00 0.000000000000000000e+00 0.000000000000000000e+00
0.000000000000000000e+00 3.080056558933331329e-02 5.212870498986665879e-01 4.346242034346667893e-01 1.328818107733334593e-02 0.000000000000000000e+00 0.000000000000000000e+00 0.000000000000000000e+00 0.000000000000000000e+00 0.000000000000000000e+00 0.000000000000000000e+00
0.000000000000000000e+00 3.028436582399999730e-02 5.194180491946667200e-01 4.367108041386666417e-01 1.358678084266666357e-02 0.000000000000000000e+00 0.000000000000000000e+00 0.000000000000000000e+00 0.000000000000000000e+00 0.000000000000000000e+00 0.000000000000000000e+00
0.000000000000000000e+00 2.977396599466667140e-02 5.175418886826665954e-01 4.387943246506667005e-01 1.388982067200000836e-02 0.000000000000000000e+00 0.000000000000000000e+00 0.000000000000000000e+00 0.000000000000000000e+00 0.000000000000000000e+00 0.000000000000000000e+00
0.000000000000000000e+00 2.926933333333329654e-02 5.156586666666667096e-01 4.408746666666667480e-01 1.419733333333334999e-02 0.000000000000000000e+00 0.000000000000000000e+00 0.000000000000000000e+00 0.000000000000000000e+00 0.000000000000000000e+00 0.000000000000000000e+00
0.000000000000000000e+00 2.877043507199999323e-02 5.137684814506665587e-01 4.429517318826666772e-01 1.450935159466667027e-02 0.000000000000000000e+00 0.000000000000000000e+00 0.000000000000000000e+00 0.000000000000000000e+00 0.000000000000000000e+00 0.000000000000000000e+00
0.000000000000000000e+00 2.827723844266665301e-02 5.118714313386666381e-01 4.450254219946667145e-01 1.482590822400001174e-02 0.000000000000000000e+00 0.000000000000000000e+00 0.000000000000000000e+00 0.000000000000000000e+00 0.000000000000000000e+00 0.000000000000000000e+00
0.000000000000000000e+00 2.778971067733331662e-02 5.099676146346665551e-01 4.470956386986666420e-01 1.514703598933333541e-02 0.000000000000000000e+00 0.000000000000000000e+00 0.000000000000000000e+00 0.000000000000000000e+00 0.000000000000000000e+00 0.000000000000000000e+00
0.000000000000000000e+00 2.730781900799999010e-02 5.080571296426666938e-01 4.491622836906666860e-01 1.547276765866667514e-02 0.000000000000000000e+00 0.000000000000000000e+00 0.000000000000000000e+00 0.000000000000000000e+00 0.000000000000000000e+00 0.000000000000000000e+00
0.000000000000000000e+00 2.683153066666667252e-02 5.061400746666666617e-01 4.512252586666666287e-01 1.580313599999999541e-02 0.000000000000000000e+00 0.000000000000000000e+00 0.000000000000000000e+00 0.000000000000000000e+00 0.000000000000000000e+00 0.000000000000000000e+00
0.000000000000000000e+00 2.636081288533333178e-02 5.042165480106666209e-01 4.532844653226666409e-01 1.613817378133334049e-02 0.000000000000000000e+00 0.000000000000000000e+00 0.000000000000000000e+00 0.000000000000000000e+00 0.000000000000000000e+00 0.000000000000000000e+00
0.000000000000000000e+00 2.589563289599997389e-02 5.022866479786665117e-01 4.553398053546667268e-01 1.647791377066668006e-02 0.000000000000000000e+00 0.000000000000000000e+00 0.000000000000000000e+00 0.000000000000000000e+00 0.000000000000000000e+00 0.000000000000000000e+00
0.000000000000000000e+00 2.543595793066665695e-02 5.003504728746667185e-01 4.573911804586666685e-01 1.682238873600000115e-02 0.000000000000000000e+00 0.000000000000000000e+00 0.000000000000000000e+00 0.000000000000000000e+00 0.000000000000000000e+00 0.000000000000000000e+00
0.000000000000000000e+00 2.498175522133332799e-02 4.984081210026665709e-01 4.594384923306667479e-01 1.717163144533334282e-02 0.000000000000000000e+00 0.000000000000000000e+00 0.000000000000000000e+00 0.000000000000000000e+00 0.000000000000000000e+00 0.000000000000000000e+00
0.000000000000000000e+00 2.453299200000001040e-02 4.964596906666667309e-01 4.614816426666666360e-01 1.752567466666666435e-02 0.000000000000000000e+00 0.000000000000000000e+00 0.000000000000000000e+00 0.000000000000000000e+00 0.000000000000000000e+00 0.000000000000000000e+00
0.000000000000000000e+00 2.408963549866665471e-02 4.945052801706666390e-01 4.635205331626666703e-01 1.788455116800000480e-02 0.000000000000000000e+00 0.000000000000000000e+00 0.000000000000000000e+00 0.000000000000000000e+00 0.000000000000000000e+00 0.000000000000000000e+00
0.000000000000000000e+00 2.365165294933331205e-02 4.925449878186665131e-01 4.655550655146667438e-01 1.824829371733335467e-02 0.000000000000000000e+00 0.000000000000000000e+00 0.000000000000000000e+00 0.000000000000000000e+00 0.000000000000000000e+00 0.000000000000000000e+00
0.000000000000000000e+00 2.321901158399999193e-02 4.905789119146666821e-01 4.675851414186666943e-01 1.861693508266666630e-02 0.000000000000000000e+00 0.000000000000000000e+00 0.000000000000000000e+00 0.000000000000000000e+00 0.000000000000000000e+00 0.000000000000000000e+00
0.000000000000000000e+00 2.279167863466666569e-02 4.886071507626665311e-01 4.696106625706667481e-01 1.899050803200001344e-02 0.000000000000000000e+00 0.000000000000000000e+00 0.000000000000000000e+00 0.000000000000000000e+00 0.000000000000000000e+00 0.000000000000000000e+00
0.000000000000000000e+00 2.236962133333332894e-02 4.866298026666666665e-01 4.716315306666666318e-01 1.936904533333333109e-02 0.000000000000000000e+00 0.000000000000000000e+00 0.000000000000000000e+00 0.000000000000000000e+00 0.000000000000000000e+00 0.000000000000000000e+00
0.000000000000000000e+00 2.195280691199998774e-02 4.846469659306665845e-01 4.736476474026667383e-01 1.975257975466667912e-02 0.000000000000000000e+00 0.000000000000000000e+00 0.000000000000000000e+00 0.000000000000000000e+00 0.000000000000000000e+00 0.000000000000000000e+00
0.000000000000000000e+00 2.154120260266664810e-02 4.826587388586665583e-01 4.756589144746667386e-01 2.014114406400002028e-02 0.000000000000000000e+00 0.000000000000000000e+00 0.000000000000000000e+00 0.000000000000000000e+00 0.000000000000000000e+00 0.000000000000000000e+00
0.000000000000000000e+00 2.113477563733331607e-02 4.806652197546666394e-01 4.776652335786667480e-01 2.053477102933333812e-02 0.000000000000000000e+00 0.000000000000000000e+00 0.000000000000000000e+00 0.000000000000000000e+00 0.000000000000000000e+00 0.000000000000000000e+00
0.000000000000000000e+00 2.073349324799998727e-02 4.786665069226665459e-01 4.796665064106667709e-01 2.093349341866668212e-02 0.000000000000000000e+00 0.000000000000000000e+00 0.000000000000000000e+00 0.000000000000000000e+00 0.000000000000000000e+00 0.000000000000000000e+00
0.000000000000000000e+00 2.033732266666666427e-02 4.766626986666666621e-01 4.816626346666665892e-01 2.133734400000000461e-02 0.000000000000000000e+00 0.000000000000000000e+00 0.000000000000000000e+00 0.000000000000000000e+00 0.000000000000000000e+00 0.000000000000000000e+00
0.000000000000000000e+00 1.994623112533332535e-02 4.746538932906665398e-01 4.836535200426667624e-01 2.174635554133334814e-02 0.000000000000000000e+00 0.000000000000000000e+00 0.000000000000000000e+00 0.000000000000000000e+00 0.000000000000000000e+00 0.000000000000000000e+00
0.000000000000000000e+00 1.956018585600001816e-02 4.726401890986666743e-01 4.856390642346666286e-01 2.216056081066666503e-02 0.000000000000000000e+00 0.000000000000000000e+00 0.000000000000000000e+00 0.000000000000000000e+00 0.000000000000000000e+00 0.000000000000000000e+00
0.000000000000000000e+00 1.917915409066665161e-02 4.706216843946666173e-01 4.876191689386666916e-01 2.257999257600000823e-02 0.000000000000000000e+00 0.000000000000000000e+00 0.000000000000000000e+00 0.000000000000000000e+00 0.000000000000000000e+00 0.000000000000000000e+00
0.000000000000000000e+00 1.880310306133332540e-02 4.685984774826665866e-01 4.895937358506667336e-01 2.300468360533335088e-02 0.000000000000000000e+00 0.000000000000000000e+00 0.000000000000000000e+00 0.000000000000000000e+00 0.000000000000000000e+00 0.000000000000000000e+00
0.000000000000000000e+00 1.843200000000000394e-02 4.665706666666666891e-01 4.915626666666667033e-01 2.343466666666666962e-02 0.000000000000000000e+00 0.000000000000000000e+00 0.000000000000000000e+00 0.000000000000000000e+00 0.000000000000000000e+00 0.000000000000000000e+00
0.000000000000000000e+00 1.806581213866664815e-02 4.645383502506665874e-01 4.935258630826667714e-01 2.386997452800001390e-02 0.000000000000000000e+00 0.000000000000000000e+00 0.000000000000000000e+00 0.000000000000000000e+00 0.000000000000000000e+00 0.000000000000000000e+00
0.000000000000000000e+00 1.770450670933334039e-02 4.625016265386666658e-01 4.954832267946667201e-01 2.431063995733333261e-02 0.000000000000000000e+00 0.000000000000000000e+00 0.000000000000000000e+00 0.000000000000000000e+00 0.000000000000000000e+00 0.000000000000000000e+00
0.000000000000000000e+00 1.734805094399998956e-02 4.604605938346666427e-01 4.974346594986667203e-01 2.475669572266667520e-02 0.000000000000000000e+00 0.000000000000000000e+00 0.000000000000000000e+00 0.000000000000000000e+00 0.000000000000000000e+00 0.000000000000000000e+00
0.000000000000000000e+00 1.699641207466666068e-02 4.584153504426665693e-01 4.993800628906667205e-01 2.520817459200002178e-02 0.000000000000000000e+00 0.000000000000000000e+00 0.000000000000000000e+00 0.000000000000000000e+00 0.000000000000000000e+00 0.000000000000000000e+00
0.000000000000000000e+00 1.664955733333332508e-02 4.563659946666666078e-01 5.013193386666667806e-01 2.566510933333333855e-02 0.000000000000000000e+00 0.000000000000000000e+00 0.000000000000000000e+00 0.000000000000000000e+00 0.000000000000000000e+00 0.000000000000000000e+00
0.000000000000000000e+00 1.630745395199998532e-02 4.543126248106665876e-01 5.032523885226667382e-01 2.612753271466668886e-02 0.000000000000000000e+00 0.000000000000000000e+00 0.000000000000000000e+00 0.000000000000000000e+00 0.000000000000000000e+00 0.000000000000000000e+00
0.000000000000000000e+00 1.597006916266667520e-02 4.522553391786666710e-01 5.051791141546666530e-01 2.659547750399999730e-02 0.000000000000000000e+00 0.000000000000000000e+00 0.000000000000000000e+00 0.000000000000000000e+00 0.000000000000000000e+00 0.000000000000000000e+00
0.000000000000000000e+00 1.563737019733331401e-02 4.501942360746666871e-01 5.070994172586666959e-01 2.706897646933334803e-02 0.000000000000000000e+00 0.000000000000000000e+00 0.000000000000000000e+00 0.000000000000000000e+00 0.000000000000000000e+00 0.000000000000000000e+00
0.000000000000000000e+00 1.530932428799998586e-02 4.481294138026664653e-01 5.090131995306668156e-01 2.754806237866669338e-02 0.000000000000000000e+00 0.000000000000000000e+00 0.000000000000000000e+00 0.000000000000000000e+00 0.000000000000000000e+00 0.000000000000000000e+00
0.000000000000000000e+00 1.498589866666666208e-02 4.460609706666666674e-01 5.109203626666666276e-01 2.803276800000000651e-02 0.000000000000000000e+00 0.000000000000000000e+00 0.000000000000000000e+00 0.000000000000000000e+00 0.000000000000000000e+00 0.000000000000000000e+00
0.000000000000000000e+00 1.466706056533332442e-02 4.439890049706665676e-01 5.128208083626668579e-01 2.852312610133335424e-02 0.000000000000000000e+00 0.000000000000000000e+00 0.000000000000000000e+00 0.000000000000000000e+00 0.000000000000000000e+00 0.000000000000000000e+00
0.000000000000000000e+00 1.435277721600001014e-02 4.419136150186667167e-01 5.147144383146666780e-01 2.901916945066667156e-02 0.000000000000000000e+00 0.000000000000000000e+00 0.000000000000000000e+00 0.000000000000000000e+00 0.000000000000000000e+00 0.000000000000000000e+00
0.000000000000000000e+00 1.404301585066664894e-02 4.398348991146666109e-01 5.166011542186667027e-01 2.952093081600001487e-02 0.000000000000000000e+00 0.000000000000000000e+00 0.000000000000000000e+00 0.000000000000000000e+00 0.000000000000000000e+00 0.000000000000000000e+00
0.000000000000000000e+00 1.373774370133333533e-02 4.377529555626666902e-01 5.184808577706665478e-01 3.002844296533332957e-02 0.000000000000000000e+00 0.000000000000000000e+00 0.000000000000000000e+00 0.000000000000000000e+00 0.000000000000000000e+00 0.000000000000000000e+00
0.000000000000000000e+00 1.343692799999999903e-02 4.356678826666666171e-01 5.203534506666667170e-01 3.054173866666667556e-02 0.000000000000000000e+00 0.000000000000000000e+00 0.000000000000000000e+00 0.000000000000000000e+00 0.000000000000000000e+00 0.000000000000000000e+00
0.000000000000000000e+00 1.314053597866664778e-02 4.335797787306665541e-01 5.222188346026668260e-01 3.106085068800002597e-02 0.000000000000000000e+00 0.000000000000000000e+00 0.000000000000000000e+00 0.000000000000000000e+00 0.000000000000000000e+00 0.000000000000000000e+00
0.000000000000000000e+00 1.284853486933333622e-02 4.314887420586666078e-01 5.240769112746667124e-01 3.158581179733333660e-02 0.000000000000000000e+00 0.000000000000000000e+00 0.000000000000000000e+00 0.000000000000000000e+00 0.000000000000000000e+00 0.000000000000000000e+00
0.000000000000000000e+00 1.256089190399998709e-02 4.293948709546665521e-01 5.259275823786667692e-01 3.211665476266668817e-02 0.000000000000000000e+00 0.000000000000000000e+00 0.000000000000000000e+00 0.000000000000000000e+00 0.000000000000000000e+00 0.000000000000000000e+00
0.000000000000000000e+00 1.227757431466667236e-02 4.272982637226666602e-01 5.277707496106667229e-01 3.265341235199999831e-02 0.000000000000000000e+00 0.000000000000000000e+00 0.000000000000000000e+00 0.000000000000000000e+00 0.000000000000000000e+00 0.000000000000000000e+00
0.000000000000000000e+00 1.199854933333332346e-02 4.251990186666665950e-01 5.296063146666667443e-01 3.319611733333334425e-02 0.000000000000000000e+00 0.000000000000000000e+00 0.000000000000000000e+00 0.000000000000000000e+00 0.000000000000000000e+00 0.000000000000000000e+00
0.000000000000000000e+00 1.172378419199998634e-02 4.230972340906665741e-01 5.314341792426666711e-01 3.374480247466669913e-02 0.000000000000000000e+00 0.000000000000000000e+00 0.000000000000000000e+00 0.000000000000000000e+00 0.000000000000000000e+00 0.000000000000000000e+00
0.000000000000000000e+00 1.145324612266667048e-02 4.209930082986667044e-01 5.332542450346666740e-01 3.429950054400000142e-02 0.000000000000000000e+00 0.000000000000000000e+00 0.000000000000000000e+00 0.000000000000000000e+00 0.000000000000000000e+00 0.000000000000000000e+00
0.000000000000000000e+00 1.118690235733331255e-02 4.188864395946665931e-01 5.350664137386667019e-01 3.486024430933335611e-02 0.000000000000000000e+00 0.000000000000000000e+00 0.000000000000000000e+00 0.000000000000000000e+00 0.000000000000000000e+00 0.000000000000000000e+00
0.000000000000000000e+00 1.092472012799999663e-02 4.167776262826666800e-01 5.368705870506667033e-01 3.542706653866666000e-02 0.000000000000000000e+00 0.000000000000000000e+00 0.000000000000000000e+00 0.000000000000000000e+00 0.000000000000000000e+00 0.000000000000000000e+00
0.000000000000000000e+00 1.066666666666665937e-02 4.146666666666666279e-01 5.386666666666666270e-01 3.600000000000001810e-02 0.000000000000000000e+00 0.000000000000000000e+00 0.000000000000000000e+00 0.000000000000000000e+00 0.000000000000000000e+00 0.000000000000000000e+00
0.000000000000000000e+00 1.041270920533332242e-02 4.125536590506664880e-01 5.404545542826668658e-01 3.657907746133336885e-02 0.000000000000000000e+00 0.000000000000000000e+00 0.000000000000000000e+00 0.000000000000000000e+00 0.000000000000000000e+00 0.000000000000000000e+00
0.000000000000000000e+00 1.016281497600000569e-02 4.104387017386666447e-01 5.422341515946665913e-01 3.716433169066667846e-02 0.000000000000000000e+00 0.000000000000000000e+00 0.000000000000000000e+00 0.000000000000000000e+00 0.000000000000000000e+00 0.000000000000000000e+00
0.000000000000000000e+00 9.916951210666649294e-03 4.083218930346665387e-01 5.440053602986667514e-01 3.775579545600003112e-02 0.000000000000000000e+00 0.000000000000000000e+00 0.000000000000000000e+00 0.000000000000000000e+00 0.000000000000000000e+00 0.000000000000000000e+00
0.000000000000000000e+00 9.675085141333333860e-03 4.062033312426666654e-01 5.457680820906666286e-01 3.835350152533333751e-02 0.000000000000000000e+00 0.000000000000000000e+00 0.000000000000000000e+00 0.000000000000000000e+00 0.000000000000000000e+00 0.000000000000000000e+00
0.000000000000000000e+00 9.437183999999994299e-03 4.040831146666665763e-01 5.475222186666667268e-01 3.895748266666668874e-02 0.000000000000000000e+00 0.000000000000000000e+00 0.000000000000000000e+00 0.000000000000000000e+00 0.000000000000000000e+00 0.000000000000000000e+00
0.000000000000000000e+00 9.203215018666660932e-03 4.019613416106667114e-01 5.492676717226666616e-01 3.956777164799999552e-02 0.000000000000000000e+00 0.000000000000000000e+00 0.000000000000000000e+00 0.000000000000000000e+00 0.000000000000000000e+00 0.000000000000000000e+00
0.000000000000000000e+00 8.973145429333331119e-03 3.998381103786665669e-01 5.510043429546667149e-01 4.018440123733334202e-02 0.000000000000000000e+00 0.000000000000000000e+00 0.000000000000000000e+00 0.000000000000000000e+00 0.000000000000000000e+00 0.000000000000000000e+00
0.000000000000000000e+00 8.746942463999986608e-03 3.977135192746665826e-01 5.527321340586667242e-01 4.080740420266669444e-02 0.000000000000000000e+00 0.000000000000000000e+00 0.000000000000000000e+00 0.000000000000000000e+00 0.000000000000000000e+00 0.000000000000000000e+00
0.000000000000000000e+00 8.524573354666668129e-03 3.955876666026666433e-01 5.544509467306667494e-01 4.143681331200000512e-02 0.000000000000000000e+00 0.000000000000000000e+00 0.000000000000000000e+00 0.000000000000000000e+00 0.000000000000000000e+00 0.000000000000000000e+00
0.000000000000000000e+00 8.306005333333322735e-03 3.934606506666665782e-01 5.561606826666667391e-01 4.207266133333335822e-02 0.000000000000000000e+00 0.000000000000000000e+00 0.000000000000000000e+00 0.000000000000000000e+00 0.000000000000000000e+00 0.000000000000000000e+00
0.000000000000000000e+00 8.091205631999996359e-03 3.913325697706666606e-01 5.578612435626666421e-01 4.271498103466666446e-02 0.000000000000000000e+00 0.000000000000000000e+00 0.000000000000000000e+00 0.000000000000000000e+00 0.000000000000000000e+00 0.000000000000000000e+00
0.000000000000000000e+00 7.880141482666665545e-03 3.892035222186666088e-01 5.595525311146667402e-01 4.336380518400001494e-02 0.000000000000000000e+00 0.000000000000000000e+00 0.000000000000000000e+00 0.000000000000000000e+00 0.000000000000000000e+00 0.000000000000000000e+00
0.000000000000000000e+00 7.672780117333315511e-03 3.870736063146665851e-01 5.612344470186667600e-01 4.401916654933336892e-02 0.000000000000000000e+00 0.000000000000000000e+00 0.000000000000000000e+00 0.000000000000000000e+00 0.000000000000000000e+00 0.000000000000000000e+00
0.000000000000000000e+00 7.469088767999995659e-03 3.849429203626666407e-01 5.629068929706666502e-01 4.468109789866667181e-02 0.000000000000000000e+00 0.000000000000000000e+00 0.000000000000000000e+00 0.000000000000000000e+00 0.000000000000000000e+00 0.000000000000000000e+00
0.000000000000000000e+00 7.269034666666658248e-03 3.828115626666666049e-01 5.645697706666666926e-01 4.534963200000002859e-02 0.000000000000000000e+00 0.000000000000000000e+00 0.000000000000000000e+00 0.000000000000000000e+00 0.000000000000000000e+00 0.000000000000000000e+00
0.000000000000000000e+00 7.072585045333330996e-03 3.806796315306666401e-01 5.662229818026667250e-01 4.602480162133333608e-02 0.000000000000000000e+00 0.000000000000000000e+00 0.000000000000000000e+00 0.000000000000000000e+00 0.000000000000000000e+00 0.000000000000000000e+00
0.000000000000000000e+00 6.879707136000000854e-03 3.785472252586666864e-01 5.678664280746666959e-01 4.670663953066668539e-02 0.000000000000000000e+00 0.000000000000000000e+00 0.000000000000000000e+00 0.000000000000000000e+00 0.000000000000000000e+00 0.000000000000000000e+00
0.000000000000000000e+00 6.690368170666651307e-03 3.764144421546665176e-01 5.695000111786667762e-01 4.739517849600003579e-02 0.000000000000000000e+00 0.000000000000000000e+00 0.000000000000000000e+00 0.000000000000000000e+00 0.000000000000000000e+00 0.000000000000000000e+00
0.000000000000000000e+00 6.504535381333330021e-03 3.742813805226666291e-01 5.711236328106666926e-01 4.809045128533334656e-02 0.000000000000000000e+00 0.000000000000000000e+00 0.000000000000000000e+00 0.000000000000000000e+00 0.000000000000000000e+00 0.000000000000000000e+00
0.000000000000000000e+00 6.322175999999993593e-03 3.721481386666665170e-01 5.727371946666668379e-01 4.879249066666669493e-02 0.000000000000000000e+00 0.000000000000000000e+00 0.000000000000000000e+00 0.000000000000000000e+00 0.000000000000000000e+00 0.000000000000000000e+00
0.000000000000000000e+00 6.143257258666660198e-03 3.700148148906666767e-01 5.743405984426667166e-01 4.950132940800000547e-02 0.000000000000000000e+00 0.000000000000000000e+00 0.000000000000000000e+00 0.000000000000000000e+00 0.000000000000000000e+00 0.000000000000000000e+00
0.000000000000000000e+00 5.967746389333328932e-03 3.678815074986665490e-01 5.759337458346667216e-01 5.021700027733335542e-02 0.000000000000000000e+00 0.000000000000000000e+00 0.000000000000000000e+00 0.000000000000000000e+00 0.000000000000000000e+00 0.000000000000000000e+00
0.000000000000000000e+00 5.795610624000001494e-03 3.657483147946666846e-01 5.775165385386665795e-01 5.093953604266666241e-02 0.000000000000000000e+00 0.000000000000000000e+00 0.000000000000000000e+00 0.000000000000000000e+00 0.000000000000000000e+00 0.000000000000000000e+00
0.000000000000000000e+00 5.626817194666664836e-03 3.636153350826666353e-01 5.790888782506666832e-01 5.166896947200001755e-02 0.000000000000000000e+00 0.000000000000000000e+00 0.000000000000000000e+00 0.000000000000000000e+00 0.000000000000000000e+00 0.000000000000000000e+00
0.000000000000000000e+00 5.461333333333323256e-03 3.614826666666665078e-01 5.806506666666667593e-01 5.240533333333336624e-02 0.000000000000000000e+00 0.000000000000000000e+00 0.000000000000000000e+00 0.000000000000000000e+00 0.000000000000000000e+00 0.000000000000000000e+00
0.000000000000000000e+00 5.299126271999994933e-03 3.593504078506666310e-01 5.822018054826667566e-01 5.314866039466667469e-02 0.000000000000000000e+00 0.000000000000000000e+00 0.000000000000000000e+00 0.000000000000000000e+00 0.000000000000000000e+00 0.000000000000000000e+00
0.000000000000000000e+00 5.140163242666664217e-03 3.572186569386666122e-01 5.837421963946667347e-01 5.389898342400002706e-02 0.000000000000000000e+00 0.000000000000000000e+00 0.000000000000000000e+00 0.000000000000000000e+00 0.000000000000000000e+00 0.000000000000000000e+00
0.000000000000000000e+00 4.984411477333335408e-03 3.550875122346666135e-01 5.852717410986667534e-01 5.465633518933333407e-02 0.000000000000000000e+00 0.000000000000000000e+00 0.000000000000000000e+00 0.000000000000000000e+00 0.000000000000000000e+00 0.000000000000000000e+00
0.000000000000000000e+00 4.831838207999993723e-03 3.529570720426665753e-01 5.867903412906666505e-01 5.542074845866667987e-02 0.000000000000000000e+00 0.000000000000000000e+00 0.000000000000000000e+00 0.000000000000000000e+00 0.000000000000000000e+00 0.000000000000000000e+00
0.000000000000000000e+00 4.682410666666659074e-03 3.508274346666665489e-01 5.882978986666667076e-01 5.619225600000004456e-02 0.000000000000000000e+00 0.000000000000000000e+00 0.000000000000000000e+00 0.000000000000000000e+00 0.000000000000000000e+00 0.000000000000000000e+00
0.000000000000000000e+00 4.536096085333329690e-03 3.486986984106666410e-01 5.897943149226666515e-01 5.697089058133334577e-02 0.000000000000000000e+00 0.000000000000000000e+00 0.000000000000000000e+00 0.000000000000000000e+00 0.000000000000000000e+00 0.000000000000000000e+00
0.000000000000000000e+00 4.392861695999999462e-03 3.465709615786665698e-01 5.912794917546666529e-01 5.775668497066670237e-02 0.000000000000000000e+00 0.000000000000000000e+00 0.000000000000000000e+00 0.000000000000000000e+00 0.000000000000000000e+00 0.000000000000000000e+00
0.000000000000000000e+00 4.252674730666664883e-03 3.444443224746666643e-01 5.927533308586666605e-01 5.854967193599999731e-02 0.000000000000000000e+00 0.000000000000000000e+00 0.000000000000000000e+00 0.000000000000000000e+00 0.000000000000000000e+00 0.000000000000000000e+00
0.000000000000000000e+00 4.115502421333329386e-03 3.423188794026666426e-01 5.942157339306667341e-01 5.934988424533335638e-02 0.000000000000000000e+00 0.000000000000000000e+00 0.000000000000000000e+00 0.000000000000000000e+00 0.000000000000000000e+00 0.000000000000000000e+00
0.000000000000000000e+00 3.981311999999993800e-03 3.401947306666665005e-01 5.956666026666668223e-01 6.015735466666671805e-02 0.000000000000000000e+00 0.000000000000000000e+00 0.000000000000000000e+00 0.000000000000000000e+00 0.000000000000000000e+00 0.000000000000000000e+00
0.000000000000000000e+00 3.850070698666659824e-03 3.380719745706667334e-01 5.971058387626666519e-01 6.097211596800001382e-02 0.000000000000000000e+00 0.000000000000000000e+00 0.000000000000000000e+00 0.000000000000000000e+00 0.000000000000000000e+00 0.000000000000000000e+00
0.000000000000000000e+00 3.721745749333329155e-03 3.359507094186665599e-01 5.985333439146667267e-01 6.179420091733336950e-02 0.000000000000000000e+00 0.000000000000000000e+00 0.000000000000000000e+00 0.000000000000000000e+00 0.000000000000000000e+00 0.000000000000000000e+00
0.000000000000000000e+00 3.596304383999999153e-03 3.338310335146666974e-01 5.999490198186666623e-01 6.262364228266667499e-02 0.000000000000000000e+00 0.000000000000000000e+00 0.000000000000000000e+00 0.000000000000000000e+00 0.000000000000000000e+00 0.000000000000000000e+00
0.000000000000000000e+00 3.473713834666663711e-03 3.317130451626665311e-01 6.013527681706667405e-01 6.346047283200002831e-02 0.000000000000000000e+00 0.000000000000000000e+00 0.000000000000000000e+00 0.000000000000000000e+00 0.000000000000000000e+00 0.000000000000000000e+00
0.000000000000000000e+00 3.353941333333337969e-03 3.295968426666666673e-01 6.027444906666665769e-01 6.430472533333334018e-02 0.000000000000000000e+00 0.000000000000000000e+00 0.000000000000000000e+00 0.000000000000000000e+00 0.000000000000000000e+00 0.000000000000000000e+00
0.000000000000000000e+00 3.236954111999994568e-03 3.274825243306665468e-01 6.041240890026666754e-01 6.515643255466668782e-02 0.000000000000000000e+00 0.000000000000000000e+00 0.000000000000000000e+00 0.000000000000000000e+00 0.000000000000000000e+00 0.000000000000000000e+00
0.000000000000000000e+00 3.122719402666663830e-03 3.253701884586665538e-01 6.054914648746667627e-01 6.601562726400005132e-02 0.000000000000000000e+00 0.000000000000000000e+00 0.000000000000000000e+00 0.000000000000000000e+00 0.000000000000000000e+00 0.000000000000000000e+00
0.000000000000000000e+00 3.011204437333333574e-03 3.232599333546666287e-01 6.068465199786666764e-01 6.688234222933334139e-02 0.000000000000000000e+00 0.000000000000000000e+00 0.000000000000000000e+00 0.000000000000000000e+00 0.000000000000000000e+00 0.000000000000000000e+00
0.000000000000000000e+00 2.902376447999994655e-03 3.211518573226666007e-01 6.081891560106666983e-01 6.775661021866669076e-02 0.000000000000000000e+00 0.000000000000000000e+00 0.000000000000000000e+00 0.000000000000000000e+00 0.000000000000000000e+00 0.000000000000000000e+00
0.000000000000000000e+00 2.796202666666667853e-03 3.190460586666666321e-01 6.095192746666666661e-01 6.863846399999999626e-02 0.000000000000000000e+00 0.000000000000000000e+00 0.000000000000000000e+00 0.000000000000000000e+00 0.000000000000000000e+00 0.000000000000000000e+00
0.000000000000000000e+00 2.692650325333329278e-03 3.169426356906666076e-01 6.108367776426667506e-01 6.952793634133334899e-02 0.000000000000000000e+00 0.000000000000000000e+00 0.000000000000000000e+00 0.000000000000000000e+00 0.000000000000000000e+00 0.000000000000000000e+00
0.000000000000000000e+00 2.591686655999997976e-03 3.148416866986665785e-01 6.121415666346666784e-01 7.042506001066671517e-02 0.000000000000000000e+00 0.000000000000000000e+00 0.000000000000000000e+00 0.000000000000000000e+00 0.000000000000000000e+00 0.000000000000000000e+00
0.000000000000000000e+00 2.493278890666663934e-03 3.127433099946666517e-01 6.134335433386666203e-01 7.132986777600001937e-02 0.000000000000000000e+00 0.000000000000000000e+00 0.000000000000000000e+00 0.000000000000000000e+00 0.000000000000000000e+00 0.000000000000000000e+00
0.000000000000000000e+00 2.397394261333329283e-03 3.106476038826666008e-01 6.147126094506667471e-01 7.224239240533336659e-02 0.000000000000000000e+00 0.000000000000000000e+00 0.000000000000000000e+00 0.000000000000000000e+00 0.000000000000000000e+00 0.000000000000000000e+00
0.000000000000000000e+00 2.304000000000001793e-03 3.085546666666666993e-01 6.159786666666666743e-01 7.316266666666666751e-02 0.000000000000000000e+00 0.000000000000000000e+00 0.000000000000000000e+00 0.000000000000000000e+00 0.000000000000000000e+00 0.000000000000000000e+00
0.000000000000000000e+00 2.213063338666661044e-03 3.064645966506666097e-01 6.172316166826666839e-01 7.409072332800002714e-02 0.000000000000000000e+00 0.000000000000000000e+00 0.000000000000000000e+00 0.000000000000000000e+00 0.000000000000000000e+00 0.000000000000000000e+00
0.000000000000000000e+00 2.124551509333329116e-03 3.043774921386664944e-01 6.184713611946668355e-01 7.502659515733338391e-02 0.000000000000000000e+00 0.000000000000000000e+00 0.000000000000000000e+00 0.000000000000000000e+00 0.000000000000000000e+00 0.000000000000000000e+00
0.000000000000000000e+00 2.038431743999998165e-03 3.022934514346666823e-01 6.196978018986667447e-01 7.597031492266667629e-02 0.000000000000000000e+00 0.000000000000000000e+00 0.000000000000000000e+00 0.000000000000000000e+00 0.000000000000000000e+00 0.000000000000000000e+00
0.000000000000000000e+00 1.954671274666663818e-03 3.002125728426665030e-01 6.209108404906666934e-01 7.692191539200005090e-02 0.000000000000000000e+00 0.000000000000000000e+00 0.000000000000000000e+00 0.000000000000000000e+00 0.000000000000000000e+00 0.000000000000000000e+00
0.000000000000000000e+00 1.873237333333335579e-03 2.981349546666666739e-01 6.221103786666666302e-01 7.788142933333333517e-02 0.000000000000000000e+00 0.000000000000000000e+00 0.000000000000000000e+00 0.000000000000000000e+00 0.000000000000000000e+00 0.000000000000000000e+00
0.000000000000000000e+00 1.794097151999995412e-03 2.960606952106665801e-01 6.232963181226667260e-01 7.884888951466668960e-02 0.000000000000000000e+00 0.000000000000000000e+00 0.000000000000000000e+00 0.000000000000000000e+00 0.000000000000000000e+00 0.000000000000000000e+00
0.000000000000000000e+00 1.717217962666666917e-03 2.939898927786667171e-01 6.244685605546667073e-01 7.982432870399999714e-02 0.000000000000000000e+00 0.000000000000000000e+00 0.000000000000000000e+00 0.000000000000000000e+00 0.000000000000000000e+00 0.000000000000000000e+00
0.000000000000000000e+00 1.642566997333332274e-03 2.919226456746665810e-01 6.256270076586667450e-01 8.080777966933336276e-02 0.000000000000000000e+00 0.000000000000000000e+00 0.000000000000000000e+00 0.000000000000000000e+00 0.000000000000000000e+00 0.000000000000000000e+00
0.000000000000000000e+00 1.570111487999995351e-03 2.898590522026666116e-01 6.267715611306666768e-01 8.179927517866672493e-02 0.000000000000000000e+00 0.000000000000000000e+00 0.000000000000000000e+00 0.000000000000000000e+00 0.000000000000000000e+00 0.000000000000000000e+00
0.000000000000000000e+00 1.499818666666666517e-03 2.877992106666666383e-01 6.279021226666666733e-01 8.279884800000000822e-02 0.000000000000000000e+00 0.000000000000000000e+00 0.000000000000000000e+00 0.000000000000000000e+00 0.000000000000000000e+00 0.000000000000000000e+00
0.000000000000000000e+00 1.431655765333329691e-03 2.857432193706666013e-01 6.290185939626666833e-01 8.380653090133337313e-02 0.000000000000000000e+00 0.000000000000000000e+00 0.000000000000000000e+00 0.000000000000000000e+00 0.000000000000000000e+00 0.000000000000000000e+00
0.000000000000000000e+00 1.365590016000000880e-03 2.836911766186666628e-01 6.301208767146666556e-01 8.482235665066666097e-02 0.000000000000000000e+00 0.000000000000000000e+00 0.000000000000000000e+00 0.000000000000000000e+00 0.000000000000000000e+00 0.000000000000000000e+00
0.000000000000000000e+00 1.301588650666664218e-03 2.816431807146665967e-01 6.312088726186666499e-01 8.584635801600003224e-02 0.000000000000000000e+00 0.000000000000000000e+00 0.000000000000000000e+00 0.000000000000000000e+00 0.000000000000000000e+00 0.000000000000000000e+00
0.000000000000000000e+00 1.239618901333329861e-03 2.795993299626665651e-01 6.322824833706667258e-01 8.687856776533339764e-02 0.000000000000000000e+00 0.000000000000000000e+00 0.000000000000000000e+00 0.000000000000000000e+00 0.000000000000000000e+00 0.000000000000000000e+00
0.000000000000000000e+00 1.179648000000000372e-03 2.775597226666666195e-01 6.333416106666666101e-01 8.791901866666669563e-02 0.000000000000000000e+00 0.000000000000000000e+00 0.000000000000000000e+00 0.000000000000000000e+00 0.000000000000000000e+00 0.000000000000000000e+00
0.000000000000000000e+00 1.121643178666662053e-03 2.755244571306666446e-01 6.343861562026666956e-01 8.896774348800003118e-02 0.000000000000000000e+00 0.000000000000000000e+00 0.000000000000000000e+00 0.000000000000000000e+00 0.000000000000000000e+00 0.000000000000000000e+00
0.000000000000000000e+00 1.065571669333332432e-03 2.734936316586666361e-01 6.354160216746667089e-01 9.002477499733334276e-02 0.000000000000000000e+00 0.000000000000000000e+00 0.000000000000000000e+00 0.000000000000000000e+00 0.000000000000000000e+00 0.000000000000000000e+00
0.000000000000000000e+00 1.011400703999998244e-03 2.714673445546666453e-01 6.364311087786667098e-01 9.109014596266669372e-02 0.000000000000000000e+00 0.000000000000000000e+00 0.000000000000000000e+00 0.000000000000000000e+00 0.000000000000000000e+00 0.000000000000000000e+00
0.000000000000000000e+00 9.590975146666641136e-04 2.694456941226665014e-01 6.374313192106667580e-01 9.216388915200006415e-02 0.000000000000000000e+00 0.000000000000000000e+00 0.000000000000000000e+00 0.000000000000000000e+00 0.000000000000000000e+00 0.000000000000000000e+00
0.000000000000000000e+00 9.086293333333340157e-04 2.674287786666666444e-01 6.384165546666666913e-01 9.324603733333335087e-02 0.000000000000000000e+00 0.000000000000000000e+00 0.000000000000000000e+00 0.000000000000000000e+00 0.000000000000000000e+00 0.000000000000000000e+00
0.000000000000000000e+00 8.599633919999965289e-04 2.654166964906665149e-01 6.393867168426667913e-01 9.433662327466672826e-02 0.000000000000000000e+00 0.000000000000000000e+00 0.000000000000000000e+00 0.000000000000000000e+00 0.000000000000000000e+00 0.000000000000000000e+00
0.000000000000000000e+00 8.130669226666662527e-04 2.634095458986666638e-01 6.403417074346666737e-01 9.543567974400000986e-02 0.000000000000000000e+00 0.000000000000000000e+00 0.000000000000000000e+00 0.000000000000000000e+00 0.000000000000000000e+00 0.000000000000000000e+00
0.000000000000000000e+00 7.679071573333321995e-04 2.614074251946665872e-01 6.412814281386667314e-01 9.654323950933338394e-02 0.000000000000000000e+00 0.000000000000000000e+00 0.000000000000000000e+00 0.000000000000000000e+00 0.000000000000000000e+00 0.000000000000000000e+00
0.000000000000000000e+00 7.244513279999986689e-04 2.594104326826666695e-01 6.422057806506666910e-01 9.765933533866666405e-02 0.000000000000000000e+00 0.000000000000000000e+00 0.000000000000000000e+00 0.000000000000000000e+00 0.000000000000000000e+00 0.000000000000000000e+00
0.000000000000000000e+00 6.826666666666660575e-04 2.574186666666666290e-01 6.431146666666667233e-01 9.878400000000002457e-02 0.000000000000000000e+00 0.000000000000000000e+00 0.000000000000000000e+00 0.000000000000000000e+00 0.000000000000000000e+00 0.000000000000000000e+00
0.000000000000000000e+00 6.425204053333307503e-04 2.554322254506665724e-01 6.440079878826667770e-01 9.991726626133340394e-02 0.000000000000000000e+00 0.000000000000000000e+00 0.000000000000000000e+00 0.000000000000000000e+00 0.000000000000000000e+00 0.000000000000000000e+00
0.000000000000000000e+00 6.039797759999998659e-04 2.534512073386666065e-01 6.448856459946666897e-01 1.010591668906666851e-01 0.000000000000000000e+00 0.000000000000000000e+00 0.000000000000000000e+00 0.000000000000000000e+00 0.000000000000000000e+00 0.000000000000000000e+00
0.000000000000000000e+00 5.670120106666646934e-04 2.514757106346665605e-01 6.457475426986667433e-01 1.022097346560000564e-01 0.000000000000000000e+00 0.000000000000000000e+00 0.000000000000000000e+00 0.000000000000000000e+00 0.000000000000000000e+00 0.000000000000000000e+00
0.000000000000000000e+00 5.315843413333325683e-04 2.495058336426666523e-01 6.465935796906666644e-01 1.033690023253333312e-01 0.000000000000000000e+00 0.000000000000000000e+00 0.000000000000000000e+00 0.000000000000000000e+00 0.000000000000000000e+00 0.000000000000000000e+00
0.000000000000000000e+00 4.976639999999997671e-04 2.475416746666666001e-01 6.474236586666666238e-01 1.045370026666667118e-01 0.000000000000000000e+00 0.000000000000000000e+00 0.000000000000000000e+00 0.000000000000000000e+00 0.000000000000000000e+00 0.000000000000000000e+00
0.000000000000000000e+00 4.652182186666637591e-04 2.455833320106665940e-01 6.482376813226666812e-01 1.057137684480000672e-01 0.000000000000000000e+00 0.000000000000000000e+00 0.000000000000000000e+00 0.000000000000000000e+00 0.000000000000000000e+00 0.000000000000000000e+00
0.000000000000000000e+00 4.342142293333324217e-04 2.436309039786666297e-01 6.490355493546666743e-01 1.068993324373333637e-01 0.000000000000000000e+00 0.000000000000000000e+00 0.000000000000000000e+00 0.000000000000000000e+00 0.000000000000000000e+00 0.000000000000000000e+00
0.000000000000000000e+00 4.046192639999986163e-04 2.416844888746665920e-01 6.498171644586667739e-01 1.080937274026667200e-01 0.000000000000000000e+00 0.000000000000000000e+00 0.000000000000000000e+00 0.000000000000000000e+00 0.000000000000000000e+00 0.000000000000000000e+00
0.000000000000000000e+00 3.764005546666662088e-04 2.397441850026666432e-01 6.505824283306665956e-01 1.092969861120000191e-01 0.000000000000000000e+00 0.000000000000000000e+00 0.000000000000000000e+00 0.000000000000000000e+00 0.000000000000000000e+00 0.000000000000000000e+00
0.000000000000000000e+00 3.495253333333333190e-04 2.378100906666666403e-01 6.513312426666666433e-01 1.105091413333333661e-01 0.000000000000000000e+00 0.000000000000000000e+00 0.000000000000000000e+00 0.000000000000000000e+00 0.000000000000000000e+00 0.000000000000000000e+00
0.000000000000000000e+00 3.239608319999978496e-04 2.358823041706665236e-01 6.520635091626667545e-01 1.117302258346667548e-01 0.000000000000000000e+00 0.000000000000000000e+00 0.000000000000000000e+00 0.000000000000000000e+00 0.000000000000000000e+00 0.000000000000000000e+00
0.000000000000000000e+00 2.996742826666661604e-04 2.339609238186666496e-01 6.527791295146666561e-01 1.129602723840000267e-01 0.000000000000000000e+00 0.000000000000000000e+00 0.000000000000000000e+00 0.000000000000000000e+00 0.000000000000000000e+00 0.000000000000000000e+00
0.000000000000000000e+00 2.766329173333324678e-04 2.320460479146665422e-01 6.534780054186667408e-01 1.141993137493333976e-01 0.000000000000000000e+00 0.000000000000000000e+00 0.000000000000000000e+00 0.000000000000000000e+00 0.000000000000000000e+00 0.000000000000000000e+00
0.000000000000000000e+00 2.548039679999990659e-04 2.301377747626666692e-01 6.541600385706667353e-01 1.154473826986666812e-01 0.000000000000000000e+00 0.000000000000000000e+00 0.000000000000000000e+00 0.000000000000000000e+00 0.000000000000000000e+00 0.000000000000000000e+00
0.000000000000000000e+00 2.341546666666661071e-04 2.282362026666665544e-01 6.548251306666666993e-01 1.167045120000000519e-01 0.000000000000000000e+00 0.000000000000000000e+00 0.000000000000000000e+00 0.000000000000000000e+00 0.000000000000000000e+00 0.000000000000000000e+00
0.000000000000000000e+00 2.146522453333333646e-04 2.263414299306666932e-01 6.554731834026665815e-01 1.179707344213333231e-01 0.000000000000000000e+00 0.000000000000000000e+00 0.000000000000000000e+00 0.000000000000000000e+00 0.000000000000000000e+00 0.000000000000000000e+00
0.000000000000000000e+00 1.962639359999997170e-04 2.244535548586666096e-01 6.561040984746666638e-01 1.192460827306666971e-01 0.000000000000000000e+00 0.000000000000000000e+00 0.000000000000000000e+00 0.000000000000000000e+00 0.000000000000000000e+00 0.000000000000000000e+00
0.000000000000000000e+00 1.789569706666655608e-04 2.225726757546665491e-01 6.567177775786666727e-01 1.205305896960000844e-01 0.000000000000000000e+00 0.000000000000000000e+00 0.000000000000000000e+00 0.000000000000000000e+00 0.000000000000000000e+00 0.000000000000000000e+00
0.000000000000000000e+00 1.626985813333327563e-04 2.206988909226666462e-01 6.573141224106666680e-01 1.218242880853333404e-01 0.000000000000000000e+00 0.000000000000000000e+00 0.000000000000000000e+00 0.000000000000000000e+00 0.000000000000000000e+00 0.000000000000000000e+00
0.000000000000000000e+00 1.474559999999997212e-04 2.188322986666665637e-01 6.578930346666667095e-01 1.231272106666667365e-01 0.000000000000000000e+00 0.000000000000000000e+00 0.000000000000000000e+00 0.000000000000000000e+00 0.000000000000000000e+00 0.000000000000000000e+00
0.000000000000000000e+00 1.331964586666667979e-04 2.169729972906666304e-01 6.584544160426666348e-01 1.244393902080000031e-01 0.000000000000000000e+00 0.000000000000000000e+00 0.000000000000000000e+00 0.000000000000000000e+00 0.000000000000000000e+00 0.000000000000000000e+00
0.000000000000000000e+00 1.198871893333327838e-04 2.151210850986666201e-01 6.589981682346666148e-01 1.257608594773333699e-01 0.000000000000000000e+00 0.000000000000000000e+00 0.000000000000000000e+00 0.000000000000000000e+00 0.000000000000000000e+00 0.000000000000000000e+00
0.000000000000000000e+00 1.074954239999992951e-04 2.132766603946665840e-01 6.595241929386667090e-01 1.270916512426667477e-01 0.000000000000000000e+00 0.000000000000000000e+00 0.000000000000000000e+00 0.000000000000000000e+00 0.000000000000000000e+00 0.000000000000000000e+00
0.000000000000000000e+00 9.598839466666633520e-05 2.114398214826666567e-01 6.600323918506666443e-01 1.284317982720000195e-01 0.000000000000000000e+00 0.000000000000000000e+00 0.000000000000000000e+00 0.000000000000000000e+00 0.000000000000000000e+00 0.000000000000000000e+00
0.000000000000000000e+00 8.533333333333320298e-05 2.096106666666666118e-01 6.605226666666667024e-01 1.297813333333333874e-01 0.000000000000000000e+00 0.000000000000000000e+00 0.000000000000000000e+00 0.000000000000000000e+00 0.000000000000000000e+00 0.000000000000000000e+00
0.000000000000000000e+00 7.549747199999982060e-05 2.077892942506666674e-01 6.609949190826667209e-01 1.311402891946666649e-01 0.000000000000000000e+00 0.000000000000000000e+00 0.000000000000000000e+00 0.000000000000000000e+00 0.000000000000000000e+00 0.000000000000000000e+00
0.000000000000000000e+00 6.644804266666636775e-05 2.059758025386665969e-01 6.614490507946666487e-01 1.325086986240000542e-01 0.000000000000000000e+00 0.000000000000000000e+00 0.000000000000000000e+00 0.000000000000000000e+00 0.000000000000000000e+00 0.000000000000000000e+00
0.000000000000000000e+00 5.815227733333356620e-05 2.041702898346666739e-01 6.618849634986665453e-01 1.338865943893333410e-01 0.000000000000000000e+00 0.000000000000000000e+00 0.000000000000000000e+00 0.000000000000000000e+00 0.000000000000000000e+00 0.000000000000000000e+00
0.000000000000000000e+00 5.057740799999957632e-05 2.023728544426666720e-01 6.623025588906666927e-01 1.352740092586666720e-01 0.000000000000000000e+00 0.000000000000000000e+00 0.000000000000000000e+00 0.000000000000000000e+00 0.000000000000000000e+00 0.000000000000000000e+00
0.000000000000000000e+00 4.369066666666640737e-05 2.005835946666665315e-01 6.627017386666667065e-01 1.366709760000000828e-01 0.000000000000000000e+00 0.000000000000000000e+00 0.000000000000000000e+00 0.000000000000000000e+00 0.000000000000000000e+00 0.000000000000000000e+00
0.000000000000000000e+00 3.745928533333327005e-05 1.988026088106666367e-01 6.630824045226666463e-01 1.380775273813333592e-01 0.000000000000000000e+00 0.000000000000000000e+00 0.000000000000000000e+00 0.000000000000000000e+00 0.000000000000000000e+00 0.000000000000000000e+00
0.000000000000000000e+00 3.185049599999985613e-05 1.970299951786665671e-01 6.634444581546667941e-01 1.394936961706667033e-01 0.000000000000000000e+00 0.000000000000000000e+00 0.000000000000000000e+00 0.000000000000000000e+00 0.000000000000000000e+00 0.000000000000000000e+00
0.000000000000000000e+00 2.683153066666683659e-05 1.952658520746667070e-01 6.637878012586666543e-01 1.409195151359999842e-01 0.000000000000000000e+00 0.000000000000000000e+00 0.000000000000000000e+00 0.000000000000000000e+00 0.000000000000000000e+00 0.000000000000000000e+00
0.000000000000000000e+00 2.236962133333312056e-05 1.935102778026666082e-01 6.641123355306666198e-01 1.423550170453333763e-01 0.000000000000000000e+00 0.000000000000000000e+00 0.000000000000000000e+00 0.000000000000000000e+00 0.000000000000000000e+00 0.000000000000000000e+00
0.000000000000000000e+00 1.843199999999987706e-05 1.917633706666665716e-01 6.644179626666666394e-01 1.438002346666667486e-01 0.000000000000000000e+00 0.000000000000000000e+00 0.000000000000000000e+00 0.000000000000000000e+00 0.000000000000000000e+00 0.000000000000000000e+00
0.000000000000000000e+00 1.498589866666665388e-05 1.900252289706666486e-01 6.647045843626666617e-01 1.452552007680000257e-01 0.000000000000000000e+00 0.000000000000000000e+00 0.000000000000000000e+00 0.000000000000000000e+00 0.000000000000000000e+00 0.000000000000000000e+00
0.000000000000000000e+00 1.199854933333317840e-05 1.882959510186666130e-01 6.649721023146666354e-01 1.467199481173334097e-01 0.000000000000000000e+00 0.000000000000000000e+00 0.000000000000000000e+00 0.000000000000000000e+00 0.000000000000000000e+00 0.000000000000000000e+00
0.000000000000000000e+00 9.437184000000018233e-06 1.865756351146666270e-01 6.652204182186667314e-01 1.481945094826666864e-01 0.000000000000000000e+00 0.000000000000000000e+00 0.000000000000000000e+00 0.000000000000000000e+00 0.000000000000000000e+00 0.000000000000000000e+00
0.000000000000000000e+00 7.269034666666581426e-06 1.848643795626666031e-01 6.654494337706666762e-01 1.496789176320000581e-01 0.000000000000000000e+00 0.000000000000000000e+00 0.000000000000000000e+00 0.000000000000000000e+00 0.000000000000000000e+00 0.000000000000000000e+00
0.000000000000000000e+00 5.461333333333290757e-06 1.831622826666665649e-01 6.656590506666666407e-01 1.511732053333334214e-01 0.000000000000000000e+00 0.000000000000000000e+00 0.000000000000000000e+00 0.000000000000000000e+00 0.000000000000000000e+00 0.000000000000000000e+00
0.000000000000000000e+00 3.981311999999958300e-06 1.814694427306666469e-01 6.658491706026665735e-01 1.526774053546667009e-01 0.000000000000000000e+00 0.000000000000000000e+00 0.000000000000000000e+00 0.000000000000000000e+00 0.000000000000000000e+00 0.000000000000000000e+00
0.000000000000000000e+00 2.796202666666615930e-06 1.797859580586666228e-01 6.660196952746666454e-01 1.541915504640000711e-01 0.000000000000000000e+00 0.000000000000000000e+00 0.000000000000000000e+00 0.000000000000000000e+00 0.000000000000000000e+00 0.000000000000000000e+00
0.000000000000000000e+00 1.873237333333345711e-06 1.781119269546666550e-01 6.661705263786665832e-01 1.557156734293333455e-01 0.000000000000000000e+00 0.000000000000000000e+00 0.000000000000000000e+00 0.000000000000000000e+00 0.000000000000000000e+00 0.000000000000000000e+00
0.000000000000000000e+00 1.179647999999958233e-06 1.764474477226666282e-01 6.663015656106666684e-01 1.572498070186667263e-01 0.000000000000000000e+00 0.000000000000000000e+00 0.000000000000000000e+00 0.000000000000000000e+00 0.000000000000000000e+00 0.000000000000000000e+00
0.000000000000000000e+00 6.826666666666637799e-07 1.747926186666666493e-01 6.664127146666665169e-01 1.587939839999999991e-01 0.000000000000000000e+00 0.000000000000000000e+00 0.000000000000000000e+00 0.000000000000000000e+00 0.000000000000000000e+00 0.000000000000000000e+00
0.000000000000000000e+00 3.495253333333269912e-07 1.731475380906666306e-01 6.665038752426666324e-01 1.603482371413333663e-01 0.000000000000000000e+00 0.000000000000000000e+00 0.000000000000000000e+00 0.000000000000000000e+00 0.000000000000000000e+00 0.000000000000000000e+00
0.000000000000000000e+00 1.474559999999939321e-07 1.715123042986665680e-01 6.665749490346666306e-01 1.619125992106667522e-01 0.000000000000000000e+00 0.000000000000000000e+00 0.000000000000000000e+00 0.000000000000000000e+00 0.000000000000000000e+00 0.000000000000000000e+00
0.000000000000000000e+00 4.369066666666815030e-08 1.698870155946666516e-01 6.666258377386666822e-01 1.634871029759999983e-01 0.000000000000000000e+00 0.000000000000000000e+00 0.000000000000000000e+00 0.000000000000000000e+00 0.000000000000000000e+00 0.000000000000000000e+00
0.000000000000000000e+00 5.461333333332286289e-09 1.682717702826665718e-01 6.666564430506667360e-01 1.650717812053334177e-01 0.000000000000000000e+00 0.000000000000000000e+00 0.000000000000000000e+00 0.000000000000000000e+00 0.000000000000000000e+00 0.000000000000000000e+00
0.000000000000000000e+00 0.000000000000000000e+00 1.666666666666666852e-01 6.666666666666667407e-01 1.666666666666666574e-01 0.000000000000000000e+00 0.000000000000000000e+00 0.000000000000000000e+00 0.000000000000000000e+00 0.000000000000000000e+00 0.000000000000000000e+00
0.000000000000000000e+00 0.000000000000000000e+00 1.650717812053332789e-01 6.666564430506667360e-01 1.682717702826666828e-01 5.461333333333802511e-09 0.000000000000000000e+00 0.000000000000000000e+00 0.000000000000000000e+00 0.000000000000000000e+00 0.000000000000000000e+00
0.000000000000000000e+00 0.000000000000000000e+00 1.634871029759999150e-01 6.666258377386666822e-01 1.698870155946667626e-01 4.369066666667042008e-08 0.000000000000000000e+00 0.000000000000000000e+00 0.000000000000000000e+00 0.000000000000000000e+00 0.000000000000000000e+00
0.000000000000000000e+00 0.000000000000000000e+00 1.619125992106665579e-01 6.665749490346666306e-01 1.715123042986668178e-01 1.474560000000126727e-07 0.000000000000000000e+00 0.000000000000000000e+00 0.000000000000000000e+00 0.000000000000000000e+00 0.000000000000000000e+00
0.000000000000000000e+00 0.000000000000000000e+00 1.603482371413333940e-01 6.665038752426666324e-01 1.731475380906666028e-01 3.495253333333269912e-07 0.000000000000000000e+00 0.000000000000000000e+00 0.000000000000000000e+00 0.000000000000000000e+00 0.000000000000000000e+00
0.000000000000000000e+00 0.000000000000000000e+00 1.587939839999999714e-01 6.664127146666666279e-01 1.747926186666666493e-01 6.826666666666685444e-07 0.000000000000000000e+00 0.000000000000000000e+00 0.000000000000000000e+00 0.000000000000000000e+00 0.000000000000000000e+00
0.000000000000000000e+00 0.000000000000000000e+00 1.572498070186666153e-01 6.663015656106665574e-01 1.764474477226667393e-01 1.179648000000019432e-06 0.000000000000000000e+00 0.000000000000000000e+00 0.000000000000000000e+00 0.000000000000000000e+00 0.000000000000000000e+00
0.000000000000000000e+00 0.000000000000000000e+00 1.557156734293332623e-01 6.661705263786666942e-01 1.781119269546667661e-01 1.873237333333382981e-06 0.000000000000000000e+00 0.000000000000000000e+00 0.000000000000000000e+00 0.000000000000000000e+00 0.000000000000000000e+00
0.000000000000000000e+00 0.000000000000000000e+00 1.541915504639998491e-01 6.660196952746666454e-01 1.797859580586668171e-01 2.796202666666761196e-06 0.000000000000000000e+00 0.000000000000000000e+00 0.000000000000000000e+00 0.000000000000000000e+00 0.000000000000000000e+00
0.000000000000000000e+00 0.000000000000000000e+00 1.526774053546666732e-01 6.658491706026666845e-01 1.814694427306666469e-01 3.981311999999973546e-06 0.000000000000000000e+00 0.000000000000000000e+00 0.000000000000000000e+00 0.000000000000000000e+00 0.000000000000000000e+00
0.000000000000000000e+00 0.000000000000000000e+00 1.511732053333333103e-01 6.656590506666666407e-01 1.831622826666666759e-01 5.461333333333348355e-06 0.000000000000000000e+00 0.000000000000000000e+00 0.000000000000000000e+00 0.000000000000000000e+00 0.000000000000000000e+00
0.000000000000000000e+00 0.000000000000000000e+00 1.496789176319999470e-01 6.654494337706666762e-01 1.848643795626667419e-01 7.269034666666741515e-06 0.000000000000000000e+00 0.000000000000000000e+00 0.000000000000000000e+00 0.000000000000000000e+00 0.000000000000000000e+00
0.000000000000000000e+00 0.000000000000000000e+00 1.481945094826665477e-01 6.652204182186667314e-01 1.865756351146667658e-01 9.437184000000155452e-06 0.000000000000000000e+00 0.000000000000000000e+00 0.000000000000000000e+00 0.000000000000000000e+00 0.000000000000000000e+00
0.000000000000000000e+00 0.000000000000000000e+00 1.467199481173331876e-01 6.649721023146666354e-01 1.882959510186668350e-01 1.199854933333359683e-05 0.000000000000000000e+00 0.000000000000000000e+00 0.000000000000000000e+00 0.000000000000000000e+00 0.000000000000000000e+00
0.000000000000000000e+00 0.000000000000000000e+00 1.452552007680000257e-01 6.647045843626666617e-01 1.900252289706666764e-01 1.498589866666661830e-05 0.000000000000000000e+00 0.000000000000000000e+00 0.000000000000000000e+00 0.000000000000000000e+00 0.000000000000000000e+00
0.000000000000000000e+00 0.000000000000000000e+00 1.438002346666666653e-01 6.644179626666666394e-01 1.917633706666666826e-01 1.843200000000004646e-05 0.000000000000000000e+00 0.000000000000000000e+00 0.000000000000000000e+00 0.000000000000000000e+00 0.000000000000000000e+00
0.000000000000000000e+00 0.000000000000000000e+00 1.423550170453332375e-01 6.641123355306666198e-01 1.935102778026667469e-01 2.236962133333351358e-05 0.000000000000000000e+00 0.000000000000000000e+00 0.000000000000000000e+00 0.000000000000000000e+00 0.000000000000000000e+00
0.000000000000000000e+00 0.000000000000000000e+00 1.409195151359999010e-01 6.637878012586665433e-01 1.952658520746667903e-01 2.683153066666699922e-05 0.000000000000000000e+00 0.000000000000000000e+00 0.000000000000000000e+00 0.000000000000000000e+00 0.000000000000000000e+00
0.000000000000000000e+00 0.000000000000000000e+00 1.394936961706665368e-01 6.634444581546666830e-01 1.970299951786668169e-01 3.185049600000052698e-05 0.000000000000000000e+00 0.000000000000000000e+00 0.000000000000000000e+00 0.000000000000000000e+00 0.000000000000000000e+00
0.000000000000000000e+00 0.000000000000000000e+00 1.380775273813333592e-01 6.630824045226666463e-01 1.988026088106666089e-01 3.745928533333327005e-05 0.000000000000000000e+00 0.000000000000000000e+00 0.000000000000000000e+00 0.000000000000000000e+00 0.000000000000000000e+00
0.000000000000000000e+00 0.000000000000000000e+00 1.366709759999999441e-01 6.627017386666667065e-01 2.005835946666666980e-01 4.369066666666678684e-05 0.000000000000000000e+00 0.000000000000000000e+00 0.000000000000000000e+00 0.000000000000000000e+00 0.000000000000000000e+00
0.000000000000000000e+00 0.000000000000000000e+00 1.352740092586666165e-01 6.623025588906665817e-01 2.023728544426667553e-01 5.057740800000033526e-05 0.000000000000000000e+00 0.000000000000000000e+00 0.000000000000000000e+00 0.000000000000000000e+00 0.000000000000000000e+00
0.000000000000000000e+00 0.000000000000000000e+00 1.338865943893332300e-01 6.618849634986666564e-01 2.041702898346668127e-01 5.815227733333393212e-05 0.000000000000000000e+00 0.000000000000000000e+00 0.000000000000000000e+00 0.000000000000000000e+00 0.000000000000000000e+00
0.000000000000000000e+00 0.000000000000000000e+00 1.325086986240000819e-01 6.614490507946666487e-01 2.059758025386665692e-01 6.644804266666636775e-05 0.000000000000000000e+00 0.000000000000000000e+00 0.000000000000000000e+00 0.000000000000000000e+00 0.000000000000000000e+00
0.000000000000000000e+00 0.000000000000000000e+00 1.311402891946666649e-01 6.609949190826667209e-01 2.077892942506666674e-01 7.549747199999994258e-05 0.000000000000000000e+00 0.000000000000000000e+00 0.000000000000000000e+00 0.000000000000000000e+00 0.000000000000000000e+00
0.000000000000000000e+00 0.000000000000000000e+00 1.297813333333333041e-01 6.605226666666665913e-01 2.096106666666667506e-01 8.533333333333355535e-05 0.000000000000000000e+00 0.000000000000000000e+00 0.000000000000000000e+00 0.000000000000000000e+00 0.000000000000000000e+00
0.000000000000000000e+00 0.000000000000000000e+00 1.284317982719999640e-01 6.600323918506666443e-01 2.114398214826667122e-01 9.598839466666722966e-05 0.000000000000000000e+00 0.000000000000000000e+00 0.000000000000000000e+00 0.000000000000000000e+00 0.000000000000000000e+00
0.000000000000000000e+00 0.000000000000000000e+00 1.270916512426665534e-01 6.595241929386665980e-01 2.132766603946668060e-01 1.074954240000009485e-04 0.000000000000000000e+00 0.000000000000000000e+00 0.000000000000000000e+00 0.000000000000000000e+00 0.000000000000000000e+00
0.000000000000000000e+00 0.000000000000000000e+00 1.257608594773333421e-01 6.589981682346667258e-01 2.151210850986666201e-01 1.198871893333329464e-04 0.000000000000000000e+00 0.000000000000000000e+00 0.000000000000000000e+00 0.000000000000000000e+00 0.000000000000000000e+00
0.000000000000000000e+00 0.000000000000000000e+00 1.244393902080000031e-01 6.584544160426666348e-01 2.169729972906666582e-01 1.331964586666666353e-04 0.000000000000000000e+00 0.000000000000000000e+00 0.000000000000000000e+00 0.000000000000000000e+00 0.000000000000000000e+00
0.000000000000000000e+00 0.000000000000000000e+00 1.231272106666666394e-01 6.578930346666667095e-01 2.188322986666667025e-01 1.474560000000003717e-04 0.000000000000000000e+00 0.000000000000000000e+00 0.000000000000000000e+00 0.000000000000000000e+00 0.000000000000000000e+00
0.000000000000000000e+00 0.000000000000000000e+00 1.218242880853332571e-01 6.573141224106666680e-01 2.206988909226667572e-01 1.626985813333341928e-04 0.000000000000000000e+00 0.000000000000000000e+00 0.000000000000000000e+00 0.000000000000000000e+00 0.000000000000000000e+00
0.000000000000000000e+00 0.000000000000000000e+00 1.205305896959998901e-01 6.567177775786665617e-01 2.225726757546668544e-01 1.789569706666681087e-04 0.000000000000000000e+00 0.000000000000000000e+00 0.000000000000000000e+00 0.000000000000000000e+00 0.000000000000000000e+00
0.000000000000000000e+00 0.000000000000000000e+00 1.192460827306666971e-01 6.561040984746666638e-01 2.244535548586666374e-01 1.962639359999995272e-04 0.000000000000000000e+00 0.000000000000000000e+00 0.000000000000000000e+00 0.000000000000000000e+00 0.000000000000000000e+00
0.000000000000000000e+00 0.000000000000000000e+00 1.179707344213333370e-01 6.554731834026666926e-01 2.263414299306666655e-01 2.146522453333333646e-04 0.000000000000000000e+00 0.000000000000000000e+00 0.000000000000000000e+00 0.000000000000000000e+00 0.000000000000000000e+00
0.000000000000000000e+00 0.000000000000000000e+00 1.167045119999999409e-01 6.548251306666666993e-01 2.282362026666667487e-01 2.341546666666672726e-04 0.000000000000000000e+00 0.000000000000000000e+00 0.000000000000000000e+00 0.000000000000000000e+00 0.000000000000000000e+00
0.000000000000000000e+00 0.000000000000000000e+00 1.154473826986665841e-01 6.541600385706665133e-01 2.301377747626668080e-01 2.548039680000012885e-04 0.000000000000000000e+00 0.000000000000000000e+00 0.000000000000000000e+00 0.000000000000000000e+00 0.000000000000000000e+00
0.000000000000000000e+00 0.000000000000000000e+00 1.141993137493332311e-01 6.534780054186666298e-01 2.320460479146668198e-01 2.766329173333353410e-04 0.000000000000000000e+00 0.000000000000000000e+00 0.000000000000000000e+00 0.000000000000000000e+00 0.000000000000000000e+00
0.000000000000000000e+00 0.000000000000000000e+00 1.129602723840000406e-01 6.527791295146667672e-01 2.339609238186666218e-01 2.996742826666661604e-04 0.000000000000000000e+00 0.000000000000000000e+00 0.000000000000000000e+00 0.000000000000000000e+00 0.000000000000000000e+00
0.000000000000000000e+00 0.000000000000000000e+00 1.117302258346666438e-01 6.520635091626667545e-01 2.358823041706666901e-01 3.239608320000001264e-04 0.000000000000000000e+00 0.000000000000000000e+00 0.000000000000000000e+00 0.000000000000000000e+00 0.000000000000000000e+00
0.000000000000000000e+00 0.000000000000000000e+00 1.105091413333332967e-01 6.513312426666666433e-01 2.378100906666667236e-01 3.495253333333342947e-04 0.000000000000000000e+00 0.000000000000000000e+00 0.000000000000000000e+00 0.000000000000000000e+00 0.000000000000000000e+00
0.000000000000000000e+00 0.000000000000000000e+00 1.092969861119999359e-01 6.505824283306667066e-01 2.397441850026668098e-01 3.764005546666684856e-04 0.000000000000000000e+00 0.000000000000000000e+00 0.000000000000000000e+00 0.000000000000000000e+00 0.000000000000000000e+00
0.000000000000000000e+00 0.000000000000000000e+00 1.080937274026665396e-01 6.498171644586665519e-01 2.416844888746668418e-01 4.046192640000026821e-04 0.000000000000000000e+00 0.000000000000000000e+00 0.000000000000000000e+00 0.000000000000000000e+00 0.000000000000000000e+00
0.000000000000000000e+00 0.000000000000000000e+00 1.068993324373333498e-01 6.490355493546666743e-01 2.436309039786666297e-01 4.342142293333327470e-04 0.000000000000000000e+00 0.000000000000000000e+00 0.000000000000000000e+00 0.000000000000000000e+00 0.000000000000000000e+00
0.000000000000000000e+00 0.000000000000000000e+00 1.057137684479999978e-01 6.482376813226665702e-01 2.455833320106666773e-01 4.652182186666670659e-04 0.000000000000000000e+00 0.000000000000000000e+00 0.000000000000000000e+00 0.000000000000000000e+00 0.000000000000000000e+00
0.000000000000000000e+00 0.000000000000000000e+00 1.045370026666666424e-01 6.474236586666666238e-01 2.475416746666667112e-01 4.976640000000012850e-04 0.000000000000000000e+00 0.000000000000000000e+00 0.000000000000000000e+00 0.000000000000000000e+00 0.000000000000000000e+00
0.000000000000000000e+00 0.000000000000000000e+00 1.033690023253332479e-01 6.465935796906665534e-01 2.495058336426667911e-01 5.315843413333356041e-04 0.000000000000000000e+00 0.000000000000000000e+00 0.000000000000000000e+00 0.000000000000000000e+00 0.000000000000000000e+00
0.000000000000000000e+00 0.000000000000000000e+00 1.022097346559998898e-01 6.457475426986665212e-01 2.514757106346668381e-01 5.670120106666702228e-04 0.000000000000000000e+00 0.000000000000000000e+00 0.000000000000000000e+00 0.000000000000000000e+00 0.000000000000000000e+00
0.000000000000000000e+00 0.000000000000000000e+00 1.010591668906666851e-01 6.448856459946665787e-01 2.534512073386666620e-01 6.039797759999995406e-04 0.000000000000000000e+00 0.000000000000000000e+00 0.000000000000000000e+00 0.000000000000000000e+00 0.000000000000000000e+00
0.000000000000000000e+00 0.000000000000000000e+00 9.991726626133332068e-02 6.440079878826666659e-01 2.554322254506666834e-01 6.425204053333340029e-04 0.000000000000000000e+00 0.000000000000000000e+00 0.000000000000000000e+00 0.000000000000000000e+00 0.000000000000000000e+00
0.000000000000000000e+00 0.000000000000000000e+00 9.878399999999994130e-02 6.431146666666667233e-01 2.574186666666667400e-01 6.826666666666684428e-04 0.000000000000000000e+00 0.000000000000000000e+00 0.000000000000000000e+00 0.000000000000000000e+00 0.000000000000000000e+00
0.000000000000000000e+00 0.000000000000000000e+00 9.765933533866658078e-02 6.422057806506665800e-01 2.594104326826668361e-01 7.244513280000031141e-04 0.000000000000000000e+00 0.000000000000000000e+00 0.000000000000000000e+00 0.000000000000000000e+00 0.000000000000000000e+00
0.000000000000000000e+00 0.000000000000000000e+00 9.654323950933323129e-02 6.412814281386666204e-01 2.614074251946668648e-01 7.679071573333378373e-04 0.000000000000000000e+00 0.000000000000000000e+00 0.000000000000000000e+00 0.000000000000000000e+00 0.000000000000000000e+00
0.000000000000000000e+00 0.000000000000000000e+00 9.543567974400002374e-02 6.403417074346666737e-01 2.634095458986666083e-01 8.130669226666662527e-04 0.000000000000000000e+00 0.000000000000000000e+00 0.000000000000000000e+00 0.000000000000000000e+00 0.000000000000000000e+00
0.000000000000000000e+00 0.000000000000000000e+00 9.433662327466663111e-02 6.393867168426666803e-01 2.654166964906667370e-01 8.599633920000009741e-04 0.000000000000000000e+00 0.000000000000000000e+00 0.000000000000000000e+00 0.000000000000000000e+00 0.000000000000000000e+00
0.000000000000000000e+00 0.000000000000000000e+00 9.324603733333326760e-02 6.384165546666665803e-01 2.674287786666668110e-01 9.086293333333358589e-04 0.000000000000000000e+00 0.000000000000000000e+00 0.000000000000000000e+00 0.000000000000000000e+00 0.000000000000000000e+00
0.000000000000000000e+00 0.000000000000000000e+00 9.216388915199993925e-02 6.374313192106666470e-01 2.694456941226667790e-01 9.590975146666706188e-04 0.000000000000000000e+00 0.000000000000000000e+00 0.000000000000000000e+00 0.000000000000000000e+00 0.000000000000000000e+00
0.000000000000000000e+00 0.000000000000000000e+00 9.109014596266670760e-02 6.364311087786667098e-01 2.714673445546666453e-01 1.011400703999998244e-03 0.000000000000000000e+00 0.000000000000000000e+00 0.000000000000000000e+00 0.000000000000000000e+00 0.000000000000000000e+00
0.000000000000000000e+00 0.000000000000000000e+00 9.002477499733332889e-02 6.354160216746667089e-01 2.734936316586666361e-01 1.065571669333333082e-03 0.000000000000000000e+00 0.000000000000000000e+00 0.000000000000000000e+00 0.000000000000000000e+00 0.000000000000000000e+00
0.000000000000000000e+00 0.000000000000000000e+00 8.896774348799997567e-02 6.343861562026665846e-01 2.755244571306667556e-01 1.121643178666667908e-03 0.000000000000000000e+00 0.000000000000000000e+00 0.000000000000000000e+00 0.000000000000000000e+00 0.000000000000000000e+00
0.000000000000000000e+00 0.000000000000000000e+00 8.791901866666662624e-02 6.333416106666667211e-01 2.775597226666667305e-01 1.179648000000002974e-03 0.000000000000000000e+00 0.000000000000000000e+00 0.000000000000000000e+00 0.000000000000000000e+00 0.000000000000000000e+00
0.000000000000000000e+00 0.000000000000000000e+00 8.687856776533323111e-02 6.322824833706666148e-01 2.795993299626668427e-01 1.239618901333338317e-03 0.000000000000000000e+00 0.000000000000000000e+00 0.000000000000000000e+00 0.000000000000000000e+00 0.000000000000000000e+00
0.000000000000000000e+00 0.000000000000000000e+00 8.584635801600001836e-02 6.312088726186667609e-01 2.816431807146665967e-01 1.301588650666664869e-03 0.000000000000000000e+00 0.000000000000000000e+00 0.000000000000000000e+00 0.000000000000000000e+00 0.000000000000000000e+00
0.000000000000000000e+00 0.000000000000000000e+00 8.482235665066666097e-02 6.301208767146666556e-01 2.836911766186666628e-01 1.365590016000000012e-03 0.000000000000000000e+00 0.000000000000000000e+00 0.000000000000000000e+00 0.000000000000000000e+00 0.000000000000000000e+00
0.000000000000000000e+00 0.000000000000000000e+00 8.380653090133331762e-02 6.290185939626666833e-01 2.857432193706667123e-01 1.431655765333335112e-03 0.000000000000000000e+00 0.000000000000000000e+00 0.000000000000000000e+00 0.000000000000000000e+00 0.000000000000000000e+00
0.000000000000000000e+00 0.000000000000000000e+00 8.279884799999992495e-02 6.279021226666665623e-01 2.877992106666668048e-01 1.499818666666670854e-03 0.000000000000000000e+00 0.000000000000000000e+00 0.000000000000000000e+00 0.000000000000000000e+00 0.000000000000000000e+00
0.000000000000000000e+00 0.000000000000000000e+00 8.179927517866658615e-02 6.267715611306665657e-01 2.898590522026668337e-01 1.570111488000005976e-03 0.000000000000000000e+00 0.000000000000000000e+00 0.000000000000000000e+00 0.000000000000000000e+00 0.000000000000000000e+00
0.000000000000000000e+00 0.000000000000000000e+00 8.080777966933336276e-02 6.256270076586666340e-01 2.919226456746666365e-01 1.642566997333331407e-03 0.000000000000000000e+00 0.000000000000000000e+00 0.000000000000000000e+00 0.000000000000000000e+00 0.000000000000000000e+00
0.000000000000000000e+00 0.000000000000000000e+00 7.982432870400001101e-02 6.244685605546667073e-01 2.939898927786666616e-01 1.717217962666666917e-03 0.000000000000000000e+00 0.000000000000000000e+00 0.000000000000000000e+00 0.000000000000000000e+00 0.000000000000000000e+00
0.000000000000000000e+00 0.000000000000000000e+00 7.884888951466662022e-02 6.232963181226667260e-01 2.960606952106667467e-01 1.794097152000002785e-03 0.000000000000000000e+00 0.000000000000000000e+00 0.000000000000000000e+00 0.000000000000000000e+00 0.000000000000000000e+00
0.000000000000000000e+00 0.000000000000000000e+00 7.788142933333327966e-02 6.221103786666665192e-01 2.981349546666668404e-01 1.873237333333338181e-03 0.000000000000000000e+00 0.000000000000000000e+00 0.000000000000000000e+00 0.000000000000000000e+00 0.000000000000000000e+00
0.000000000000000000e+00 0.000000000000000000e+00 7.692191539199991213e-02 6.209108404906665823e-01 3.002125728426668916e-01 1.954671274666674227e-03 0.000000000000000000e+00 0.000000000000000000e+00 0.000000000000000000e+00 0.000000000000000000e+00 0.000000000000000000e+00
0.000000000000000000e+00 0.000000000000000000e+00 7.597031492266669017e-02 6.196978018986667447e-01 3.022934514346666268e-01 2.038431743999998165e-03 0.000000000000000000e+00 0.000000000000000000e+00 0.000000000000000000e+00 0.000000000000000000e+00 0.000000000000000000e+00
0.000000000000000000e+00 0.000000000000000000e+00 7.502659515733331452e-02 6.184713611946666134e-01 3.043774921386667165e-01 2.124551509333334320e-03 0.000000000000000000e+00 0.000000000000000000e+00 0.000000000000000000e+00 0.000000000000000000e+00 0.000000000000000000e+00
0.000000000000000000e+00 0.000000000000000000e+00 7.409072332799995775e-02 6.172316166826665729e-01 3.064645966506667762e-01 2.213063338666670151e-03 0.000000000000000000e+00 0.000000000000000000e+00 0.000000000000000000e+00 0.000000000000000000e+00 0.000000000000000000e+00
0.000000000000000000e+00 0.000000000000000000e+00 7.316266666666661200e-02 6.159786666666665633e-01 3.085546666666667548e-01 2.304000000000006130e-03 0.000000000000000000e+00 0.000000000000000000e+00 0.000000000000000000e+00 0.000000000000000000e+00 0.000000000000000000e+00
0.000000000000000000e+00 0.000000000000000000e+00 7.224239240533322781e-02 6.147126094506665250e-01 3.106476038826668784e-01 2.397394261333342293e-03 0.000000000000000000e+00 0.000000000000000000e+00 0.000000000000000000e+00 0.000000000000000000e+00 0.000000000000000000e+00
0.000000000000000000e+00 0.000000000000000000e+00 7.132986777599999162e-02 6.134335433386667313e-01 3.127433099946666517e-01 2.493278890666665235e-03 0.000000000000000000e+00 0.000000000000000000e+00 0.000000000000000000e+00 0.000000000000000000e+00 0.000000000000000000e+00
0.000000000000000000e+00 0.000000000000000000e+00 7.042506001066665966e-02 6.121415666346665674e-01 3.148416866986666895e-01 2.591686656000001011e-03 0.000000000000000000e+00 0.000000000000000000e+00 0.000000000000000000e+00 0.000000000000000000e+00 0.000000000000000000e+00
0.000000000000000000e+00 0.000000000000000000e+00 6.952793634133330736e-02 6.108367776426666396e-01 3.169426356906667186e-01 2.692650325333337518e-03 0.000000000000000000e+00 0.000000000000000000e+00 0.000000000000000000e+00 0.000000000000000000e+00 0.000000000000000000e+00
0.000000000000000000e+00 0.000000000000000000e+00 6.863846399999992687e-02 6.095192746666665551e-01 3.190460586666667986e-01 2.796202666666674358e-03 0.000000000000000000e+00 0.000000000000000000e+00 0.000000000000000000e+00 0.000000000000000000e+00 0.000000000000000000e+00
0.000000000000000000e+00 0.000000000000000000e+00 6.775661021866657974e-02 6.081891560106664762e-01 3.211518573226668782e-01 2.902376448000010701e-03 0.000000000000000000e+00 0.000000000000000000e+00 0.000000000000000000e+00 0.000000000000000000e+00 0.000000000000000000e+00
0.000000000000000000e+00 0.000000000000000000e+00 6.688234222933334139e-02 6.068465199786666764e-01 3.232599333546666842e-01 3.011204437333332273e-03 0.000000000000000000e+00 0.000000000000000000e+00 0.000000000000000000e+00 0.000000000000000000e+00 0.000000000000000000e+00
0.000000000000000000e+00 0.000000000000000000e+00 6.601562726399999581e-02 6.054914648746666517e-01 3.253701884586666648e-01 3.122719402666668601e-03 0.000000000000000000e+00 0.000000000000000000e+00 0.000000000000000000e+00 0.000000000000000000e+00 0.000000000000000000e+00
0.000000000000000000e+00 0.000000000000000000e+00 6.515643255466661843e-02 6.041240890026666754e-01 3.274825243306667133e-01 3.236954112000005844e-03 0.000000000000000000e+00 0.000000000000000000e+00 0.000000000000000000e+00 0.000000000000000000e+00 0.000000000000000000e+00
0.000000000000000000e+00 0.000000000000000000e+00 6.430472533333327079e-02 6.027444906666664659e-01 3.295968426666667783e-01 3.353941333333342305e-03 0.000000000000000000e+00 0.000000000000000000e+00 0.000000000000000000e+00 0.000000000000000000e+00 0.000000000000000000e+00
0.000000000000000000e+00 0.000000000000000000e+00 6.346047283200002831e-02 6.013527681706666295e-01 3.317130451626665311e-01 3.473713834666661976e-03 0.000000000000000000e+00 0.000000000000000000e+00 0.000000000000000000e+00 0.000000000000000000e+00 0.000000000000000000e+00
0.000000000000000000e+00 0.000000000000000000e+00 6.262364228266668886e-02 5.999490198186667733e-01 3.338310335146666419e-01 3.596304383999999153e-03 0.000000000000000000e+00 0.000000000000000000e+00 0.000000000000000000e+00 0.000000000000000000e+00 0.000000000000000000e+00
0.000000000000000000e+00 0.000000000000000000e+00 6.179420091733330012e-02 5.985333439146666157e-01 3.359507094186667264e-01 3.721745749333336527e-03 0.000000000000000000e+00 0.000000000000000000e+00 0.000000000000000000e+00 0.000000000000000000e+00 0.000000000000000000e+00
0.000000000000000000e+00 0.000000000000000000e+00 6.097211596799996525e-02 5.971058387626665409e-01 3.380719745706667334e-01 3.850070698666673268e-03 0.000000000000000000e+00 0.000000000000000000e+00 0.000000000000000000e+00 0.000000000000000000e+00 0.000000000000000000e+00
0.000000000000000000e+00 0.000000000000000000e+00 6.015735466666660702e-02 5.956666026666666003e-01 3.401947306666668336e-01 3.981312000000010280e-03 0.000000000000000000e+00 0.000000000000000000e+00 0.000000000000000000e+00 0.000000000000000000e+00 0.000000000000000000e+00
0.000000000000000000e+00 0.000000000000000000e+00 5.934988424533336332e-02 5.942157339306667341e-01 3.423188794026666426e-01 4.115502421333329386e-03 0.000000000000000000e+00 0.000000000000000000e+00 0.000000000000000000e+00 0.000000000000000000e+00 0.000000000000000000e+00
0.000000000000000000e+00 0.000000000000000000e+00 5.854967193599999037e-02 5.927533308586666605e-01 3.444443224746666643e-01 4.252674730666666618e-03 0.000000000000000000e+00 0.000000000000000000e+00 0.000000000000000000e+00 0.000000000000000000e+00 0.000000000000000000e+00
0.000000000000000000e+00 0.000000000000000000e+00 5.775668497066664686e-02 5.912794917546665419e-01 3.465709615786667364e-01 4.392861696000003799e-03 0.000000000000000000e+00 0.000000000000000000e+00 0.000000000000000000e+00 0.000000000000000000e+00 0.000000000000000000e+00
0.000000000000000000e+00 0.000000000000000000e+00 5.697089058133329720e-02 5.897943149226665405e-01 3.486986984106667520e-01 4.536096085333341833e-03 0.000000000000000000e+00 0.000000000000000000e+00 0.000000000000000000e+00 0.000000000000000000e+00 0.000000000000000000e+00
0.000000000000000000e+00 0.000000000000000000e+00 5.619225599999992660e-02 5.882978986666665966e-01 3.508274346666668264e-01 4.682410666666679024e-03 0.000000000000000000e+00 0.000000000000000000e+00 0.000000000000000000e+00 0.000000000000000000e+00 0.000000000000000000e+00
0.000000000000000000e+00 0.000000000000000000e+00 5.542074845866667293e-02 5.867903412906666505e-01 3.529570720426665753e-01 4.831838207999996325e-03 0.000000000000000000e+00 0.000000000000000000e+00 0.000000000000000000e+00 0.000000000000000000e+00 0.000000000000000000e+00
0.000000000000000000e+00 0.000000000000000000e+00 5.465633518933333407e-02 5.852717410986665314e-01 3.550875122346666690e-01 4.984411477333333673e-03 0.000000000000000000e+00 0.000000000000000000e+00 0.000000000000000000e+00 0.000000000000000000e+00 0.000000000000000000e+00
0.000000000000000000e+00 0.000000000000000000e+00 5.389898342399997849e-02 5.837421963946666237e-01 3.572186569386667232e-01 5.140163242666672024e-03 0.000000000000000000e+00 0.000000000000000000e+00 0.000000000000000000e+00 0.000000000000000000e+00 0.000000000000000000e+00
0.000000000000000000e+00 0.000000000000000000e+00 5.314866039466661224e-02 5.822018054826665345e-01 3.593504078506667976e-01 5.299126272000009678e-03 0.000000000000000000e+00 0.000000000000000000e+00 0.000000000000000000e+00 0.000000000000000000e+00 0.000000000000000000e+00
0.000000000000000000e+00 0.000000000000000000e+00 5.240533333333326216e-02 5.806506666666664263e-01 3.614826666666668964e-01 5.461333333333347542e-03 0.000000000000000000e+00 0.000000000000000000e+00 0.000000000000000000e+00 0.000000000000000000e+00 0.000000000000000000e+00
0.000000000000000000e+00 0.000000000000000000e+00 5.166896947200001755e-02 5.790888782506666832e-01 3.636153350826666353e-01 5.626817194666662234e-03 0.000000000000000000e+00 0.000000000000000000e+00 0.000000000000000000e+00 0.000000000000000000e+00 0.000000000000000000e+00
0.000000000000000000e+00 0.000000000000000000e+00 5.093953604266666935e-02 5.775165385386666905e-01 3.657483147946666291e-01 5.795610624000001494e-03 0.000000000000000000e+00 0.000000000000000000e+00 0.000000000000000000e+00 0.000000000000000000e+00 0.000000000000000000e+00
0.000000000000000000e+00 0.000000000000000000e+00 5.021700027733329991e-02 5.759337458346666105e-01 3.678815074986667710e-01 5.967746389333340208e-03 0.000000000000000000e+00 0.000000000000000000e+00 0.000000000000000000e+00 0.000000000000000000e+00 0.000000000000000000e+00
0.000000000000000000e+00 0.000000000000000000e+00 4.950132940799995690e-02 5.743405984426664945e-01 3.700148148906667878e-01 6.143257258666677545e-03 0.000000000000000000e+00 0.000000000000000000e+00 0.000000000000000000e+00 0.000000000000000000e+00 0.000000000000000000e+00
0.000000000000000000e+00 0.000000000000000000e+00 4.879249066666661167e-02 5.727371946666666158e-01 3.721481386666668500e-01 6.322176000000017011e-03 0.000000000000000000e+00 0.000000000000000000e+00 0.000000000000000000e+00 0.000000000000000000e+00 0.000000000000000000e+00
0.000000000000000000e+00 0.000000000000000000e+00 4.809045128533335350e-02 5.711236328106668036e-01 3.742813805226666291e-01 6.504535381333330021e-03 0.000000000000000000e+00 0.000000000000000000e+00 0.000000000000000000e+00 0.000000000000000000e+00 0.000000000000000000e+00
0.000000000000000000e+00 0.000000000000000000e+00 4.739517849599998028e-02 5.695000111786665542e-01 3.764144421546666841e-01 6.690368170666668654e-03 0.000000000000000000e+00 0.000000000000000000e+00 0.000000000000000000e+00 0.000000000000000000e+00 0.000000000000000000e+00
0.000000000000000000e+00 0.000000000000000000e+00 4.670663953066664376e-02 5.678664280746665849e-01 3.785472252586667974e-01 6.879707136000007793e-03 0.000000000000000000e+00 0.000000000000000000e+00 0.000000000000000000e+00 0.000000000000000000e+00 0.000000000000000000e+00
0.000000000000000000e+00 0.000000000000000000e+00 4.602480162133329444e-02 5.662229818026666139e-01 3.806796315306668066e-01 7.072585045333346608e-03 0.000000000000000000e+00 0.000000000000000000e+00 0.000000000000000000e+00 0.000000000000000000e+00 0.000000000000000000e+00
0.000000000000000000e+00 0.000000000000000000e+00 4.534963199999993144e-02 5.645697706666665816e-01 3.828115626666668825e-01 7.269034666666686871e-03 0.000000000000000000e+00 0.000000000000000000e+00 0.000000000000000000e+00 0.000000000000000000e+00 0.000000000000000000e+00
0.000000000000000000e+00 0.000000000000000000e+00 4.468109789866666487e-02 5.629068929706666502e-01 3.849429203626666407e-01 7.469088767999998262e-03 0.000000000000000000e+00 0.000000000000000000e+00 0.000000000000000000e+00 0.000000000000000000e+00 0.000000000000000000e+00
0.000000000000000000e+00 0.000000000000000000e+00 4.401916654933332035e-02 5.612344470186665379e-01 3.870736063146667516e-01 7.672780117333337195e-03 0.000000000000000000e+00 0.000000000000000000e+00 0.000000000000000000e+00 0.000000000000000000e+00 0.000000000000000000e+00
0.000000000000000000e+00 0.000000000000000000e+00 4.336380518399998024e-02 5.595525311146667402e-01 3.892035222186667198e-01 7.880141482666675953e-03 0.000000000000000000e+00 0.000000000000000000e+00 0.000000000000000000e+00 0.000000000000000000e+00 0.000000000000000000e+00
0.000000000000000000e+00 0.000000000000000000e+00 4.271498103466660895e-02 5.578612435626665311e-01 3.913325697706668271e-01 8.091205632000015441e-03 0.000000000000000000e+00 0.000000000000000000e+00 0.000000000000000000e+00 0.000000000000000000e+00 0.000000000000000000e+00
0.000000000000000000e+00 0.000000000000000000e+00 4.207266133333326802e-02 5.561606826666665171e-01 3.934606506666669112e-01 8.306005333333355695e-03 0.000000000000000000e+00 0.000000000000000000e+00 0.000000000000000000e+00 0.000000000000000000e+00 0.000000000000000000e+00
0.000000000000000000e+00 0.000000000000000000e+00 4.143681331200000512e-02 5.544509467306666384e-01 3.955876666026666433e-01 8.524573354666664660e-03 0.000000000000000000e+00 0.000000000000000000e+00 0.000000000000000000e+00 0.000000000000000000e+00 0.000000000000000000e+00
0.000000000000000000e+00 0.000000000000000000e+00 4.080740420266665974e-02 5.527321340586666132e-01 3.977135192746666381e-01 8.746942464000005690e-03 0.000000000000000000e+00 0.000000000000000000e+00 0.000000000000000000e+00 0.000000000000000000e+00 0.000000000000000000e+00
0.000000000000000000e+00 0.000000000000000000e+00 4.018440123733329344e-02 5.510043429546666038e-01 3.998381103786667334e-01 8.973145429333343262e-03 0.000000000000000000e+00 0.000000000000000000e+00 0.000000000000000000e+00 0.000000000000000000e+00 0.000000000000000000e+00
0.000000000000000000e+00 0.000000000000000000e+00 3.956777164799995389e-02 5.492676717226664396e-01 4.019613416106668224e-01 9.203215018666685218e-03 0.000000000000000000e+00 0.000000000000000000e+00 0.000000000000000000e+00 0.000000000000000000e+00 0.000000000000000000e+00
0.000000000000000000e+00 0.000000000000000000e+00 3.895748266666668874e-02 5.475222186666667268e-01 4.040831146666666318e-01 9.437183999999992565e-03 0.000000000000000000e+00 0.000000000000000000e+00 0.000000000000000000e+00 0.000000000000000000e+00 0.000000000000000000e+00
0.000000000000000000e+00 0.000000000000000000e+00 3.835350152533333751e-02 5.457680820906667396e-01 4.062033312426666098e-01 9.675085141333333860e-03 0.000000000000000000e+00 0.000000000000000000e+00 0.000000000000000000e+00 0.000000000000000000e+00 0.000000000000000000e+00
0.000000000000000000e+00 0.000000000000000000e+00 3.775579545599998255e-02 5.440053602986667514e-01 4.083218930346667053e-01 9.916951210666673580e-03 0.000000000000000000e+00 0.000000000000000000e+00 0.000000000000000000e+00 0.000000000000000000e+00 0.000000000000000000e+00
0.000000000000000000e+00 0.000000000000000000e+00 3.716433169066663683e-02 5.422341515946665913e-01 4.104387017386667558e-01 1.016281497600001436e-02 0.000000000000000000e+00 0.000000000000000000e+00 0.000000000000000000e+00 0.000000000000000000e+00 0.000000000000000000e+00
0.000000000000000000e+00 0.000000000000000000e+00 3.657907746133329252e-02 5.404545542826665327e-01 4.125536590506668766e-01 1.041270920533335365e-02 0.000000000000000000e+00 0.000000000000000000e+00 0.000000000000000000e+00 0.000000000000000000e+00 0.000000000000000000e+00
0.000000000000000000e+00 0.000000000000000000e+00 3.600000000000002504e-02 5.386666666666667380e-01 4.146666666666665724e-01 1.066666666666665937e-02 0.000000000000000000e+00 0.000000000000000000e+00 0.000000000000000000e+00 0.000000000000000000e+00 0.000000000000000000e+00
0.000000000000000000e+00 0.000000000000000000e+00 3.542706653866666000e-02 5.368705870506667033e-01 4.167776262826666800e-01 1.092472012800000010e-02 0.000000000000000000e+00 0.000000000000000000e+00 0.000000000000000000e+00 0.000000000000000000e+00 0.000000000000000000e+00
0.000000000000000000e+00 0.000000000000000000e+00 3.486024430933331447e-02 5.350664137386665908e-01 4.188864395946667596e-01 1.118690235733334204e-02 0.000000000000000000e+00 0.000000000000000000e+00 0.000000000000000000e+00 0.000000000000000000e+00 0.000000000000000000e+00
0.000000000000000000e+00 0.000000000000000000e+00 3.429950054399997367e-02 5.332542450346665630e-01 4.209930082986667599e-01 1.145324612266668089e-02 0.000000000000000000e+00 0.000000000000000000e+00 0.000000000000000000e+00 0.000000000000000000e+00 0.000000000000000000e+00
0.000000000000000000e+00 0.000000000000000000e+00 3.374480247466661587e-02 5.314341792426665601e-01 4.230972340906669071e-01 1.172378419200002277e-02 0.000000000000000000e+00 0.000000000000000000e+00 0.000000000000000000e+00 0.000000000000000000e+00 0.000000000000000000e+00
0.000000000000000000e+00 0.000000000000000000e+00 3.319611733333333731e-02 5.296063146666667443e-01 4.251990186666665950e-01 1.199854933333332520e-02 0.000000000000000000e+00 0.000000000000000000e+00 0.000000000000000000e+00 0.000000000000000000e+00 0.000000000000000000e+00
0.000000000000000000e+00 0.000000000000000000e+00 3.265341235199999831e-02 5.277707496106666119e-01 4.272982637226667157e-01 1.227757431466666889e-02 0.000000000000000000e+00 0.000000000000000000e+00 0.000000000000000000e+00 0.000000000000000000e+00 0.000000000000000000e+00
0.000000000000000000e+00 0.000000000000000000e+00 3.211665476266665348e-02 5.259275823786666582e-01 4.293948709546667186e-01 1.256089190400000964e-02 0.000000000000000000e+00 0.000000000000000000e+00 0.000000000000000000e+00 0.000000000000000000e+00 0.000000000000000000e+00
0.000000000000000000e+00 0.000000000000000000e+00 3.158581179733329497e-02 5.240769112746666014e-01 4.314887420586667743e-01 1.284853486933335009e-02 0.000000000000000000e+00 0.000000000000000000e+00 0.000000000000000000e+00 0.000000000000000000e+00 0.000000000000000000e+00
0.000000000000000000e+00 0.000000000000000000e+00 3.106085068799995311e-02 5.222188346026663819e-01 4.335797787306668316e-01 1.314053597866669462e-02 0.000000000000000000e+00 0.000000000000000000e+00 0.000000000000000000e+00 0.000000000000000000e+00 0.000000000000000000e+00
0.000000000000000000e+00 0.000000000000000000e+00 3.054173866666667556e-02 5.203534506666667170e-01 4.356678826666666726e-01 1.343692799999999556e-02 0.000000000000000000e+00 0.000000000000000000e+00 0.000000000000000000e+00 0.000000000000000000e+00 0.000000000000000000e+00
0.000000000000000000e+00 0.000000000000000000e+00 3.002844296533333304e-02 5.184808577706666588e-01 4.377529555626666347e-01 1.373774370133333533e-02 0.000000000000000000e+00 0.000000000000000000e+00 0.000000000000000000e+00 0.000000000000000000e+00 0.000000000000000000e+00
0.000000000000000000e+00 0.000000000000000000e+00 2.952093081599997670e-02 5.166011542186665917e-01 4.398348991146667220e-01 1.404301585066667669e-02 0.000000000000000000e+00 0.000000000000000000e+00 0.000000000000000000e+00 0.000000000000000000e+00 0.000000000000000000e+00
0.000000000000000000e+00 0.000000000000000000e+00 2.901916945066662992e-02 5.147144383146664559e-01 4.419136150186668832e-01 1.435277721600002228e-02 0.000000000000000000e+00 0.000000000000000000e+00 0.000000000000000000e+00 0.000000000000000000e+00 0.000000000000000000e+00
0.000000000000000000e+00 0.000000000000000000e+00 2.852312610133328832e-02 5.128208083626665248e-01 4.439890049706668451e-01 1.466706056533336432e-02 0.000000000000000000e+00 0.000000000000000000e+00 0.000000000000000000e+00 0.000000000000000000e+00 0.000000000000000000e+00
0.000000000000000000e+00 0.000000000000000000e+00 2.803276800000000998e-02 5.109203626666667386e-01 4.460609706666666119e-01 1.498589866666666208e-02 0.000000000000000000e+00 0.000000000000000000e+00 0.000000000000000000e+00 0.000000000000000000e+00 0.000000000000000000e+00
0.000000000000000000e+00 0.000000000000000000e+00 2.754806237866665522e-02 5.090131995306667045e-01 4.481294138026667428e-01 1.530932428800000321e-02 0.000000000000000000e+00 0.000000000000000000e+00 0.000000000000000000e+00 0.000000000000000000e+00 0.000000000000000000e+00
0.000000000000000000e+00 0.000000000000000000e+00 2.706897646933331333e-02 5.070994172586664739e-01 4.501942360746667426e-01 1.563737019733334871e-02 0.000000000000000000e+00 0.000000000000000000e+00 0.000000000000000000e+00 0.000000000000000000e+00 0.000000000000000000e+00
0.000000000000000000e+00 0.000000000000000000e+00 2.659547750399997301e-02 5.051791141546665420e-01 4.522553391786667820e-01 1.597006916266668908e-02 0.000000000000000000e+00 0.000000000000000000e+00 0.000000000000000000e+00 0.000000000000000000e+00 0.000000000000000000e+00
0.000000000000000000e+00 0.000000000000000000e+00 2.612753271466661600e-02 5.032523885226665161e-01 4.543126248106669207e-01 1.630745395200003389e-02 0.000000000000000000e+00 0.000000000000000000e+00 0.000000000000000000e+00 0.000000000000000000e+00 0.000000000000000000e+00
0.000000000000000000e+00 0.000000000000000000e+00 2.566510933333333508e-02 5.013193386666667806e-01 4.563659946666666078e-01 1.664955733333332855e-02 0.000000000000000000e+00 0.000000000000000000e+00 0.000000000000000000e+00 0.000000000000000000e+00 0.000000000000000000e+00
0.000000000000000000e+00 0.000000000000000000e+00 2.520817459199999055e-02 4.993800628906665540e-01 4.584153504426666803e-01 1.699641207466667456e-02 0.000000000000000000e+00 0.000000000000000000e+00 0.000000000000000000e+00 0.000000000000000000e+00 0.000000000000000000e+00
0.000000000000000000e+00 0.000000000000000000e+00 2.475669572266665439e-02 4.974346594986666092e-01 4.604605938346666982e-01 1.734805094400001732e-02 0.000000000000000000e+00 0.000000000000000000e+00 0.000000000000000000e+00 0.000000000000000000e+00 0.000000000000000000e+00
0.000000000000000000e+00 0.000000000000000000e+00 2.431063995733329444e-02 4.954832267946665536e-01 4.625016265386668324e-01 1.770450670933336121e-02 0.000000000000000000e+00 0.000000000000000000e+00 0.000000000000000000e+00 0.000000000000000000e+00 0.000000000000000000e+00
0.000000000000000000e+00 0.000000000000000000e+00 2.386997452799995145e-02 4.935258630826663828e-01 4.645383502506669204e-01 1.806581213866670713e-02 0.000000000000000000e+00 0.000000000000000000e+00 0.000000000000000000e+00 0.000000000000000000e+00 0.000000000000000000e+00
0.000000000000000000e+00 0.000000000000000000e+00 2.343466666666666962e-02 4.915626666666666478e-01 4.665706666666666891e-01 1.843200000000000047e-02 0.000000000000000000e+00 0.000000000000000000e+00 0.000000000000000000e+00 0.000000000000000000e+00 0.000000000000000000e+00
0.000000000000000000e+00 0.000000000000000000e+00 2.300468360533332660e-02 4.895937358506666781e-01 4.685984774826666976e-01 1.880310306133334275e-02 0.000000000000000000e+00 0.000000000000000000e+00 0.000000000000000000e+00 0.000000000000000000e+00 0.000000000000000000e+00
0.000000000000000000e+00 0.000000000000000000e+00 2.257999257599997353e-02 4.876191689386665806e-01 4.706216843946667838e-01 1.917915409066668284e-02 0.000000000000000000e+00 0.000000000000000000e+00 0.000000000000000000e+00 0.000000000000000000e+00 0.000000000000000000e+00
0.000000000000000000e+00 0.000000000000000000e+00 2.216056081066663033e-02 4.856390642346664621e-01 4.726401890986668408e-01 1.956018585600003204e-02 0.000000000000000000e+00 0.000000000000000000e+00 0.000000000000000000e+00 0.000000000000000000e+00 0.000000000000000000e+00
0.000000000000000000e+00 0.000000000000000000e+00 2.174635554133334814e-02 4.836535200426666514e-01 4.746538932906665953e-01 1.994623112533332188e-02 0.000000000000000000e+00 0.000000000000000000e+00 0.000000000000000000e+00 0.000000000000000000e+00 0.000000000000000000e+00
0.000000000000000000e+00 0.000000000000000000e+00 2.133734400000000808e-02 4.816626346666667002e-01 4.766626986666666621e-01 2.033732266666666427e-02 0.000000000000000000e+00 0.000000000000000000e+00 0.000000000000000000e+00 0.000000000000000000e+00 0.000000000000000000e+00
0.000000000000000000e+00 0.000000000000000000e+00 2.093349341866665089e-02 4.796665064106666598e-01 4.786665069226667124e-01 2.073349324800000809e-02 0.000000000000000000e+00 0.000000000000000000e+00 0.000000000000000000e+00 0.000000000000000000e+00 0.000000000000000000e+00
0.000000000000000000e+00 0.000000000000000000e+00 2.053477102933331036e-02 4.776652335786666370e-01 4.806652197546667504e-01 2.113477563733335771e-02 0.000000000000000000e+00 0.000000000000000000e+00 0.000000000000000000e+00 0.000000000000000000e+00 0.000000000000000000e+00
0.000000000000000000e+00 0.000000000000000000e+00 2.014114406399997170e-02 4.756589144746664610e-01 4.826587388586668359e-01 2.154120260266670014e-02 0.000000000000000000e+00 0.000000000000000000e+00 0.000000000000000000e+00 0.000000000000000000e+00 0.000000000000000000e+00
0.000000000000000000e+00 0.000000000000000000e+00 1.975257975466668259e-02 4.736476474026667383e-01 4.846469659306665845e-01 2.195280691199998774e-02 0.000000000000000000e+00 0.000000000000000000e+00 0.000000000000000000e+00 0.000000000000000000e+00 0.000000000000000000e+00
0.000000000000000000e+00 0.000000000000000000e+00 1.936904533333332762e-02 4.716315306666666318e-01 4.866298026666666665e-01 2.236962133333333241e-02 0.000000000000000000e+00 0.000000000000000000e+00 0.000000000000000000e+00 0.000000000000000000e+00 0.000000000000000000e+00
0.000000000000000000e+00 0.000000000000000000e+00 1.899050803199998916e-02 4.696106625706666371e-01 4.886071507626666977e-01 2.279167863466668303e-02 0.000000000000000000e+00 0.000000000000000000e+00 0.000000000000000000e+00 0.000000000000000000e+00 0.000000000000000000e+00
0.000000000000000000e+00 0.000000000000000000e+00 1.861693508266664895e-02 4.675851414186665278e-01 4.905789119146667931e-01 2.321901158400002316e-02 0.000000000000000000e+00 0.000000000000000000e+00 0.000000000000000000e+00 0.000000000000000000e+00 0.000000000000000000e+00
0.000000000000000000e+00 0.000000000000000000e+00 1.824829371733329569e-02 4.655550655146665218e-01 4.925449878186668462e-01 2.365165294933337103e-02 0.000000000000000000e+00 0.000000000000000000e+00 0.000000000000000000e+00 0.000000000000000000e+00 0.000000000000000000e+00
0.000000000000000000e+00 0.000000000000000000e+00 1.788455116800000133e-02 4.635205331626666703e-01 4.945052801706666390e-01 2.408963549866665818e-02 0.000000000000000000e+00 0.000000000000000000e+00 0.000000000000000000e+00 0.000000000000000000e+00 0.000000000000000000e+00
0.000000000000000000e+00 0.000000000000000000e+00 1.752567466666666435e-02 4.614816426666666915e-01 4.964596906666666198e-01 2.453299200000000693e-02 0.000000000000000000e+00 0.000000000000000000e+00 0.000000000000000000e+00 0.000000000000000000e+00 0.000000000000000000e+00
0.000000000000000000e+00 0.000000000000000000e+00 1.717163144533332547e-02 4.594384923306665813e-01 4.984081210026667930e-01 2.498175522133334880e-02 0.000000000000000000e+00 0.000000000000000000e+00 0.000000000000000000e+00 0.000000000000000000e+00 0.000000000000000000e+00
0.000000000000000000e+00 0.000000000000000000e+00 1.682238873599997339e-02 4.573911804586665575e-01 5.003504728746668295e-01 2.543595793066669511e-02 0.000000000000000000e+00 0.000000000000000000e+00 0.000000000000000000e+00 0.000000000000000000e+00 0.000000000000000000e+00
0.000000000000000000e+00 0.000000000000000000e+00 1.647791377066663496e-02 4.553398053546665047e-01 5.022866479786667337e-01 2.589563289600004675e-02 0.000000000000000000e+00 0.000000000000000000e+00 0.000000000000000000e+00 0.000000000000000000e+00 0.000000000000000000e+00
0.000000000000000000e+00 0.000000000000000000e+00 1.613817378133334049e-02 4.532844653226667520e-01 5.042165480106666209e-01 2.636081288533332831e-02 0.000000000000000000e+00 0.000000000000000000e+00 0.000000000000000000e+00 0.000000000000000000e+00 0.000000000000000000e+00
0.000000000000000000e+00 0.000000000000000000e+00 1.580313599999999888e-02 4.512252586666666287e-01 5.061400746666666617e-01 2.683153066666667252e-02 0.000000000000000000e+00 0.000000000000000000e+00 0.000000000000000000e+00 0.000000000000000000e+00 0.000000000000000000e+00
0.000000000000000000e+00 0.000000000000000000e+00 1.547276765866664912e-02 4.491622836906666305e-01 5.080571296426668049e-01 2.730781900800002132e-02 0.000000000000000000e+00 0.000000000000000000e+00 0.000000000000000000e+00 0.000000000000000000e+00 0.000000000000000000e+00
0.000000000000000000e+00 0.000000000000000000e+00 1.514703598933330939e-02 4.470956386986665310e-01 5.099676146346667771e-01 2.778971067733336867e-02 0.000000000000000000e+00 0.000000000000000000e+00 0.000000000000000000e+00 0.000000000000000000e+00 0.000000000000000000e+00
0.000000000000000000e+00 0.000000000000000000e+00 1.482590822399997184e-02 4.450254219946664369e-01 5.118714313386668602e-01 2.827723844266671546e-02 0.000000000000000000e+00 0.000000000000000000e+00 0.000000000000000000e+00 0.000000000000000000e+00 0.000000000000000000e+00
0.000000000000000000e+00 0.000000000000000000e+00 1.450935159466667373e-02 4.429517318826666217e-01 5.137684814506666697e-01 2.877043507199999323e-02 0.000000000000000000e+00 0.000000000000000000e+00 0.000000000000000000e+00 0.000000000000000000e+00 0.000000000000000000e+00
0.000000000000000000e+00 0.000000000000000000e+00 1.419733333333332570e-02 4.408746666666666369e-01 5.156586666666667096e-01 2.926933333333333817e-02 0.000000000000000000e+00 0.000000000000000000e+00 0.000000000000000000e+00 0.000000000000000000e+00 0.000000000000000000e+00
0.000000000000000000e+00 0.000000000000000000e+00 1.388982067199998581e-02 4.387943246506665895e-01 5.175418886826667064e-01 2.977396599466669222e-02 0.000000000000000000e+00 0.000000000000000000e+00 0.000000000000000000e+00 0.000000000000000000e+00 0.000000000000000000e+00
0.000000000000000000e+00 0.000000000000000000e+00 1.358678084266664969e-02 4.367108041386665307e-01 5.194180491946668310e-01 3.028436582400003546e-02 0.000000000000000000e+00 0.000000000000000000e+00 0.000000000000000000e+00 0.000000000000000000e+00 0.000000000000000000e+00
0.000000000000000000e+00 0.000000000000000000e+00 1.328818107733329909e-02 4.346242034346664562e-01 5.212870498986668100e-01 3.080056558933338615e-02 0.000000000000000000e+00 0.000000000000000000e+00 0.000000000000000000e+00 0.000000000000000000e+00 0.000000000000000000e+00
0.000000000000000000e+00 0.000000000000000000e+00 1.299398860799999902e-02 4.325346208426666950e-01 5.231487924906667031e-01 3.132259805866666191e-02 0.000000000000000000e+00 0.000000000000000000e+00 0.000000000000000000e+00 0.000000000000000000e+00 0.000000000000000000e+00
0.000000000000000000e+00 0.000000000000000000e+00 1.270417066666666012e-02 4.304421546666666876e-01 5.250031786666666811e-01 3.185049600000001285e-02 0.000000000000000000e+00 0.000000000000000000e+00 0.000000000000000000e+00 0.000000000000000000e+00 0.000000000000000000e+00
0.000000000000000000e+00 0.000000000000000000e+00 1.241869448533332310e-02 4.283469032106665408e-01 5.268501101226668037e-01 3.238429218133336007e-02 0.000000000000000000e+00 0.000000000000000000e+00 0.000000000000000000e+00 0.000000000000000000e+00 0.000000000000000000e+00
0.000000000000000000e+00 0.000000000000000000e+00 1.213752729599997492e-02 4.262489647786664726e-01 5.286894885546667977e-01 3.292401937066670448e-02 0.000000000000000000e+00 0.000000000000000000e+00 0.000000000000000000e+00 0.000000000000000000e+00 0.000000000000000000e+00
0.000000000000000000e+00 0.000000000000000000e+00 1.186063633066663722e-02 4.241484376746664786e-01 5.305212156586668337e-01 3.346971033600006085e-02 0.000000000000000000e+00 0.000000000000000000e+00 0.000000000000000000e+00 0.000000000000000000e+00 0.000000000000000000e+00
0.000000000000000000e+00 0.000000000000000000e+00 1.158798882133333340e-02 4.220454202026667212e-01 5.323451931306666385e-01 3.402139784533333294e-02 0.000000000000000000e+00 0.000000000000000000e+00 0.000000000000000000e+00 0.000000000000000000e+00 0.000000000000000000e+00
0.000000000000000000e+00 0.000000000000000000e+00 1.131955199999999662e-02 4.199400106666665855e-01 5.341613226666667158e-01 3.457911466666668127e-02 0.000000000000000000e+00 0.000000000000000000e+00 0.000000000000000000e+00 0.000000000000000000e+00 0.000000000000000000e+00
0.000000000000000000e+00 0.000000000000000000e+00 1.105529309866664853e-02 4.178323073706665669e-01 5.359695059626667923e-01 3.514289356800003039e-02 0.000000000000000000e+00 0.000000000000000000e+00 0.000000000000000000e+00 0.000000000000000000e+00 0.000000000000000000e+00
0.000000000000000000e+00 0.000000000000000000e+00 1.079517934933331251e-02 4.157224086186665502e-01 5.377696447146668168e-01 3.571276731733338122e-02 0.000000000000000000e+00 0.000000000000000000e+00 0.000000000000000000e+00 0.000000000000000000e+00 0.000000000000000000e+00
0.000000000000000000e+00 0.000000000000000000e+00 1.053917798400000674e-02 4.136104127146667531e-01 5.395616406186666270e-01 3.628876868266665140e-02 0.000000000000000000e+00 0.000000000000000000e+00 0.000000000000000000e+00 0.000000000000000000e+00 0.000000000000000000e+00
0.000000000000000000e+00 0.000000000000000000e+00 1.028725623466666961e-02 4.114964179626666163e-01 5.413453953706666155e-01 3.687093043200000142e-02 0.000000000000000000e+00 0.000000000000000000e+00 0.000000000000000000e+00 0.000000000000000000e+00 0.000000000000000000e+00
0.000000000000000000e+00 0.000000000000000000e+00 1.003938133333332275e-02 4.093805226666666353e-01 5.431208106666667312e-01 3.745928533333334892e-02 0.000000000000000000e+00 0.000000000000000000e+00 0.000000000000000000e+00 0.000000000000000000e+00 0.000000000000000000e+00
0.000000000000000000e+00 0.000000000000000000e+00 9.795520511999986080e-03 4.072628251306665836e-01 5.448877882026667008e-01 3.805386615466670869e-02 0.000000000000000000e+00 0.000000000000000000e+00 0.000000000000000000e+00 0.000000000000000000e+00 0.000000000000000000e+00
0.000000000000000000e+00 0.000000000000000000e+00 9.555641002666650022e-03 4.051434236586664572e-01 5.466462296746668059e-01 3.865470566400005387e-02 0.000000000000000000e+00 0.000000000000000000e+00 0.000000000000000000e+00 0.000000000000000000e+00 0.000000000000000000e+00
0.000000000000000000e+00 0.000000000000000000e+00 9.319710037333341426e-03 4.030224165546666959e-01 5.483960367786666623e-01 3.926183662933331597e-02 0.000000000000000000e+00 0.000000000000000000e+00 0.000000000000000000e+00 0.000000000000000000e+00 0.000000000000000000e+00
0.000000000000000000e+00 0.000000000000000000e+00 9.087694847999996939e-03 4.008999021226666848e-01 5.501371112106666628e-01 3.987529181866666939e-02 0.000000000000000000e+00 0.000000000000000000e+00 0.000000000000000000e+00 0.000000000000000000e+00 0.000000000000000000e+00
0.000000000000000000e+00 0.000000000000000000e+00 8.859562666666659023e-03 3.987759786666666417e-01 5.518693546666666450e-01 4.049510400000001786e-02 0.000000000000000000e+00 0.000000000000000000e+00 0.000000000000000000e+00 0.000000000000000000e+00 0.000000000000000000e+00
0.000000000000000000e+00 0.000000000000000000e+00 8.635280725333321569e-03 3.966507444906665070e-01 5.535926688426667797e-01 4.112130594133337619e-02 0.000000000000000000e+00 0.000000000000000000e+00 0.000000000000000000e+00 0.000000000000000000e+00 0.000000000000000000e+00
0.000000000000000000e+00 0.000000000000000000e+00 8.414816255999976735e-03 3.945242978986664983e-01 5.553069554346669046e-01 4.175393041066672445e-02 0.000000000000000000e+00 0.000000000000000000e+00 0.000000000000000000e+00 0.000000000000000000e+00 0.000000000000000000e+00
0.000000000000000000e+00 0.000000000000000000e+00 8.198136490666668719e-03 3.923967371946666671e-01 5.570121161386666353e-01 4.239301017599998722e-02 0.000000000000000000e+00 0.000000000000000000e+00 0.000000000000000000e+00 0.000000000000000000e+00 0.000000000000000000e+00
0.000000000000000000e+00 0.000000000000000000e+00 7.985208661333332431e-03 3.902681606826666760e-01 5.587080526506666978e-01 4.303857800533333888e-02 0.000000000000000000e+00 0.000000000000000000e+00 0.000000000000000000e+00 0.000000000000000000e+00 0.000000000000000000e+00
0.000000000000000000e+00 0.000000000000000000e+00 7.775999999999994722e-03 3.881386666666665208e-01 5.603946666666668186e-01 4.369066666666669707e-02 0.000000000000000000e+00 0.000000000000000000e+00 0.000000000000000000e+00 0.000000000000000000e+00 0.000000000000000000e+00
0.000000000000000000e+00 0.000000000000000000e+00 7.570477738666650351e-03 3.860083534506665304e-01 5.620718598826668355e-01 4.434930892800004187e-02 0.000000000000000000e+00 0.000000000000000000e+00 0.000000000000000000e+00 0.000000000000000000e+00 0.000000000000000000e+00
0.000000000000000000e+00 0.000000000000000000e+00 7.368609109333314026e-03 3.838773193386665339e-01 5.637395339946668082e-01 4.501453755733340195e-02 0.000000000000000000e+00 0.000000000000000000e+00 0.000000000000000000e+00 0.000000000000000000e+00 0.000000000000000000e+00
0.000000000000000000e+00 0.000000000000000000e+00 7.170361344000002191e-03 3.817456626346666937e-01 5.653975906986665745e-01 4.568638532266666025e-02 0.000000000000000000e+00 0.000000000000000000e+00 0.000000000000000000e+00 0.000000000000000000e+00 0.000000000000000000e+00
0.000000000000000000e+00 0.000000000000000000e+00 6.975701674666665367e-03 3.796134816426666170e-01 5.670459316906667491e-01 4.636488499200001195e-02 0.000000000000000000e+00 0.000000000000000000e+00 0.000000000000000000e+00 0.000000000000000000e+00 0.000000000000000000e+00
0.000000000000000000e+00 0.000000000000000000e+00 6.784597333333322600e-03 3.774808746666665771e-01 5.686844586666667256e-01 4.705006933333336083e-02 0.000000000000000000e+00 0.000000000000000000e+00 0.000000000000000000e+00 0.000000000000000000e+00 0.000000000000000000e+00
0.000000000000000000e+00 0.000000000000000000e+00 6.597015551999986863e-03 3.753479400106665143e-01 5.703130733226667859e-01 4.774197111466672167e-02 0.000000000000000000e+00 0.000000000000000000e+00 0.000000000000000000e+00 0.000000000000000000e+00 0.000000000000000000e+00
0.000000000000000000e+00 0.000000000000000000e+00 6.412923562666650312e-03 3.732147759786664243e-01 5.719316773546667676e-01 4.844062310400006760e-02 0.000000000000000000e+00 0.000000000000000000e+00 0.000000000000000000e+00 0.000000000000000000e+00 0.000000000000000000e+00
0.000000000000000000e+00 0.000000000000000000e+00 6.232288597333337198e-03 3.710814808746666915e-01 5.735401724586666194e-01 4.914605806933333015e-02 0.000000000000000000e+00 0.000000000000000000e+00 0.000000000000000000e+00 0.000000000000000000e+00 0.000000000000000000e+00
0.000000000000000000e+00 0.000000000000000000e+00 6.055077887999994572e-03 3.689481530026666456e-01 5.751384603306667342e-01 4.985830877866667676e-02 0.000000000000000000e+00 0.000000000000000000e+00 0.000000000000000000e+00 0.000000000000000000e+00 0.000000000000000000e+00
0.000000000000000000e+00 0.000000000000000000e+00 5.881258666666658828e-03 3.668148906666665598e-01 5.767264426666667276e-01 5.057740800000003895e-02 0.000000000000000000e+00 0.000000000000000000e+00 0.000000000000000000e+00 0.000000000000000000e+00 0.000000000000000000e+00
0.000000000000000000e+00 0.000000000000000000e+00 5.710798165333322990e-03 3.646817921706664856e-01 5.783040211626667704e-01 5.130338850133338985e-02 0.000000000000000000e+00 0.000000000000000000e+00 0.000000000000000000e+00 0.000000000000000000e+00 0.000000000000000000e+00
0.000000000000000000e+00 0.000000000000000000e+00 5.543663615999980081e-03 3.625489558186664185e-01 5.798710975146668112e-01 5.203628305066674425e-02 0.000000000000000000e+00 0.000000000000000000e+00 0.000000000000000000e+00 0.000000000000000000e+00 0.000000000000000000e+00
0.000000000000000000e+00 0.000000000000000000e+00 5.379822250666665626e-03 3.604164799146666320e-01 5.814275734186666877e-01 5.277612441599999205e-02 0.000000000000000000e+00 0.000000000000000000e+00 0.000000000000000000e+00 0.000000000000000000e+00 0.000000000000000000e+00
0.000000000000000000e+00 0.000000000000000000e+00 5.219241301333329280e-03 3.582844627626666223e-01 5.829733505706666818e-01 5.352294536533334923e-02 0.000000000000000000e+00 0.000000000000000000e+00 0.000000000000000000e+00 0.000000000000000000e+00 0.000000000000000000e+00
0.000000000000000000e+00 0.000000000000000000e+00 5.061887999999993559e-03 3.561530026666664961e-01 5.845083306666667422e-01 5.427677866666670570e-02 0.000000000000000000e+00 0.000000000000000000e+00 0.000000000000000000e+00 0.000000000000000000e+00 0.000000000000000000e+00
0.000000000000000000e+00 0.000000000000000000e+00 4.907729578666652354e-03 3.540221979306665268e-01 5.860324154026668175e-01 5.503765708800006234e-02 0.000000000000000000e+00 0.000000000000000000e+00 0.000000000000000000e+00 0.000000000000000000e+00 0.000000000000000000e+00
0.000000000000000000e+00 0.000000000000000000e+00 4.756733269333316902e-03 3.518921468586664325e-01 5.875455064746668565e-01 5.580561339733342008e-02 0.000000000000000000e+00 0.000000000000000000e+00 0.000000000000000000e+00 0.000000000000000000e+00 0.000000000000000000e+00
0.000000000000000000e+00 0.000000000000000000e+00 4.608866304000000177e-03 3.497629477546666532e-01 5.890475055786665859e-01 5.658068036266666878e-02 0.000000000000000000e+00 0.000000000000000000e+00 0.000000000000000000e+00 0.000000000000000000e+00 0.000000000000000000e+00
0.000000000000000000e+00 0.000000000000000000e+00 4.464095914666663979e-03 3.476346989226665740e-01 5.905383144106667315e-01 5.736289075200001752e-02 0.000000000000000000e+00 0.000000000000000000e+00 0.000000000000000000e+00 0.000000000000000000e+00 0.000000000000000000e+00
0.000000000000000000e+00 0.000000000000000000e+00 4.322389333333323883e-03 3.455074986666665238e-01 5.920178346666667979e-01 5.815227733333337701e-02 0.000000000000000000e+00 0.000000000000000000e+00 0.000000000000000000e+00 0.000000000000000000e+00 0.000000000000000000e+00
0.000000000000000000e+00 0.000000000000000000e+00 4.183713791999988524e-03 3.433814452906664982e-01 5.934859680426667339e-01 5.894887287466674120e-02 0.000000000000000000e+00 0.000000000000000000e+00 0.000000000000000000e+00 0.000000000000000000e+00 0.000000000000000000e+00
0.000000000000000000e+00 0.000000000000000000e+00 4.048036522666670009e-03 3.412566370986667708e-01 5.949426162346665992e-01 5.975271014399998609e-02 0.000000000000000000e+00 0.000000000000000000e+00 0.000000000000000000e+00 0.000000000000000000e+00 0.000000000000000000e+00
0.000000000000000000e+00 0.000000000000000000e+00 3.915324757333334474e-03 3.391331723946666155e-01 5.963876809386666755e-01 6.056382190933334159e-02 0.000000000000000000e+00 0.000000000000000000e+00 0.000000000000000000e+00 0.000000000000000000e+00 0.000000000000000000e+00
0.000000000000000000e+00 0.000000000000000000e+00 3.785545727999994024e-03 3.370111494826665832e-01 5.978210638506666896e-01 6.138224093866669756e-02 0.000000000000000000e+00 0.000000000000000000e+00 0.000000000000000000e+00 0.000000000000000000e+00 0.000000000000000000e+00
0.000000000000000000e+00 0.000000000000000000e+00 3.658666666666658598e-03 3.348906666666665588e-01 5.992426666666667012e-01 6.220800000000005492e-02 0.000000000000000000e+00 0.000000000000000000e+00 0.000000000000000000e+00 0.000000000000000000e+00 0.000000000000000000e+00
0.000000000000000000e+00 0.000000000000000000e+00 3.534654805333323387e-03 3.327718222506664270e-01 6.006523910826668811e-01 6.304113186133340763e-02 0.000000000000000000e+00 0.000000000000000000e+00 0.000000000000000000e+00 0.000000000000000000e+00 0.000000000000000000e+00
0.000000000000000000e+00 0.000000000000000000e+00 3.413477376000003966e-03 3.306547145386666831e-01 6.020501387946666227e-01 6.388166929066665944e-02 0.000000000000000000e+00 0.000000000000000000e+00 0.000000000000000000e+00 0.000000000000000000e+00 0.000000000000000000e+00
0.000000000000000000e+00 0.000000000000000000e+00 3.295101610666664304e-03 3.285394418346666567e-01 6.034358114986666521e-01 6.472964505599999863e-02 0.000000000000000000e+00 0.000000000000000000e+00 0.000000000000000000e+00 0.000000000000000000e+00 0.000000000000000000e+00
0.000000000000000000e+00 0.000000000000000000e+00 3.179494741333329082e-03 3.264261024426666213e-01 6.048093108906666959e-01 6.558509192533337750e-02 0.000000000000000000e+00 0.000000000000000000e+00 0.000000000000000000e+00 0.000000000000000000e+00 0.000000000000000000e+00
0.000000000000000000e+00 0.000000000000000000e+00 3.066623999999993494e-03 3.243147946666664616e-01 6.061705386666668138e-01 6.644804266666672066e-02 0.000000000000000000e+00 0.000000000000000000e+00 0.000000000000000000e+00 0.000000000000000000e+00 0.000000000000000000e+00
0.000000000000000000e+00 0.000000000000000000e+00 2.956456618666654899e-03 3.222056168106664509e-01 6.075193965226668436e-01 6.731853004800007756e-02 0.000000000000000000e+00 0.000000000000000000e+00 0.000000000000000000e+00 0.000000000000000000e+00 0.000000000000000000e+00
0.000000000000000000e+00 0.000000000000000000e+00 2.848959829333334078e-03 3.200986671786666959e-01 6.088557861546666228e-01 6.819658683733331728e-02 0.000000000000000000e+00 0.000000000000000000e+00 0.000000000000000000e+00 0.000000000000000000e+00 0.000000000000000000e+00
0.000000000000000000e+00 0.000000000000000000e+00 2.744100863999998467e-03 3.179940440746666375e-01 6.101796092586666553e-01 6.908224580266668358e-02 0.000000000000000000e+00 0.000000000000000000e+00 0.000000000000000000e+00 0.000000000000000000e+00 0.000000000000000000e+00
0.000000000000000000e+00 0.000000000000000000e+00 2.641846954666664075e-03 3.158918458026665488e-01 6.114907675306666679e-01 6.997553971200004552e-02 0.000000000000000000e+00 0.000000000000000000e+00 0.000000000000000000e+00 0.000000000000000000e+00 0.000000000000000000e+00
0.000000000000000000e+00 0.000000000000000000e+00 2.542165333333325228e-03 3.137921706666664812e-01 6.127891626666667202e-01 7.087650133333339708e-02 0.000000000000000000e+00 0.000000000000000000e+00 0.000000000000000000e+00 0.000000000000000000e+00 0.000000000000000000e+00
0.000000000000000000e+00 0.000000000000000000e+00 2.445023231999990561e-03 3.116951169706664859e-01 6.140746963626668720e-01 7.178516343466674610e-02 0.000000000000000000e+00 0.000000000000000000e+00 0.000000000000000000e+00 0.000000000000000000e+00 0.000000000000000000e+00
0.000000000000000000e+00 0.000000000000000000e+00 2.350387882666667844e-03 3.096007830186667253e-01 6.153472703146666278e-01 7.270155878399998939e-02 0.000000000000000000e+00 0.000000000000000000e+00 0.000000000000000000e+00 0.000000000000000000e+00 0.000000000000000000e+00
0.000000000000000000e+00 0.000000000000000000e+00 2.258226517333332753e-03 3.075092671146666401e-01 6.166067862186667137e-01 7.362572014933334297e-02 0.000000000000000000e+00 0.000000000000000000e+00 0.000000000000000000e+00 0.000000000000000000e+00 0.000000000000000000e+00
0.000000000000000000e+00 0.000000000000000000e+00 2.168506367999994792e-03 3.054206675626665590e-01 6.178531457706666341e-01 7.455768029866671753e-02 0.000000000000000000e+00 0.000000000000000000e+00 0.000000000000000000e+00 0.000000000000000000e+00 0.000000000000000000e+00
0.000000000000000000e+00 0.000000000000000000e+00 2.081194666666660430e-03 3.033350826666665334e-01 6.190862506666667819e-01 7.549747200000006542e-02 0.000000000000000000e+00 0.000000000000000000e+00 0.000000000000000000e+00 0.000000000000000000e+00 0.000000000000000000e+00
0.000000000000000000e+00 0.000000000000000000e+00 1.996258645333325726e-03 3.012526107306664480e-01 6.203060026026667728e-01 7.644512802133343610e-02 0.000000000000000000e+00 0.000000000000000000e+00 0.000000000000000000e+00 0.000000000000000000e+00 0.000000000000000000e+00
0.000000000000000000e+00 0.000000000000000000e+00 1.913665536000001485e-03 2.991733500586666317e-01 6.215123032746666665e-01 7.740068113066667088e-02 0.000000000000000000e+00 0.000000000000000000e+00 0.000000000000000000e+00 0.000000000000000000e+00 0.000000000000000000e+00
0.000000000000000000e+00 0.000000000000000000e+00 1.833382570666664251e-03 2.970973989546666361e-01 6.227050543786666337e-01 7.836416409600002742e-02 0.000000000000000000e+00 0.000000000000000000e+00 0.000000000000000000e+00 0.000000000000000000e+00 0.000000000000000000e+00
0.000000000000000000e+00 0.000000000000000000e+00 1.755376981333329383e-03 2.950248557226665680e-01 6.238841576106666231e-01 7.933560968533338864e-02 0.000000000000000000e+00 0.000000000000000000e+00 0.000000000000000000e+00 0.000000000000000000e+00 0.000000000000000000e+00
0.000000000000000000e+00 0.000000000000000000e+00 1.679615999999995108e-03 2.929558186666664787e-01 6.250495146666668056e-01 8.031505066666674852e-02 0.000000000000000000e+00 0.000000000000000000e+00 0.000000000000000000e+00 0.000000000000000000e+00 0.000000000000000000e+00
0.000000000000000000e+00 0.000000000000000000e+00 1.606066858666657920e-03 2.908903860906664751e-01 6.262010272426667967e-01 8.130251980800011491e-02 0.000000000000000000e+00 0.000000000000000000e+00 0.000000000000000000e+00 0.000000000000000000e+00 0.000000000000000000e+00
0.000000000000000000e+00 0.000000000000000000e+00 1.534696789333332744e-03 2.888286562986666639e-01 6.273385970346666562e-01 8.229804987733332911e-02 0.000000000000000000e+00 0.000000000000000000e+00 0.000000000000000000e+00 0.000000000000000000e+00 0.000000000000000000e+00
0.000000000000000000e+00 0.000000000000000000e+00 1.465473023999998292e-03 2.867707275946665968e-01 6.284621257386666660e-01 8.330167364266669039e-02 0.000000000000000000e+00 0.000000000000000000e+00 0.000000000000000000e+00 0.000000000000000000e+00 0.000000000000000000e+00
0.000000000000000000e+00 0.000000000000000000e+00 1.398362794666663852e-03 2.847166982826665471e-01 6.295715150506667745e-01 8.431342387200005395e-02 0.000000000000000000e+00 0.000000000000000000e+00 0.000000000000000000e+00 0.000000000000000000e+00 0.000000000000000000e+00
0.000000000000000000e+00 0.000000000000000000e+00 1.333333333333327434e-03 2.826666666666664551e-01 6.306666666666667087e-01 8.533333333333342763e-02 0.000000000000000000e+00 0.000000000000000000e+00 0.000000000000000000e+00 0.000000000000000000e+00 0.000000000000000000e+00
0.000000000000000000e+00 0.000000000000000000e+00 1.270351872000000928e-03 2.806207310506667607e-01 6.317474822826666392e-01 8.636143479466663886e-02 0.000000000000000000e+00 0.000000000000000000e+00 0.000000000000000000e+00 0.000000000000000000e+00 0.000000000000000000e+00
0.000000000000000000e+00 0.000000000000000000e+00 1.209385642666666733e-03 2.785789897386666825e-01 6.328138635946667367e-01 8.739776102400000080e-02 0.000000000000000000e+00 0.000000000000000000e+00 0.000000000000000000e+00 0.000000000000000000e+00 0.000000000000000000e+00
0.000000000000000000e+00 0.000000000000000000e+00 1.150401877333332183e-03 2.765415410346665492e-01 6.338657122986667281e-01 8.844234478933336863e-02 0.000000000000000000e+00 0.000000000000000000e+00 0.000000000000000000e+00 0.000000000000000000e+00 0.000000000000000000e+00
0.000000000000000000e+00 0.000000000000000000e+00 1.093367807999996158e-03 2.745084832426665233e-01 6.349029300906666728e-01 8.949521885866673632e-02 0.000000000000000000e+00 0.000000000000000000e+00 0.000000000000000000e+00 0.000000000000000000e+00 0.000000000000000000e+00
0.000000000000000000e+00 0.000000000000000000e+00 1.038250666666662089e-03 2.724799146666665450e-01 6.359254186666667419e-01 9.055641600000008395e-02 0.000000000000000000e+00 0.000000000000000000e+00 0.000000000000000000e+00 0.000000000000000000e+00 0.000000000000000000e+00
0.000000000000000000e+00 0.000000000000000000e+00 9.850176853333344942e-04 2.704559336106667766e-01 6.369330797226666618e-01 9.162596898133330836e-02 0.000000000000000000e+00 0.000000000000000000e+00 0.000000000000000000e+00 0.000000000000000000e+00 0.000000000000000000e+00
0.000000000000000000e+00 0.000000000000000000e+00 9.336360960000003248e-04 2.684366383786666033e-01 6.379258149546667145e-01 9.270391057066666718e-02 0.000000000000000000e+00 0.000000000000000000e+00 0.000000000000000000e+00 0.000000000000000000e+00 0.000000000000000000e+00
0.000000000000000000e+00 0.000000000000000000e+00 8.840731306666644229e-04 2.664221272746665758e-01 6.389035260586666265e-01 9.379027353600004335e-02 0.000000000000000000e+00 0.000000000000000000e+00 0.000000000000000000e+00 0.000000000000000000e+00 0.000000000000000000e+00
0.000000000000000000e+00 0.000000000000000000e+00 8.362960213333303292e-04 2.644124986026665791e-01 6.398661147306666797e-01 9.488509064533338921e-02 0.000000000000000000e+00 0.000000000000000000e+00 0.000000000000000000e+00 0.000000000000000000e+00 0.000000000000000000e+00
0.000000000000000000e+00 0.000000000000000000e+00 7.902719999999963801e-04 2.624078506666664423e-01 6.408134826666667117e-01 9.598839466666676812e-02 0.000000000000000000e+00 0.000000000000000000e+00 0.000000000000000000e+00 0.000000000000000000e+00 0.000000000000000000e+00
0.000000000000000000e+00 0.000000000000000000e+00 7.459682986666679597e-04 2.604082817706666608e-01 6.417455315626666712e-01 9.710021836799997974e-02 0.000000000000000000e+00 0.000000000000000000e+00 0.000000000000000000e+00 0.000000000000000000e+00 0.000000000000000000e+00
0.000000000000000000e+00 0.000000000000000000e+00 7.033521493333323455e-04 2.584138902186666198e-01 6.426621631146666180e-01 9.822059451733335111e-02 0.000000000000000000e+00 0.000000000000000000e+00 0.000000000000000000e+00 0.000000000000000000e+00 0.000000000000000000e+00
0.000000000000000000e+00 0.000000000000000000e+00 6.623907839999983909e-04 2.564247743146665925e-01 6.435632790186667229e-01 9.934955588266670967e-02 0.000000000000000000e+00 0.000000000000000000e+00 0.000000000000000000e+00 0.000000000000000000e+00 0.000000000000000000e+00
0.000000000000000000e+00 0.000000000000000000e+00 6.230514346666644323e-04 2.544410323626665194e-01 6.444487809706667125e-01 1.004871352320000771e-01 0.000000000000000000e+00 0.000000000000000000e+00 0.000000000000000000e+00 0.000000000000000000e+00 0.000000000000000000e+00
0.000000000000000000e+00 0.000000000000000000e+00 5.853013333333293485e-04 2.524627626666664515e-01 6.453185706666667576e-01 1.016333653333334475e-01 0.000000000000000000e+00 0.000000000000000000e+00 0.000000000000000000e+00 0.000000000000000000e+00 0.000000000000000000e+00
0.000000000000000000e+00 0.000000000000000000e+00 5.491077120000000412e-04 2.504900635306666623e-01 6.461725498026665848e-01 1.027882789546666620e-01 0.000000000000000000e+00 0.000000000000000000e+00 0.000000000000000000e+00 0.000000000000000000e+00 0.000000000000000000e+00
0.000000000000000000e+00 0.000000000000000000e+00 5.144378026666661732e-04 2.485230332586666757e-01 6.470106200746665870e-01 1.039519088640000061e-01 0.000000000000000000e+00 0.000000000000000000e+00 0.000000000000000000e+00 0.000000000000000000e+00 0.000000000000000000e+00
0.000000000000000000e+00 0.000000000000000000e+00 4.812588373333323154e-04 2.465617701546665708e-01 6.478326831786667128e-01 1.051242878293333766e-01 0.000000000000000000e+00 0.000000000000000000e+00 0.000000000000000000e+00 0.000000000000000000e+00 0.000000000000000000e+00
0.000000000000000000e+00 0.000000000000000000e+00 4.495380479999974005e-04 2.446063725226665375e-01 6.486386408106668000e-01 1.063054486186667674e-01 0.000000000000000000e+00 0.000000000000000000e+00 0.000000000000000000e+00 0.000000000000000000e+00 0.000000000000000000e+00
0.000000000000000000e+00 0.000000000000000000e+00 4.192426666666636682e-04 2.426569386666664885e-01 6.494283946666667973e-01 1.074954240000001171e-01 0.000000000000000000e+00 0.000000000000000000e+00 0.000000000000000000e+00 0.000000000000000000e+00 0.000000000000000000e+00
0.000000000000000000e+00 0.000000000000000000e+00 3.903399253333335751e-04 2.407135668906667247e-01 6.502018464426666533e-01 1.086942467413333085e-01 0.000000000000000000e+00 0.000000000000000000e+00 0.000000000000000000e+00 0.000000000000000000e+00 0.000000000000000000e+00
0.000000000000000000e+00 0.000000000000000000e+00 3.627970559999997655e-04 2.387763554986666314e-01 6.509588978346667609e-01 1.099019496106666827e-01 0.000000000000000000e+00 0.000000000000000000e+00 0.000000000000000000e+00 0.000000000000000000e+00 0.000000000000000000e+00
0.000000000000000000e+00 0.000000000000000000e+00 3.365812906666651298e-04 2.368454027946665652e-01 6.516994505386666248e-01 1.111185653760000669e-01 0.000000000000000000e+00 0.000000000000000000e+00 0.000000000000000000e+00 0.000000000000000000e+00 0.000000000000000000e+00
0.000000000000000000e+00 0.000000000000000000e+00 3.116598613333314738e-04 2.349208070826665773e-01 6.524234062506667486e-01 1.123441268053334136e-01 0.000000000000000000e+00 0.000000000000000000e+00 0.000000000000000000e+00 0.000000000000000000e+00 0.000000000000000000e+00
0.000000000000000000e+00 0.000000000000000000e+00 2.879999999999978389e-04 2.330026666666664414e-01 6.531306666666667482e-01 1.135786666666667999e-01 0.000000000000000000e+00 0.000000000000000000e+00 0.000000000000000000e+00 0.000000000000000000e+00 0.000000000000000000e+00
0.000000000000000000e+00 0.000000000000000000e+00 2.655689386666670068e-04 2.310910798506666530e-01 6.538211334826666832e-01 1.148222177279999978e-01 0.000000000000000000e+00 0.000000000000000000e+00 0.000000000000000000e+00 0.000000000000000000e+00 0.000000000000000000e+00
0.000000000000000000e+00 0.000000000000000000e+00 2.443339093333325978e-04 2.291861449386666250e-01 6.544947083946666133e-01 1.160748127573333621e-01 0.000000000000000000e+00 0.000000000000000000e+00 0.000000000000000000e+00 0.000000000000000000e+00 0.000000000000000000e+00
0.000000000000000000e+00 0.000000000000000000e+00 2.242621439999989928e-04 2.272879602346665751e-01 6.551512930986667094e-01 1.173364845226667341e-01 0.000000000000000000e+00 0.000000000000000000e+00 0.000000000000000000e+00 0.000000000000000000e+00 0.000000000000000000e+00
0.000000000000000000e+00 0.000000000000000000e+00 2.053208746666653959e-04 2.253966240426664991e-01 6.557907892906666980e-01 1.186072657920000939e-01 0.000000000000000000e+00 0.000000000000000000e+00 0.000000000000000000e+00 0.000000000000000000e+00 0.000000000000000000e+00
0.000000000000000000e+00 0.000000000000000000e+00 1.874773333333312276e-04 2.235122346666664761e-01 6.564130986666667500e-01 1.198871893333334770e-01 0.000000000000000000e+00 0.000000000000000000e+00 0.000000000000000000e+00 0.000000000000000000e+00 0.000000000000000000e+00
0.000000000000000000e+00 0.000000000000000000e+00 1.706987519999998118e-04 2.216348904106666684e-01 6.570181229226665920e-01 1.211762879146666833e-01 0.000000000000000000e+00 0.000000000000000000e+00 0.000000000000000000e+00 0.000000000000000000e+00 0.000000000000000000e+00
0.000000000000000000e+00 0.000000000000000000e+00 1.549523626666662326e-04 2.197646895786666554e-01 6.576057637546667278e-01 1.224745943040000257e-01 0.000000000000000000e+00 0.000000000000000000e+00 0.000000000000000000e+00 0.000000000000000000e+00 0.000000000000000000e+00
0.000000000000000000e+00 0.000000000000000000e+00 1.402053973333326753e-04 2.179017304746665440e-01 6.581759228586667732e-01 1.237821412693334011e-01 0.000000000000000000e+00 0.000000000000000000e+00 0.000000000000000000e+00 0.000000000000000000e+00 0.000000000000000000e+00
0.000000000000000000e+00 0.000000000000000000e+00 1.264250879999987234e-04 2.160461114026665241e-01 6.587285019306667877e-01 1.250989615786667897e-01 0.000000000000000000e+00 0.000000000000000000e+00 0.000000000000000000e+00 0.000000000000000000e+00 0.000000000000000000e+00
0.000000000000000000e+00 0.000000000000000000e+00 1.135786666666668333e-04 2.141979306666667304e-01 6.592634026666666092e-01 1.264250879999999633e-01 0.000000000000000000e+00 0.000000000000000000e+00 0.000000000000000000e+00 0.000000000000000000e+00 0.000000000000000000e+00
0.000000000000000000e+00 0.000000000000000000e+00 1.016333653333332816e-04 2.123572865706666590e-01 6.597805267626666303e-01 1.277605533013333461e-01 0.000000000000000000e+00 0.000000000000000000e+00 0.000000000000000000e+00 0.000000000000000000e+00 0.000000000000000000e+00
0.000000000000000000e+00 0.000000000000000000e+00 9.055641599999976585e-05 2.105242774186665833e-01 6.602797759146668000e-01 1.291053902506667239e-01 0.000000000000000000e+00 0.000000000000000000e+00 0.000000000000000000e+00 0.000000000000000000e+00 0.000000000000000000e+00
0.000000000000000000e+00 0.000000000000000000e+00 8.031505066666595077e-05 2.086990015146665267e-01 6.607610518186666226e-01 1.304596316160001046e-01 0.000000000000000000e+00 0.000000000000000000e+00 0.000000000000000000e+00 0.000000000000000000e+00 0.000000000000000000e+00
0.000000000000000000e+00 0.000000000000000000e+00 7.087650133333251747e-05 2.068815571626665129e-01 6.612242561706667132e-01 1.318233101653334405e-01 0.000000000000000000e+00 0.000000000000000000e+00 0.000000000000000000e+00 0.000000000000000000e+00 0.000000000000000000e+00
0.000000000000000000e+00 0.000000000000000000e+00 6.220800000000016063e-05 2.050720426666667318e-01 6.616692906666665763e-01 1.331964586666666284e-01 0.000000000000000000e+00 0.000000000000000000e+00 0.000000000000000000e+00 0.000000000000000000e+00 0.000000000000000000e+00
0.000000000000000000e+00 0.000000000000000000e+00 5.427677866666668824e-05 2.032705563306666519e-01 6.620960570026667158e-01 1.345791098880000092e-01 0.000000000000000000e+00 0.000000000000000000e+00 0.000000000000000000e+00 0.000000000000000000e+00 0.000000000000000000e+00
0.000000000000000000e+00 0.000000000000000000e+00 4.705006933333299828e-05 2.014771964586666020e-01 6.625044568746666362e-01 1.359712965973333965e-01 0.000000000000000000e+00 0.000000000000000000e+00 0.000000000000000000e+00 0.000000000000000000e+00 0.000000000000000000e+00
0.000000000000000000e+00 0.000000000000000000e+00 4.049510399999958890e-05 1.996920613546665779e-01 6.628943919786667305e-01 1.373730515626667426e-01 0.000000000000000000e+00 0.000000000000000000e+00 0.000000000000000000e+00 0.000000000000000000e+00 0.000000000000000000e+00
0.000000000000000000e+00 0.000000000000000000e+00 3.457911466666619934e-05 1.979152493226664644e-01 6.632657640106667252e-01 1.387844075520001386e-01 0.000000000000000000e+00 0.000000000000000000e+00 0.000000000000000000e+00 0.000000000000000000e+00 0.000000000000000000e+00
0.000000000000000000e+00 0.000000000000000000e+00 2.926933333333347006e-05 1.961468586666666736e-01 6.636184746666666801e-01 1.402053973333333148e-01 0.000000000000000000e+00 0.000000000000000000e+00 0.000000000000000000e+00 0.000000000000000000e+00 0.000000000000000000e+00
0.000000000000000000e+00 0.000000000000000000e+00 2.453299199999989008e-05 1.943869876906666461e-01 6.639524256426666549e-01 1.416360536746666954e-01 0.000000000000000000e+00 0.000000000000000000e+00 0.000000000000000000e+00 0.000000000000000000e+00 0.000000000000000000e+00
0.000000000000000000e+00 0.000000000000000000e+00 2.033732266666650305e-05 1.926357346986666275e-01 6.642675186346667093e-01 1.430764093440000384e-01 0.000000000000000000e+00 0.000000000000000000e+00 0.000000000000000000e+00 0.000000000000000000e+00 0.000000000000000000e+00
0.000000000000000000e+00 0.000000000000000000e+00 1.664955733333312951e-05 1.908931979946665303e-01 6.645636553386666812e-01 1.445264971093334350e-01 0.000000000000000000e+00 0.000000000000000000e+00 0.000000000000000000e+00 0.000000000000000000e+00 0.000000000000000000e+00
0.000000000000000000e+00 0.000000000000000000e+00 1.343692799999966963e-05 1.891594758826664890e-01 6.648407374506666301e-01 1.459863497386668374e-01 0.000000000000000000e+00 0.000000000000000000e+00 0.000000000000000000e+00 0.000000000000000000e+00 0.000000000000000000e+00
0.000000000000000000e+00 0.000000000000000000e+00 1.066666666666666562e-05 1.874346666666666661e-01 6.650986666666666158e-01 1.474560000000000037e-01 0.000000000000000000e+00 0.000000000000000000e+00 0.000000000000000000e+00 0.000000000000000000e+00 0.000000000000000000e+00
0.000000000000000000e+00 0.000000000000000000e+00 8.306005333333295969e-06 1.857188686506666686e-01 6.653373446826666981e-01 1.489354806613333304e-01 0.000000000000000000e+00 0.000000000000000000e+00 0.000000000000000000e+00 0.000000000000000000e+00 0.000000000000000000e+00
0.000000000000000000e+00 0.000000000000000000e+00 6.322175999999937722e-06 1.840121801386665756e-01 6.655566731946667147e-01 1.504248244906667420e-01 0.000000000000000000e+00 0.000000000000000000e+00 0.000000000000000000e+00 0.000000000000000000e+00 0.000000000000000000e+00
0.000000000000000000e+00 0.000000000000000000e+00 4.682410666666538477e-06 1.823146994346665495e-01 6.657565538986667253e-01 1.519240642560001076e-01 0.000000000000000000e+00 0.000000000000000000e+00 0.000000000000000000e+00 0.000000000000000000e+00 0.000000000000000000e+00
0.000000000000000000e+00 0.000000000000000000e+00 3.353941333333210578e-06 1.806265248426665304e-01 6.659368884906666786e-01 1.534332327253334627e-01 0.000000000000000000e+00 0.000000000000000000e+00 0.000000000000000000e+00 0.000000000000000000e+00 0.000000000000000000e+00
0.000000000000000000e+00 0.000000000000000000e+00 2.304000000000005808e-06 1.789477546666666807e-01 6.660975786666667453e-01 1.549523626666666487e-01 0.000000000000000000e+00 0.000000000000000000e+00 0.000000000000000000e+00 0.000000000000000000e+00 0.000000000000000000e+00
0.000000000000000000e+00 0.000000000000000000e+00 1.499818666666659370e-06 1.772784872106666354e-01 6.662385261226666522e-01 1.564814868480000343e-01 0.000000000000000000e+00 0.000000000000000000e+00 0.000000000000000000e+00 0.000000000000000000e+00 0.000000000000000000e+00
0.000000000000000000e+00 0.000000000000000000e+00 9.086293333333025612e-07 1.756188207786665567e-01 6.663596325546665700e-01 1.580206380373334329e-01 0.000000000000000000e+00 0.000000000000000000e+00 0.000000000000000000e+00 0.000000000000000000e+00 0.000000000000000000e+00
0.000000000000000000e+00 0.000000000000000000e+00 4.976639999999737175e-07 1.739688536746665515e-01 6.664607996586666694e-01 1.595698490026667693e-01 0.000000000000000000e+00 0.000000000000000000e+00 0.000000000000000000e+00 0.000000000000000000e+00 0.000000000000000000e+00
0.000000000000000000e+00 0.000000000000000000e+00 2.341546666666473292e-07 1.723286842026664489e-01 6.665419291306666771e-01 1.611291525120001622e-01 0.000000000000000000e+00 0.000000000000000000e+00 0.000000000000000000e+00 0.000000000000000000e+00 0.000000000000000000e+00
0.000000000000000000e+00 0.000000000000000000e+00 8.533333333333474596e-08 1.706984106666666612e-01 6.666029226666667640e-01 1.626985813333333142e-01 0.000000000000000000e+00 0.000000000000000000e+00 0.000000000000000000e+00 0.000000000000000000e+00 0.000000000000000000e+00
0.000000000000000000e+00 0.000000000000000000e+00 1.843199999999859963e-08 1.690781313706666289e-01 6.666436819626666566e-01 1.642781682346667049e-01 0.000000000000000000e+00 0.000000000000000000e+00 0.000000000000000000e+00 0.000000000000000000e+00 0.000000000000000000e+00
0.000000000000000000e+00 0.000000000000000000e+00 6.826666666664410739e-10 1.674679446186665976e-01 6.666641087146667477e-01 1.658679459840000647e-01 0.000000000000000000e+00 0.000000000000000000e+00 0.000000000000000000e+00 0.000000000000000000e+00 0.000000000000000000e+00
0.000000000000000000e+00 0.000000000000000000e+00 0.000000000000000000e+00 1.658679459839998427e-01 6.666641087146667477e-01 1.674679446186668197e-01 6.826666666670095538e-10 0.000000000000000000e+00 0.000000000000000000e+00 0.000000000000000000e+00 0.000000000000000000e+00
0.000000000000000000e+00 0.000000000000000000e+00 0.000000000000000000e+00 1.642781682346664829e-01 6.666436819626666566e-01 1.690781313706668787e-01 1.843200000000414174e-08 0.000000000000000000e+00 0.000000000000000000e+00 0.000000000000000000e+00 0.000000000000000000e+00
0.000000000000000000e+00 0.000000000000000000e+00 0.000000000000000000e+00 1.626985813333333142e-01 6.666029226666666530e-01 1.706984106666666889e-01 8.533333333333356805e-08 0.000000000000000000e+00 0.000000000000000000e+00 0.000000000000000000e+00 0.000000000000000000e+00
0.000000000000000000e+00 0.000000000000000000e+00 0.000000000000000000e+00 1.611291525119999679e-01 6.665419291306666771e-01 1.723286842026666987e-01 2.341546666666728726e-07 0.000000000000000000e+00 0.000000000000000000e+00 0.000000000000000000e+00 0.000000000000000000e+00
0.000000000000000000e+00 0.000000000000000000e+00 0.000000000000000000e+00 1.595698490026665473e-01 6.664607996586666694e-01 1.739688536746667735e-01 4.976640000000197749e-07 0.000000000000000000e+00 0.000000000000000000e+00 0.000000000000000000e+00 0.000000000000000000e+00
0.000000000000000000e+00 0.000000000000000000e+00 0.000000000000000000e+00 1.580206380373332109e-01 6.663596325546665700e-01 1.756188207786668065e-01 9.086293333333769942e-07 0.000000000000000000e+00 0.000000000000000000e+00 0.000000000000000000e+00 0.000000000000000000e+00
0.000000000000000000e+00 0.000000000000000000e+00 0.000000000000000000e+00 1.564814868480000343e-01 6.662385261226666522e-01 1.772784872106666632e-01 1.499818666666651323e-06 0.000000000000000000e+00 0.000000000000000000e+00 0.000000000000000000e+00 0.000000000000000000e+00
0.000000000000000000e+00 0.000000000000000000e+00 0.000000000000000000e+00 1.549523626666666765e-01 6.660975786666667453e-01 1.789477546666666530e-01 2.304000000000005808e-06 0.000000000000000000e+00 0.000000000000000000e+00 0.000000000000000000e+00 0.000000000000000000e+00
0.000000000000000000e+00 0.000000000000000000e+00 0.000000000000000000e+00 1.534332327253332684e-01 6.659368884906666786e-01 1.806265248426666969e-01 3.353941333333374903e-06 0.000000000000000000e+00 0.000000000000000000e+00 0.000000000000000000e+00 0.000000000000000000e+00
0.000000000000000000e+00 0.000000000000000000e+00 0.000000000000000000e+00 1.519240642559999133e-01 6.657565538986666143e-01 1.823146994346667715e-01 4.682410666666761247e-06 0.000000000000000000e+00 0.000000000000000000e+00 0.000000000000000000e+00 0.000000000000000000e+00
0.000000000000000000e+00 0.000000000000000000e+00 0.000000000000000000e+00 1.504248244906665477e-01 6.655566731946667147e-01 1.840121801386667977e-01 6.322176000000167268e-06 0.000000000000000000e+00 0.000000000000000000e+00 0.000000000000000000e+00 0.000000000000000000e+00
0.000000000000000000e+00 0.000000000000000000e+00 0.000000000000000000e+00 1.489354806613333582e-01 6.653373446826666981e-01 1.857188686506666409e-01 8.306005333333295969e-06 0.000000000000000000e+00 0.000000000000000000e+00 0.000000000000000000e+00 0.000000000000000000e+00
0.000000000000000000e+00 0.000000000000000000e+00 0.000000000000000000e+00 1.474559999999999760e-01 6.650986666666667269e-01 1.874346666666666661e-01 1.066666666666669442e-05 0.000000000000000000e+00 0.000000000000000000e+00 0.000000000000000000e+00 0.000000000000000000e+00
0.000000000000000000e+00 0.000000000000000000e+00 0.000000000000000000e+00 1.459863497386666153e-01 6.648407374506666301e-01 1.891594758826667388e-01 1.343692800000011856e-05 0.000000000000000000e+00 0.000000000000000000e+00 0.000000000000000000e+00 0.000000000000000000e+00
0.000000000000000000e+00 0.000000000000000000e+00 0.000000000000000000e+00 1.445264971093332407e-01 6.645636553386666812e-01 1.908931979946667801e-01 1.664955733333356658e-05 0.000000000000000000e+00 0.000000000000000000e+00 0.000000000000000000e+00 0.000000000000000000e+00
0.000000000000000000e+00 0.000000000000000000e+00 0.000000000000000000e+00 1.430764093439998441e-01 6.642675186346667093e-01 1.926357346986668218e-01 2.033732266666704854e-05 0.000000000000000000e+00 0.000000000000000000e+00 0.000000000000000000e+00 0.000000000000000000e+00
0.000000000000000000e+00 0.000000000000000000e+00 0.000000000000000000e+00 1.416360536746666676e-01 6.639524256426667659e-01 1.943869876906666461e-01 2.453299199999994090e-05 0.000000000000000000e+00 0.000000000000000000e+00 0.000000000000000000e+00 0.000000000000000000e+00
0.000000000000000000e+00 0.000000000000000000e+00 0.000000000000000000e+00 1.402053973333333148e-01 6.636184746666666801e-01 1.961468586666667013e-01 2.926933333333340908e-05 0.000000000000000000e+00 0.000000000000000000e+00 0.000000000000000000e+00 0.000000000000000000e+00
0.000000000000000000e+00 0.000000000000000000e+00 0.000000000000000000e+00 1.387844075519999720e-01 6.632657640106667252e-01 1.979152493226667142e-01 3.457911466666691762e-05 0.000000000000000000e+00 0.000000000000000000e+00 0.000000000000000000e+00 0.000000000000000000e+00
0.000000000000000000e+00 0.000000000000000000e+00 0.000000000000000000e+00 1.373730515626665483e-01 6.628943919786667305e-01 1.996920613546667722e-01 4.049510400000045626e-05 0.000000000000000000e+00 0.000000000000000000e+00 0.000000000000000000e+00 0.000000000000000000e+00
0.000000000000000000e+00 0.000000000000000000e+00 0.000000000000000000e+00 1.359712965973332022e-01 6.625044568746665252e-01 2.014771964586668240e-01 4.705006933333402827e-05 0.000000000000000000e+00 0.000000000000000000e+00 0.000000000000000000e+00 0.000000000000000000e+00
0.000000000000000000e+00 0.000000000000000000e+00 0.000000000000000000e+00 1.345791098880000092e-01 6.620960570026666048e-01 2.032705563306666796e-01 5.427677866666659337e-05 0.000000000000000000e+00 0.000000000000000000e+00 0.000000000000000000e+00 0.000000000000000000e+00
0.000000000000000000e+00 0.000000000000000000e+00 0.000000000000000000e+00 1.331964586666666561e-01 6.616692906666667984e-01 2.050720426666667040e-01 6.220800000000016063e-05 0.000000000000000000e+00 0.000000000000000000e+00 0.000000000000000000e+00 0.000000000000000000e+00
0.000000000000000000e+00 0.000000000000000000e+00 0.000000000000000000e+00 1.318233101653332462e-01 6.612242561706667132e-01 2.068815571626667349e-01 7.087650133333377785e-05 0.000000000000000000e+00 0.000000000000000000e+00 0.000000000000000000e+00 0.000000000000000000e+00
0.000000000000000000e+00 0.000000000000000000e+00 0.000000000000000000e+00 1.304596316159998826e-01 6.607610518186666226e-01 2.086990015146668320e-01 8.031505066666742799e-05 0.000000000000000000e+00 0.000000000000000000e+00 0.000000000000000000e+00 0.000000000000000000e+00
0.000000000000000000e+00 0.000000000000000000e+00 0.000000000000000000e+00 1.291053902506665574e-01 6.602797759146665779e-01 2.105242774186668331e-01 9.055641600000113465e-05 0.000000000000000000e+00 0.000000000000000000e+00 0.000000000000000000e+00 0.000000000000000000e+00
0.000000000000000000e+00 0.000000000000000000e+00 0.000000000000000000e+00 1.277605533013333738e-01 6.597805267626666303e-01 2.123572865706666313e-01 1.016333653333332816e-04 0.000000000000000000e+00 0.000000000000000000e+00 0.000000000000000000e+00 0.000000000000000000e+00
0.000000000000000000e+00 0.000000000000000000e+00 0.000000000000000000e+00 1.264250879999999355e-01 6.592634026666666092e-01 2.141979306666667304e-01 1.135786666666669824e-04 0.000000000000000000e+00 0.000000000000000000e+00 0.000000000000000000e+00 0.000000000000000000e+00
0.000000000000000000e+00 0.000000000000000000e+00 0.000000000000000000e+00 1.250989615786665954e-01 6.587285019306665657e-01 2.160461114026668017e-01 1.264250880000007020e-04 0.000000000000000000e+00 0.000000000000000000e+00 0.000000000000000000e+00 0.000000000000000000e+00
0.000000000000000000e+00 0.000000000000000000e+00 0.000000000000000000e+00 1.237821412693332346e-01 6.581759228586666621e-01 2.179017304746667938e-01 1.402053973333344914e-04 0.000000000000000000e+00 0.000000000000000000e+00 0.000000000000000000e+00 0.000000000000000000e+00
0.000000000000000000e+00 0.000000000000000000e+00 0.000000000000000000e+00 1.224745943039998314e-01 6.576057637546666168e-01 2.197646895786668775e-01 1.549523626666683468e-04 0.000000000000000000e+00 0.000000000000000000e+00 0.000000000000000000e+00 0.000000000000000000e+00
0.000000000000000000e+00 0.000000000000000000e+00 0.000000000000000000e+00 1.211762879146666555e-01 6.570181229226665920e-01 2.216348904106666684e-01 1.706987520000000016e-04 0.000000000000000000e+00 0.000000000000000000e+00 0.000000000000000000e+00 0.000000000000000000e+00
0.000000000000000000e+00 0.000000000000000000e+00 0.000000000000000000e+00 1.198871893333332966e-01 6.564130986666665279e-01 2.235122346666667259e-01 1.874773333333338567e-04 0.000000000000000000e+00 0.000000000000000000e+00 0.000000000000000000e+00 0.000000000000000000e+00
0.000000000000000000e+00 0.000000000000000000e+00 0.000000000000000000e+00 1.186072657919999412e-01 6.557907892906666980e-01 2.253966240426667766e-01 2.053208746666677269e-04 0.000000000000000000e+00 0.000000000000000000e+00 0.000000000000000000e+00 0.000000000000000000e+00
0.000000000000000000e+00 0.000000000000000000e+00 0.000000000000000000e+00 1.173364845226665537e-01 6.551512930986665983e-01 2.272879602346667971e-01 2.242621440000016491e-04 0.000000000000000000e+00 0.000000000000000000e+00 0.000000000000000000e+00 0.000000000000000000e+00
0.000000000000000000e+00 0.000000000000000000e+00 0.000000000000000000e+00 1.160748127573331817e-01 6.544947083946666133e-01 2.291861449386668748e-01 2.443339093333357420e-04 0.000000000000000000e+00 0.000000000000000000e+00 0.000000000000000000e+00 0.000000000000000000e+00
0.000000000000000000e+00 0.000000000000000000e+00 0.000000000000000000e+00 1.148222177279999978e-01 6.538211334826666832e-01 2.310910798506666808e-01 2.655689386666667900e-04 0.000000000000000000e+00 0.000000000000000000e+00 0.000000000000000000e+00 0.000000000000000000e+00
0.000000000000000000e+00 0.000000000000000000e+00 0.000000000000000000e+00 1.135786666666666472e-01 6.531306666666666372e-01 2.330026666666666912e-01 2.880000000000007662e-04 0.000000000000000000e+00 0.000000000000000000e+00 0.000000000000000000e+00 0.000000000000000000e+00
0.000000000000000000e+00 0.000000000000000000e+00 0.000000000000000000e+00 1.123441268053332331e-01 6.524234062506666376e-01 2.349208070826668271e-01 3.116598613333348348e-04 0.000000000000000000e+00 0.000000000000000000e+00 0.000000000000000000e+00 0.000000000000000000e+00
0.000000000000000000e+00 0.000000000000000000e+00 0.000000000000000000e+00 1.111185653759998865e-01 6.516994505386666248e-01 2.368454027946668705e-01 3.365812906666690329e-04 0.000000000000000000e+00 0.000000000000000000e+00 0.000000000000000000e+00 0.000000000000000000e+00
0.000000000000000000e+00 0.000000000000000000e+00 0.000000000000000000e+00 1.099019496106666827e-01 6.509588978346666499e-01 2.387763554986666592e-01 3.627970559999994945e-04 0.000000000000000000e+00 0.000000000000000000e+00 0.000000000000000000e+00 0.000000000000000000e+00
0.000000000000000000e+00 0.000000000000000000e+00 0.000000000000000000e+00 1.086942467413333224e-01 6.502018464426666533e-01 2.407135668906666970e-01 3.903399253333335751e-04 0.000000000000000000e+00 0.000000000000000000e+00 0.000000000000000000e+00 0.000000000000000000e+00
0.000000000000000000e+00 0.000000000000000000e+00 0.000000000000000000e+00 1.074954239999999506e-01 6.494283946666665752e-01 2.426569386666667383e-01 4.192426666666677882e-04 0.000000000000000000e+00 0.000000000000000000e+00 0.000000000000000000e+00 0.000000000000000000e+00
0.000000000000000000e+00 0.000000000000000000e+00 0.000000000000000000e+00 1.063054486186665870e-01 6.486386408106665780e-01 2.446063725226668151e-01 4.495380480000020626e-04 0.000000000000000000e+00 0.000000000000000000e+00 0.000000000000000000e+00 0.000000000000000000e+00
0.000000000000000000e+00 0.000000000000000000e+00 0.000000000000000000e+00 1.051242878293332239e-01 6.478326831786666018e-01 2.465617701546668761e-01 4.812588373333363811e-04 0.000000000000000000e+00 0.000000000000000000e+00 0.000000000000000000e+00 0.000000000000000000e+00
0.000000000000000000e+00 0.000000000000000000e+00 0.000000000000000000e+00 1.039519088640000338e-01 6.470106200746666980e-01 2.485230332586666202e-01 5.144378026666661732e-04 0.000000000000000000e+00 0.000000000000000000e+00 0.000000000000000000e+00 0.000000000000000000e+00
0.000000000000000000e+00 0.000000000000000000e+00 0.000000000000000000e+00 1.027882789546666481e-01 6.461725498026666958e-01 2.504900635306666623e-01 5.491077120000004749e-04 0.000000000000000000e+00 0.000000000000000000e+00 0.000000000000000000e+00 0.000000000000000000e+00
0.000000000000000000e+00 0.000000000000000000e+00 0.000000000000000000e+00 1.016333653333332809e-01 6.453185706666666466e-01 2.524627626666667846e-01 5.853013333333348779e-04 0.000000000000000000e+00 0.000000000000000000e+00 0.000000000000000000e+00 0.000000000000000000e+00
0.000000000000000000e+00 0.000000000000000000e+00 0.000000000000000000e+00 1.004871352319999245e-01 6.444487809706667125e-01 2.544410323626667969e-01 6.230514346666694197e-04 0.000000000000000000e+00 0.000000000000000000e+00 0.000000000000000000e+00 0.000000000000000000e+00
0.000000000000000000e+00 0.000000000000000000e+00 0.000000000000000000e+00 9.934955588266654314e-02 6.435632790186666119e-01 2.564247743146668701e-01 6.623907840000040287e-04 0.000000000000000000e+00 0.000000000000000000e+00 0.000000000000000000e+00 0.000000000000000000e+00
0.000000000000000000e+00 0.000000000000000000e+00 0.000000000000000000e+00 9.822059451733333724e-02 6.426621631146667291e-01 2.584138902186666198e-01 7.033521493333327792e-04 0.000000000000000000e+00 0.000000000000000000e+00 0.000000000000000000e+00 0.000000000000000000e+00
0.000000000000000000e+00 0.000000000000000000e+00 0.000000000000000000e+00 9.710021836799997974e-02 6.417455315626665602e-01 2.604082817706667163e-01 7.459682986666675260e-04 0.000000000000000000e+00 0.000000000000000000e+00 0.000000000000000000e+00 0.000000000000000000e+00
0.000000000000000000e+00 0.000000000000000000e+00 0.000000000000000000e+00 9.598839466666662934e-02 6.408134826666667117e-01 2.624078506666667754e-01 7.902720000000021264e-04 0.000000000000000000e+00 0.000000000000000000e+00 0.000000000000000000e+00 0.000000000000000000e+00
0.000000000000000000e+00 0.000000000000000000e+00 0.000000000000000000e+00 9.488509064533325044e-02 6.398661147306665686e-01 2.644124986026668012e-01 8.362960213333368344e-04 0.000000000000000000e+00 0.000000000000000000e+00 0.000000000000000000e+00 0.000000000000000000e+00
0.000000000000000000e+00 0.000000000000000000e+00 0.000000000000000000e+00 9.379027353599989070e-02 6.389035260586665155e-01 2.664221272746668534e-01 8.840731306666717955e-04 0.000000000000000000e+00 0.000000000000000000e+00 0.000000000000000000e+00 0.000000000000000000e+00
0.000000000000000000e+00 0.000000000000000000e+00 0.000000000000000000e+00 9.270391057066666718e-02 6.379258149546666035e-01 2.684366383786666588e-01 9.336360959999997827e-04 0.000000000000000000e+00 0.000000000000000000e+00 0.000000000000000000e+00 0.000000000000000000e+00
0.000000000000000000e+00 0.000000000000000000e+00 0.000000000000000000e+00 9.162596898133332224e-02 6.369330797226666618e-01 2.704559336106667211e-01 9.850176853333344942e-04 0.000000000000000000e+00 0.000000000000000000e+00 0.000000000000000000e+00 0.000000000000000000e+00
0.000000000000000000e+00 0.000000000000000000e+00 0.000000000000000000e+00 9.055641599999994518e-02 6.359254186666666309e-01 2.724799146666667671e-01 1.038250666666669462e-03 0.000000000000000000e+00 0.000000000000000000e+00 0.000000000000000000e+00 0.000000000000000000e+00
0.000000000000000000e+00 0.000000000000000000e+00 0.000000000000000000e+00 8.949521885866656978e-02 6.349029300906665618e-01 2.745084832426668564e-01 1.093367808000004614e-03 0.000000000000000000e+00 0.000000000000000000e+00 0.000000000000000000e+00 0.000000000000000000e+00
0.000000000000000000e+00 0.000000000000000000e+00 0.000000000000000000e+00 8.844234478933322985e-02 6.338657122986666170e-01 2.765415410346668823e-01 1.150401877333339555e-03 0.000000000000000000e+00 0.000000000000000000e+00 0.000000000000000000e+00 0.000000000000000000e+00
0.000000000000000000e+00 0.000000000000000000e+00 0.000000000000000000e+00 8.739776102400001467e-02 6.328138635946667367e-01 2.785789897386666825e-01 1.209385642666666733e-03 0.000000000000000000e+00 0.000000000000000000e+00 0.000000000000000000e+00 0.000000000000000000e+00
0.000000000000000000e+00 0.000000000000000000e+00 0.000000000000000000e+00 8.636143479466662498e-02 6.317474822826666392e-01 2.806207310506667607e-01 1.270351872000001795e-03 0.000000000000000000e+00 0.000000000000000000e+00 0.000000000000000000e+00 0.000000000000000000e+00
0.000000000000000000e+00 0.000000000000000000e+00 0.000000000000000000e+00 8.533333333333327497e-02 6.306666666666665977e-01 2.826666666666668437e-01 1.333333333333336758e-03 0.000000000000000000e+00 0.000000000000000000e+00 0.000000000000000000e+00 0.000000000000000000e+00
0.000000000000000000e+00 0.000000000000000000e+00 0.000000000000000000e+00 8.431342387199992905e-02 6.295715150506665525e-01 2.847166982826667692e-01 1.398362794666672309e-03 0.000000000000000000e+00 0.000000000000000000e+00 0.000000000000000000e+00 0.000000000000000000e+00
0.000000000000000000e+00 0.000000000000000000e+00 0.000000000000000000e+00 8.330167364266653773e-02 6.284621257386665549e-01 2.867707275946668743e-01 1.465473024000007616e-03 0.000000000000000000e+00 0.000000000000000000e+00 0.000000000000000000e+00 0.000000000000000000e+00
0.000000000000000000e+00 0.000000000000000000e+00 0.000000000000000000e+00 8.229804987733331523e-02 6.273385970346666562e-01 2.888286562986666639e-01 1.534696789333333611e-03 0.000000000000000000e+00 0.000000000000000000e+00 0.000000000000000000e+00 0.000000000000000000e+00
0.000000000000000000e+00 0.000000000000000000e+00 0.000000000000000000e+00 8.130251980799997613e-02 6.262010272426665747e-01 2.908903860906666972e-01 1.606066858666668762e-03 0.000000000000000000e+00 0.000000000000000000e+00 0.000000000000000000e+00 0.000000000000000000e+00
0.000000000000000000e+00 0.000000000000000000e+00 0.000000000000000000e+00 8.031505066666660975e-02 6.250495146666665836e-01 2.929558186666667563e-01 1.679616000000004649e-03 0.000000000000000000e+00 0.000000000000000000e+00 0.000000000000000000e+00 0.000000000000000000e+00
0.000000000000000000e+00 0.000000000000000000e+00 0.000000000000000000e+00 7.933560968533323599e-02 6.238841576106666231e-01 2.950248557226668455e-01 1.755376981333340225e-03 0.000000000000000000e+00 0.000000000000000000e+00 0.000000000000000000e+00 0.000000000000000000e+00
0.000000000000000000e+00 0.000000000000000000e+00 0.000000000000000000e+00 7.836416409599988864e-02 6.227050543786665227e-01 2.970973989546669136e-01 1.833382570666675744e-03 0.000000000000000000e+00 0.000000000000000000e+00 0.000000000000000000e+00 0.000000000000000000e+00
0.000000000000000000e+00 0.000000000000000000e+00 0.000000000000000000e+00 7.740068113066667088e-02 6.215123032746665555e-01 2.991733500586666872e-01 1.913665536000000401e-03 0.000000000000000000e+00 0.000000000000000000e+00 0.000000000000000000e+00 0.000000000000000000e+00
0.000000000000000000e+00 0.000000000000000000e+00 0.000000000000000000e+00 7.644512802133331120e-02 6.203060026026666618e-01 3.012526107306666701e-01 1.996258645333336135e-03 0.000000000000000000e+00 0.000000000000000000e+00 0.000000000000000000e+00 0.000000000000000000e+00
0.000000000000000000e+00 0.000000000000000000e+00 0.000000000000000000e+00 7.549747199999992664e-02 6.190862506666665599e-01 3.033350826666668110e-01 2.081194666666672140e-03 0.000000000000000000e+00 0.000000000000000000e+00 0.000000000000000000e+00 0.000000000000000000e+00
0.000000000000000000e+00 0.000000000000000000e+00 0.000000000000000000e+00 7.455768029866657876e-02 6.178531457706665231e-01 3.054206675626668921e-01 2.168506368000008237e-03 0.000000000000000000e+00 0.000000000000000000e+00 0.000000000000000000e+00 0.000000000000000000e+00
0.000000000000000000e+00 0.000000000000000000e+00 0.000000000000000000e+00 7.362572014933334297e-02 6.166067862186666027e-01 3.075092671146666401e-01 2.258226517333331452e-03 0.000000000000000000e+00 0.000000000000000000e+00 0.000000000000000000e+00 0.000000000000000000e+00
0.000000000000000000e+00 0.000000000000000000e+00 0.000000000000000000e+00 7.270155878400000327e-02 6.153472703146667389e-01 3.096007830186666698e-01 2.350387882666667844e-03 0.000000000000000000e+00 0.000000000000000000e+00 0.000000000000000000e+00 0.000000000000000000e+00
0.000000000000000000e+00 0.000000000000000000e+00 0.000000000000000000e+00 7.178516343466662120e-02 6.140746963626666499e-01 3.116951169706667635e-01 2.445023232000004005e-03 0.000000000000000000e+00 0.000000000000000000e+00 0.000000000000000000e+00 0.000000000000000000e+00
0.000000000000000000e+00 0.000000000000000000e+00 0.000000000000000000e+00 7.087650133333327218e-02 6.127891626666664981e-01 3.137921706666668142e-01 2.542165333333339973e-03 0.000000000000000000e+00 0.000000000000000000e+00 0.000000000000000000e+00 0.000000000000000000e+00
0.000000000000000000e+00 0.000000000000000000e+00 0.000000000000000000e+00 6.997553971199992062e-02 6.114907675306665569e-01 3.158918458026668818e-01 2.641846954666676652e-03 0.000000000000000000e+00 0.000000000000000000e+00 0.000000000000000000e+00 0.000000000000000000e+00
0.000000000000000000e+00 0.000000000000000000e+00 0.000000000000000000e+00 6.908224580266669745e-02 6.101796092586666553e-01 3.179940440746666375e-01 2.744100863999998467e-03 0.000000000000000000e+00 0.000000000000000000e+00 0.000000000000000000e+00 0.000000000000000000e+00
0.000000000000000000e+00 0.000000000000000000e+00 0.000000000000000000e+00 6.819658683733331728e-02 6.088557861546666228e-01 3.200986671786666959e-01 2.848959829333335379e-03 0.000000000000000000e+00 0.000000000000000000e+00 0.000000000000000000e+00 0.000000000000000000e+00
0.000000000000000000e+00 0.000000000000000000e+00 0.000000000000000000e+00 6.731853004799996654e-02 6.075193965226665105e-01 3.222056168106667839e-01 2.956456618666671379e-03 0.000000000000000000e+00 0.000000000000000000e+00 0.000000000000000000e+00 0.000000000000000000e+00
0.000000000000000000e+00 0.000000000000000000e+00 0.000000000000000000e+00 6.644804266666660963e-02 6.061705386666667028e-01 3.243147946666667947e-01 3.066624000000007805e-03 0.000000000000000000e+00 0.000000000000000000e+00 0.000000000000000000e+00 0.000000000000000000e+00
0.000000000000000000e+00 0.000000000000000000e+00 0.000000000000000000e+00 6.558509192533323873e-02 6.048093108906664739e-01 3.264261024426668434e-01 3.179494741333344695e-03 0.000000000000000000e+00 0.000000000000000000e+00 0.000000000000000000e+00 0.000000000000000000e+00
0.000000000000000000e+00 0.000000000000000000e+00 0.000000000000000000e+00 6.472964505599999863e-02 6.034358114986666521e-01 3.285394418346666567e-01 3.295101610666666039e-03 0.000000000000000000e+00 0.000000000000000000e+00 0.000000000000000000e+00 0.000000000000000000e+00
0.000000000000000000e+00 0.000000000000000000e+00 0.000000000000000000e+00 6.388166929066665944e-02 6.020501387946666227e-01 3.306547145386667386e-01 3.413477376000002665e-03 0.000000000000000000e+00 0.000000000000000000e+00 0.000000000000000000e+00 0.000000000000000000e+00
0.000000000000000000e+00 0.000000000000000000e+00 0.000000000000000000e+00 6.304113186133329660e-02 6.006523910826666590e-01 3.327718222506667600e-01 3.534654805333339433e-03 0.000000000000000000e+00 0.000000000000000000e+00 0.000000000000000000e+00 0.000000000000000000e+00
0.000000000000000000e+00 0.000000000000000000e+00 0.000000000000000000e+00 6.220799999999992308e-02 5.992426666666665902e-01 3.348906666666668364e-01 3.658666666666676379e-03 0.000000000000000000e+00 0.000000000000000000e+00 0.000000000000000000e+00 0.000000000000000000e+00
0.000000000000000000e+00 0.000000000000000000e+00 0.000000000000000000e+00 6.138224093866657960e-02 5.978210638506664676e-01 3.370111494826668608e-01 3.785545728000013106e-03 0.000000000000000000e+00 0.000000000000000000e+00 0.000000000000000000e+00 0.000000000000000000e+00
0.000000000000000000e+00 0.000000000000000000e+00 0.000000000000000000e+00 6.056382190933334159e-02 5.963876809386665645e-01 3.391331723946666710e-01 3.915324757333332739e-03 0.000000000000000000e+00 0.000000000000000000e+00 0.000000000000000000e+00 0.000000000000000000e+00
0.000000000000000000e+00 0.000000000000000000e+00 0.000000000000000000e+00 5.975271014399999303e-02 5.949426162346667102e-01 3.412566370986667152e-01 4.048036522666670009e-03 0.000000000000000000e+00 0.000000000000000000e+00 0.000000000000000000e+00 0.000000000000000000e+00
0.000000000000000000e+00 0.000000000000000000e+00 0.000000000000000000e+00 5.894887287466661629e-02 5.934859680426666229e-01 3.433814452906667758e-01 4.183713792000007606e-03 0.000000000000000000e+00 0.000000000000000000e+00 0.000000000000000000e+00 0.000000000000000000e+00
0.000000000000000000e+00 0.000000000000000000e+00 0.000000000000000000e+00 5.815227733333326599e-02 5.920178346666664648e-01 3.455074986666668568e-01 4.322389333333344699e-03 0.000000000000000000e+00 0.000000000000000000e+00 0.000000000000000000e+00 0.000000000000000000e+00
0.000000000000000000e+00 0.000000000000000000e+00 0.000000000000000000e+00 5.736289075199992038e-02 5.905383144106665094e-01 3.476346989226668516e-01 4.464095914666682194e-03 0.000000000000000000e+00 0.000000000000000000e+00 0.000000000000000000e+00 0.000000000000000000e+00
0.000000000000000000e+00 0.000000000000000000e+00 0.000000000000000000e+00 5.658068036266667572e-02 5.890475055786666969e-01 3.497629477546665977e-01 4.608866304000000177e-03 0.000000000000000000e+00 0.000000000000000000e+00 0.000000000000000000e+00 0.000000000000000000e+00
0.000000000000000000e+00 0.000000000000000000e+00 0.000000000000000000e+00 5.580561339733330212e-02 5.875455064746666345e-01 3.518921468586667101e-01 4.756733269333338586e-03 0.000000000000000000e+00 0.000000000000000000e+00 0.000000000000000000e+00 0.000000000000000000e+00
0.000000000000000000e+00 0.000000000000000000e+00 0.000000000000000000e+00 5.503765708799995826e-02 5.860324154026665955e-01 3.540221979306668043e-01 4.907729578666674905e-03 0.000000000000000000e+00 0.000000000000000000e+00 0.000000000000000000e+00 0.000000000000000000e+00
0.000000000000000000e+00 0.000000000000000000e+00 0.000000000000000000e+00 5.427677866666660855e-02 5.845083306666665202e-01 3.561530026666668292e-01 5.061888000000013509e-03 0.000000000000000000e+00 0.000000000000000000e+00 0.000000000000000000e+00 0.000000000000000000e+00
0.000000000000000000e+00 0.000000000000000000e+00 0.000000000000000000e+00 5.352294536533323821e-02 5.829733505706664598e-01 3.582844627626668998e-01 5.219241301333351832e-03 0.000000000000000000e+00 0.000000000000000000e+00 0.000000000000000000e+00 0.000000000000000000e+00
0.000000000000000000e+00 0.000000000000000000e+00 0.000000000000000000e+00 5.277612441599998511e-02 5.814275734186666877e-01 3.604164799146666320e-01 5.379822250666667360e-03 0.000000000000000000e+00 0.000000000000000000e+00 0.000000000000000000e+00 0.000000000000000000e+00
0.000000000000000000e+00 0.000000000000000000e+00 0.000000000000000000e+00 5.203628305066664017e-02 5.798710975146665891e-01 3.625489558186667516e-01 5.543663616000005234e-03 0.000000000000000000e+00 0.000000000000000000e+00 0.000000000000000000e+00 0.000000000000000000e+00
0.000000000000000000e+00 0.000000000000000000e+00 0.000000000000000000e+00 5.130338850133329964e-02 5.783040211626666594e-01 3.646817921706668186e-01 5.710798165333343807e-03 0.000000000000000000e+00 0.000000000000000000e+00 0.000000000000000000e+00 0.000000000000000000e+00
0.000000000000000000e+00 0.000000000000000000e+00 0.000000000000000000e+00 5.057740799999992792e-02 5.767264426666665056e-01 3.668148906666668374e-01 5.881258666666683114e-03 0.000000000000000000e+00 0.000000000000000000e+00 0.000000000000000000e+00 0.000000000000000000e+00
0.000000000000000000e+00 0.000000000000000000e+00 0.000000000000000000e+00 4.985830877866667676e-02 5.751384603306667342e-01 3.689481530026666456e-01 6.055077887999997174e-03 0.000000000000000000e+00 0.000000000000000000e+00 0.000000000000000000e+00 0.000000000000000000e+00
0.000000000000000000e+00 0.000000000000000000e+00 0.000000000000000000e+00 4.914605806933333015e-02 5.735401724586666194e-01 3.710814808746666915e-01 6.232288597333334595e-03 0.000000000000000000e+00 0.000000000000000000e+00 0.000000000000000000e+00 0.000000000000000000e+00
0.000000000000000000e+00 0.000000000000000000e+00 0.000000000000000000e+00 4.844062310399998433e-02 5.719316773546666566e-01 3.732147759786667574e-01 6.412923562666673731e-03 0.000000000000000000e+00 0.000000000000000000e+00 0.000000000000000000e+00 0.000000000000000000e+00
0.000000000000000000e+00 0.000000000000000000e+00 0.000000000000000000e+00 4.774197111466661064e-02 5.703130733226665638e-01 3.753479400106668473e-01 6.597015552000012883e-03 0.000000000000000000e+00 0.000000000000000000e+00 0.000000000000000000e+00 0.000000000000000000e+00
0.000000000000000000e+00 0.000000000000000000e+00 0.000000000000000000e+00 4.705006933333327063e-02 5.686844586666663925e-01 3.774808746666668546e-01 6.784597333333351223e-03 0.000000000000000000e+00 0.000000000000000000e+00 0.000000000000000000e+00 0.000000000000000000e+00
0.000000000000000000e+00 0.000000000000000000e+00 0.000000000000000000e+00 4.636488499200001195e-02 5.670459316906666380e-01 3.796134816426666725e-01 6.975701674666663632e-03 0.000000000000000000e+00 0.000000000000000000e+00 0.000000000000000000e+00 0.000000000000000000e+00
0.000000000000000000e+00 0.000000000000000000e+00 0.000000000000000000e+00 4.568638532266666719e-02 5.653975906986666855e-01 3.817456626346666937e-01 7.170361344000002191e-03 0.000000000000000000e+00 0.000000000000000000e+00 0.000000000000000000e+00 0.000000000000000000e+00
0.000000000000000000e+00 0.000000000000000000e+00 0.000000000000000000e+00 4.501453755733329787e-02 5.637395339946665862e-01 3.838773193386667559e-01 7.368609109333342649e-03 0.000000000000000000e+00 0.000000000000000000e+00 0.000000000000000000e+00 0.000000000000000000e+00
0.000000000000000000e+00 0.000000000000000000e+00 0.000000000000000000e+00 4.434930892799995167e-02 5.620718598826665025e-01 3.860083534506668634e-01 7.570477738666680709e-03 0.000000000000000000e+00 0.000000000000000000e+00 0.000000000000000000e+00 0.000000000000000000e+00
0.000000000000000000e+00 0.000000000000000000e+00 0.000000000000000000e+00 4.369066666666660687e-02 5.603946666666664855e-01 3.881386666666668539e-01 7.776000000000021610e-03 0.000000000000000000e+00 0.000000000000000000e+00 0.000000000000000000e+00 0.000000000000000000e+00
0.000000000000000000e+00 0.000000000000000000e+00 0.000000000000000000e+00 4.303857800533334582e-02 5.587080526506666978e-01 3.902681606826666760e-01 7.985208661333332431e-03 0.000000000000000000e+00 0.000000000000000000e+00 0.000000000000000000e+00 0.000000000000000000e+00
0.000000000000000000e+00 0.000000000000000000e+00 0.000000000000000000e+00 4.239301017599998028e-02 5.570121161386666353e-01 3.923967371946666671e-01 8.198136490666672188e-03 0.000000000000000000e+00 0.000000000000000000e+00 0.000000000000000000e+00 0.000000000000000000e+00
0.000000000000000000e+00 0.000000000000000000e+00 0.000000000000000000e+00 4.175393041066663424e-02 5.553069554346665715e-01 3.945242978986667759e-01 8.414816256000009695e-03 0.000000000000000000e+00 0.000000000000000000e+00 0.000000000000000000e+00 0.000000000000000000e+00
0.000000000000000000e+00 0.000000000000000000e+00 0.000000000000000000e+00 4.112130594133329292e-02 5.535926688426666686e-01 3.966507444906667845e-01 8.635280725333351060e-03 0.000000000000000000e+00 0.000000000000000000e+00 0.000000000000000000e+00 0.000000000000000000e+00
0.000000000000000000e+00 0.000000000000000000e+00 0.000000000000000000e+00 4.049510399999992766e-02 5.518693546666664229e-01 3.987759786666668638e-01 8.859562666666690248e-03 0.000000000000000000e+00 0.000000000000000000e+00 0.000000000000000000e+00 0.000000000000000000e+00
0.000000000000000000e+00 0.000000000000000000e+00 0.000000000000000000e+00 3.987529181866666245e-02 5.501371112106666628e-01 4.008999021226666848e-01 9.087694847999998674e-03 0.000000000000000000e+00 0.000000000000000000e+00 0.000000000000000000e+00 0.000000000000000000e+00
0.000000000000000000e+00 0.000000000000000000e+00 0.000000000000000000e+00 3.926183662933331597e-02 5.483960367786665513e-01 4.030224165546667514e-01 9.319710037333339692e-03 0.000000000000000000e+00 0.000000000000000000e+00 0.000000000000000000e+00 0.000000000000000000e+00
0.000000000000000000e+00 0.000000000000000000e+00 0.000000000000000000e+00 3.865470566399997060e-02 5.466462296746665839e-01 4.051434236586667348e-01 9.555641002666679512e-03 0.000000000000000000e+00 0.000000000000000000e+00 0.000000000000000000e+00 0.000000000000000000e+00
0.000000000000000000e+00 0.000000000000000000e+00 0.000000000000000000e+00 3.805386615466661154e-02 5.448877882026665898e-01 4.072628251306668612e-01 9.795520512000019039e-03 0.000000000000000000e+00 0.000000000000000000e+00 0.000000000000000000e+00 0.000000000000000000e+00
0.000000000000000000e+00 0.000000000000000000e+00 0.000000000000000000e+00 3.745928533333327259e-02 5.431208106666665092e-01 4.093805226666669128e-01 1.003938133333336091e-02 0.000000000000000000e+00 0.000000000000000000e+00 0.000000000000000000e+00 0.000000000000000000e+00
0.000000000000000000e+00 0.000000000000000000e+00 0.000000000000000000e+00 3.687093043200000142e-02 5.413453953706666155e-01 4.114964179626666718e-01 1.028725623466666614e-02 0.000000000000000000e+00 0.000000000000000000e+00 0.000000000000000000e+00 0.000000000000000000e+00
0.000000000000000000e+00 0.000000000000000000e+00 0.000000000000000000e+00 3.628876868266665834e-02 5.395616406186666270e-01 4.136104127146666976e-01 1.053917798400000674e-02 0.000000000000000000e+00 0.000000000000000000e+00 0.000000000000000000e+00 0.000000000000000000e+00
0.000000000000000000e+00 0.000000000000000000e+00 0.000000000000000000e+00 3.571276731733329102e-02 5.377696447146664838e-01 4.157224086186667722e-01 1.079517934933334547e-02 0.000000000000000000e+00 0.000000000000000000e+00 0.000000000000000000e+00 0.000000000000000000e+00
0.000000000000000000e+00 0.000000000000000000e+00 0.000000000000000000e+00 3.514289356799995406e-02 5.359695059626664593e-01 4.178323073706669000e-01 1.105529309866668843e-02 0.000000000000000000e+00 0.000000000000000000e+00 0.000000000000000000e+00 0.000000000000000000e+00
0.000000000000000000e+00 0.000000000000000000e+00 0.000000000000000000e+00 3.457911466666660494e-02 5.341613226666664938e-01 4.199400106666669186e-01 1.131955200000003131e-02 0.000000000000000000e+00 0.000000000000000000e+00 0.000000000000000000e+00 0.000000000000000000e+00
0.000000000000000000e+00 0.000000000000000000e+00 0.000000000000000000e+00 3.402139784533333988e-02 5.323451931306667495e-01 4.220454202026666657e-01 1.158798882133333340e-02 0.000000000000000000e+00 0.000000000000000000e+00 0.000000000000000000e+00 0.000000000000000000e+00
0.000000000000000000e+00 0.000000000000000000e+00 0.000000000000000000e+00 3.346971033599997758e-02 5.305212156586666117e-01 4.241484376746667007e-01 1.186063633066667365e-02 0.000000000000000000e+00 0.000000000000000000e+00 0.000000000000000000e+00 0.000000000000000000e+00
0.000000000000000000e+00 0.000000000000000000e+00 0.000000000000000000e+00 3.292401937066663509e-02 5.286894885546664646e-01 4.262489647786668057e-01 1.213752729600001828e-02 0.000000000000000000e+00 0.000000000000000000e+00 0.000000000000000000e+00 0.000000000000000000e+00
0.000000000000000000e+00 0.000000000000000000e+00 0.000000000000000000e+00 3.238429218133329068e-02 5.268501101226665817e-01 4.283469032106668739e-01 1.241869448533335953e-02 0.000000000000000000e+00 0.000000000000000000e+00 0.000000000000000000e+00 0.000000000000000000e+00
0.000000000000000000e+00 0.000000000000000000e+00 0.000000000000000000e+00 3.185049599999992959e-02 5.250031786666664591e-01 4.304421546666669096e-01 1.270417066666670002e-02 0.000000000000000000e+00 0.000000000000000000e+00 0.000000000000000000e+00 0.000000000000000000e+00
0.000000000000000000e+00 0.000000000000000000e+00 0.000000000000000000e+00 3.132259805866665497e-02 5.231487924906667031e-01 4.325346208426666950e-01 1.299398860800000076e-02 0.000000000000000000e+00 0.000000000000000000e+00 0.000000000000000000e+00 0.000000000000000000e+00
0.000000000000000000e+00 0.000000000000000000e+00 0.000000000000000000e+00 3.080056558933331329e-02 5.212870498986665879e-01 4.346242034346667893e-01 1.328818107733334593e-02 0.000000000000000000e+00 0.000000000000000000e+00 0.000000000000000000e+00 0.000000000000000000e+00
0.000000000000000000e+00 0.000000000000000000e+00 0.000000000000000000e+00 3.028436582399997301e-02 5.194180491946666089e-01 4.367108041386668082e-01 1.358678084266668612e-02 0.000000000000000000e+00 0.000000000000000000e+00 0.000000000000000000e+00 0.000000000000000000e+00
0.000000000000000000e+00 0.000000000000000000e+00 0.000000000000000000e+00 2.977396599466661589e-02 5.175418886826665954e-01 4.387943246506668671e-01 1.388982067200002744e-02 0.000000000000000000e+00 0.000000000000000000e+00 0.000000000000000000e+00 0.000000000000000000e+00
0.000000000000000000e+00 0.000000000000000000e+00 0.000000000000000000e+00 2.926933333333333470e-02 5.156586666666667096e-01 4.408746666666666369e-01 1.419733333333332743e-02 0.000000000000000000e+00 0.000000000000000000e+00 0.000000000000000000e+00 0.000000000000000000e+00
0.000000000000000000e+00 0.000000000000000000e+00 0.000000000000000000e+00 2.877043507199999323e-02 5.137684814506665587e-01 4.429517318826666772e-01 1.450935159466667027e-02 0.000000000000000000e+00 0.000000000000000000e+00 0.000000000000000000e+00 0.000000000000000000e+00
0.000000000000000000e+00 0.000000000000000000e+00 0.000000000000000000e+00 2.827723844266665301e-02 5.118714313386666381e-01 4.450254219946667145e-01 1.482590822400001174e-02 0.000000000000000000e+00 0.000000000000000000e+00 0.000000000000000000e+00 0.000000000000000000e+00
0.000000000000000000e+00 0.000000000000000000e+00 0.000000000000000000e+00 2.778971067733329234e-02 5.099676146346665551e-01 4.470956386986668085e-01 1.514703598933335622e-02 0.000000000000000000e+00 0.000000000000000000e+00 0.000000000000000000e+00 0.000000000000000000e+00
0.000000000000000000e+00 0.000000000000000000e+00 0.000000000000000000e+00 2.730781900799995540e-02 5.080571296426663608e-01 4.491622836906669081e-01 1.547276765866670116e-02 0.000000000000000000e+00 0.000000000000000000e+00 0.000000000000000000e+00 0.000000000000000000e+00
0.000000000000000000e+00 0.000000000000000000e+00 0.000000000000000000e+00 2.683153066666667252e-02 5.061400746666666617e-01 4.512252586666666287e-01 1.580313599999999541e-02 0.000000000000000000e+00 0.000000000000000000e+00 0.000000000000000000e+00 0.000000000000000000e+00
0.000000000000000000e+00 0.000000000000000000e+00 0.000000000000000000e+00 2.636081288533333178e-02 5.042165480106666209e-01 4.532844653226666409e-01 1.613817378133334049e-02 0.000000000000000000e+00 0.000000000000000000e+00 0.000000000000000000e+00 0.000000000000000000e+00
0.000000000000000000e+00 0.000000000000000000e+00 0.000000000000000000e+00 2.589563289599997389e-02 5.022866479786665117e-01 4.553398053546667268e-01 1.647791377066668006e-02 0.000000000000000000e+00 0.000000000000000000e+00 0.000000000000000000e+00 0.000000000000000000e+00
0.000000000000000000e+00 0.000000000000000000e+00 0.000000000000000000e+00 2.543595793066663266e-02 5.003504728746664965e-01 4.573911804586668350e-01 1.682238873600002890e-02 0.000000000000000000e+00 0.000000000000000000e+00 0.000000000000000000e+00 0.000000000000000000e+00
0.000000000000000000e+00 0.000000000000000000e+00 0.000000000000000000e+00 2.498175522133329329e-02 4.984081210026665154e-01 4.594384923306668034e-01 1.717163144533337057e-02 0.000000000000000000e+00 0.000000000000000000e+00 0.000000000000000000e+00 0.000000000000000000e+00
0.000000000000000000e+00 0.000000000000000000e+00 0.000000000000000000e+00 2.453299200000001040e-02 4.964596906666667309e-01 4.614816426666666360e-01 1.752567466666666435e-02 0.000000000000000000e+00 0.000000000000000000e+00 0.000000000000000000e+00 0.000000000000000000e+00
0.000000000000000000e+00 0.000000000000000000e+00 0.000000000000000000e+00 2.408963549866665471e-02 4.945052801706666390e-01 4.635205331626666703e-01 1.788455116800000480e-02 0.000000000000000000e+00 0.000000000000000000e+00 0.000000000000000000e+00 0.000000000000000000e+00
0.000000000000000000e+00 0.000000000000000000e+00 0.000000000000000000e+00 2.365165294933331205e-02 4.925449878186665131e-01 4.655550655146667438e-01 1.824829371733335467e-02 0.000000000000000000e+00 0.000000000000000000e+00 0.000000000000000000e+00 0.000000000000000000e+00
0.000000000000000000e+00 0.000000000000000000e+00 0.000000000000000000e+00 2.321901158399997112e-02 4.905789119146665711e-01 4.675851414186668054e-01 1.861693508266669406e-02 0.000000000000000000e+00 0.000000000000000000e+00 0.000000000000000000e+00 0.000000000000000000e+00
0.000000000000000000e+00 0.000000000000000000e+00 0.000000000000000000e+00 2.279167863466661711e-02 4.886071507626664756e-01 4.696106625706669147e-01 1.899050803200003773e-02 0.000000000000000000e+00 0.000000000000000000e+00 0.000000000000000000e+00 0.000000000000000000e+00
0.000000000000000000e+00 0.000000000000000000e+00 0.000000000000000000e+00 2.236962133333332894e-02 4.866298026666666665e-01 4.716315306666666318e-01 1.936904533333333109e-02 0.000000000000000000e+00 0.000000000000000000e+00 0.000000000000000000e+00 0.000000000000000000e+00
0.000000000000000000e+00 0.000000000000000000e+00 0.000000000000000000e+00 2.195280691199998774e-02 4.846469659306665845e-01 4.736476474026667383e-01 1.975257975466667912e-02 0.000000000000000000e+00 0.000000000000000000e+00 0.000000000000000000e+00 0.000000000000000000e+00
0.000000000000000000e+00 0.000000000000000000e+00 0.000000000000000000e+00 2.154120260266664810e-02 4.826587388586665583e-01 4.756589144746667386e-01 2.014114406400002028e-02 0.000000000000000000e+00 0.000000000000000000e+00 0.000000000000000000e+00 0.000000000000000000e+00
0.000000000000000000e+00 0.000000000000000000e+00 0.000000000000000000e+00 2.113477563733329873e-02 4.806652197546665839e-01 4.776652335786668591e-01 2.053477102933336587e-02 0.000000000000000000e+00 0.000000000000000000e+00 0.000000000000000000e+00 0.000000000000000000e+00
0.000000000000000000e+00 0.000000000000000000e+00 0.000000000000000000e+00 2.073349324799995605e-02 4.786665069226664904e-01 4.796665064106668819e-01 2.093349341866671334e-02 0.000000000000000000e+00 0.000000000000000000e+00 0.000000000000000000e+00 0.000000000000000000e+00
0.000000000000000000e+00 0.000000000000000000e+00 0.000000000000000000e+00 2.033732266666666427e-02 4.766626986666666621e-01 4.816626346666665892e-01 2.133734400000000461e-02 0.000000000000000000e+00 0.000000000000000000e+00 0.000000000000000000e+00 0.000000000000000000e+00
0.000000000000000000e+00 0.000000000000000000e+00 0.000000000000000000e+00 1.994623112533332535e-02 4.746538932906665398e-01 4.836535200426667624e-01 2.174635554133334814e-02 0.000000000000000000e+00 0.000000000000000000e+00 0.000000000000000000e+00 0.000000000000000000e+00
0.000000000000000000e+00 0.000000000000000000e+00 0.000000000000000000e+00 1.956018585599997306e-02 4.726401890986665077e-01 4.856390642346667952e-01 2.216056081066669278e-02 0.000000000000000000e+00 0.000000000000000000e+00 0.000000000000000000e+00 0.000000000000000000e+00
0.000000000000000000e+00 0.000000000000000000e+00 0.000000000000000000e+00 1.917915409066663426e-02 4.706216843946665618e-01 4.876191689386667472e-01 2.257999257600003945e-02 0.000000000000000000e+00 0.000000000000000000e+00 0.000000000000000000e+00 0.000000000000000000e+00
0.000000000000000000e+00 0.000000000000000000e+00 0.000000000000000000e+00 1.880310306133329418e-02 4.685984774826663646e-01 4.895937358506669557e-01 2.300468360533338211e-02 0.000000000000000000e+00 0.000000000000000000e+00 0.000000000000000000e+00 0.000000000000000000e+00
0.000000000000000000e+00 0.000000000000000000e+00 0.000000000000000000e+00 1.843200000000000394e-02 4.665706666666666891e-01 4.915626666666667033e-01 2.343466666666666962e-02 0.000000000000000000e+00 0.000000000000000000e+00 0.000000000000000000e+00 0.000000000000000000e+00
0.000000000000000000e+00 0.000000000000000000e+00 0.000000000000000000e+00 1.806581213866664815e-02 4.645383502506665874e-01 4.935258630826667714e-01 2.386997452800001390e-02 0.000000000000000000e+00 0.000000000000000000e+00 0.000000000000000000e+00 0.000000000000000000e+00
0.000000000000000000e+00 0.000000000000000000e+00 0.000000000000000000e+00 1.770450670933331264e-02 4.625016265386666103e-01 4.954832267946667756e-01 2.431063995733336383e-02 0.000000000000000000e+00 0.000000000000000000e+00 0.000000000000000000e+00 0.000000000000000000e+00
0.000000000000000000e+00 0.000000000000000000e+00 0.000000000000000000e+00 1.734805094399997222e-02 4.604605938346664207e-01 4.974346594986668868e-01 2.475669572266670643e-02 0.000000000000000000e+00 0.000000000000000000e+00 0.000000000000000000e+00 0.000000000000000000e+00
0.000000000000000000e+00 0.000000000000000000e+00 0.000000000000000000e+00 1.699641207466661905e-02 4.584153504426664028e-01 4.993800628906669425e-01 2.520817459200005647e-02 0.000000000000000000e+00 0.000000000000000000e+00 0.000000000000000000e+00 0.000000000000000000e+00
0.000000000000000000e+00 0.000000000000000000e+00 0.000000000000000000e+00 1.664955733333332508e-02 4.563659946666666078e-01 5.013193386666667806e-01 2.566510933333333855e-02 0.000000000000000000e+00 0.000000000000000000e+00 0.000000000000000000e+00 0.000000000000000000e+00
0.000000000000000000e+00 0.000000000000000000e+00 0.000000000000000000e+00 1.630745395199998532e-02 4.543126248106665876e-01 5.032523885226667382e-01 2.612753271466668886e-02 0.000000000000000000e+00 0.000000000000000000e+00 0.000000000000000000e+00 0.000000000000000000e+00
0.000000000000000000e+00 0.000000000000000000e+00 0.000000000000000000e+00 1.597006916266664744e-02 4.522553391786665045e-01 5.051791141546668751e-01 2.659547750400003199e-02 0.000000000000000000e+00 0.000000000000000000e+00 0.000000000000000000e+00 0.000000000000000000e+00
0.000000000000000000e+00 0.000000000000000000e+00 0.000000000000000000e+00 1.563737019733329667e-02 4.501942360746664651e-01 5.070994172586669180e-01 2.706897646933337925e-02 0.000000000000000000e+00 0.000000000000000000e+00 0.000000000000000000e+00 0.000000000000000000e+00
0.000000000000000000e+00 0.000000000000000000e+00 0.000000000000000000e+00 1.530932428799999974e-02 4.481294138026667428e-01 5.090131995306667045e-01 2.754806237866665869e-02 0.000000000000000000e+00 0.000000000000000000e+00 0.000000000000000000e+00 0.000000000000000000e+00
0.000000000000000000e+00 0.000000000000000000e+00 0.000000000000000000e+00 1.498589866666666208e-02 4.460609706666666674e-01 5.109203626666666276e-01 2.803276800000000651e-02 0.000000000000000000e+00 0.000000000000000000e+00 0.000000000000000000e+00 0.000000000000000000e+00
0.000000000000000000e+00 0.000000000000000000e+00 0.000000000000000000e+00 1.466706056533332442e-02 4.439890049706665676e-01 5.128208083626668579e-01 2.852312610133335424e-02 0.000000000000000000e+00 0.000000000000000000e+00 0.000000000000000000e+00 0.000000000000000000e+00
0.000000000000000000e+00 0.000000000000000000e+00 0.000000000000000000e+00 1.435277721599997544e-02 4.419136150186664946e-01 5.147144383146667890e-01 2.901916945066669931e-02 0.000000000000000000e+00 0.000000000000000000e+00 0.000000000000000000e+00 0.000000000000000000e+00
0.000000000000000000e+00 0.000000000000000000e+00 0.000000000000000000e+00 1.404301585066663506e-02 4.398348991146664999e-01 5.166011542186668137e-01 2.952093081600005303e-02 0.000000000000000000e+00 0.000000000000000000e+00 0.000000000000000000e+00 0.000000000000000000e+00
0.000000000000000000e+00 0.000000000000000000e+00 0.000000000000000000e+00 1.373774370133333533e-02 4.377529555626666902e-01 5.184808577706665478e-01 3.002844296533332957e-02 0.000000000000000000e+00 0.000000000000000000e+00 0.000000000000000000e+00 0.000000000000000000e+00
0.000000000000000000e+00 0.000000000000000000e+00 0.000000000000000000e+00 1.343692799999999903e-02 4.356678826666666171e-01 5.203534506666667170e-01 3.054173866666667556e-02 0.000000000000000000e+00 0.000000000000000000e+00 0.000000000000000000e+00 0.000000000000000000e+00
0.000000000000000000e+00 0.000000000000000000e+00 0.000000000000000000e+00 1.314053597866664778e-02 4.335797787306665541e-01 5.222188346026668260e-01 3.106085068800002597e-02 0.000000000000000000e+00 0.000000000000000000e+00 0.000000000000000000e+00 0.000000000000000000e+00
0.000000000000000000e+00 0.000000000000000000e+00 0.000000000000000000e+00 1.284853486933331193e-02 4.314887420586665523e-01 5.240769112746668235e-01 3.158581179733337824e-02 0.000000000000000000e+00 0.000000000000000000e+00 0.000000000000000000e+00 0.000000000000000000e+00
0.000000000000000000e+00 0.000000000000000000e+00 0.000000000000000000e+00 1.256089190399997321e-02 4.293948709546663856e-01 5.259275823786668802e-01 3.211665476266672287e-02 0.000000000000000000e+00 0.000000000000000000e+00 0.000000000000000000e+00 0.000000000000000000e+00
0.000000000000000000e+00 0.000000000000000000e+00 0.000000000000000000e+00 1.227757431466667236e-02 4.272982637226666602e-01 5.277707496106667229e-01 3.265341235199999831e-02 0.000000000000000000e+00 0.000000000000000000e+00 0.000000000000000000e+00 0.000000000000000000e+00
0.000000000000000000e+00 0.000000000000000000e+00 0.000000000000000000e+00 1.199854933333332346e-02 4.251990186666665950e-01 5.296063146666667443e-01 3.319611733333334425e-02 0.000000000000000000e+00 0.000000000000000000e+00 0.000000000000000000e+00 0.000000000000000000e+00
0.000000000000000000e+00 0.000000000000000000e+00 0.000000000000000000e+00 1.172378419199998634e-02 4.230972340906665741e-01 5.314341792426666711e-01 3.374480247466669913e-02 0.000000000000000000e+00 0.000000000000000000e+00 0.000000000000000000e+00 0.000000000000000000e+00
0.000000000000000000e+00 0.000000000000000000e+00 0.000000000000000000e+00 1.145324612266664793e-02 4.209930082986664268e-01 5.332542450346667851e-01 3.429950054400004306e-02 0.000000000000000000e+00 0.000000000000000000e+00 0.000000000000000000e+00 0.000000000000000000e+00
0.000000000000000000e+00 0.000000000000000000e+00 0.000000000000000000e+00 1.118690235733330214e-02 4.188864395946664820e-01 5.350664137386669239e-01 3.486024430933339080e-02 0.000000000000000000e+00 0.000000000000000000e+00 0.000000000000000000e+00 0.000000000000000000e+00
0.000000000000000000e+00 0.000000000000000000e+00 0.000000000000000000e+00 1.092472012799999663e-02 4.167776262826666800e-01 5.368705870506667033e-01 3.542706653866666000e-02 0.000000000000000000e+00 0.000000000000000000e+00 0.000000000000000000e+00 0.000000000000000000e+00
0.000000000000000000e+00 0.000000000000000000e+00 0.000000000000000000e+00 1.066666666666665937e-02 4.146666666666666279e-01 5.386666666666666270e-01 3.600000000000001810e-02 0.000000000000000000e+00 0.000000000000000000e+00 0.000000000000000000e+00 0.000000000000000000e+00
0.000000000000000000e+00 0.000000000000000000e+00 0.000000000000000000e+00 1.041270920533332242e-02 4.125536590506664880e-01 5.404545542826668658e-01 3.657907746133336885e-02 0.000000000000000000e+00 0.000000000000000000e+00 0.000000000000000000e+00 0.000000000000000000e+00
0.000000000000000000e+00 0.000000000000000000e+00 0.000000000000000000e+00 1.016281497599997447e-02 4.104387017386664782e-01 5.422341515946668133e-01 3.716433169066671316e-02 0.000000000000000000e+00 0.000000000000000000e+00 0.000000000000000000e+00 0.000000000000000000e+00
0.000000000000000000e+00 0.000000000000000000e+00 0.000000000000000000e+00 9.916951210666638886e-03 4.083218930346664832e-01 5.440053602986668624e-01 3.775579545600007275e-02 0.000000000000000000e+00 0.000000000000000000e+00 0.000000000000000000e+00 0.000000000000000000e+00
0.000000000000000000e+00 0.000000000000000000e+00 0.000000000000000000e+00 9.675085141333333860e-03 4.062033312426666654e-01 5.457680820906666286e-01 3.835350152533333751e-02 0.000000000000000000e+00 0.000000000000000000e+00 0.000000000000000000e+00 0.000000000000000000e+00
0.000000000000000000e+00 0.000000000000000000e+00 0.000000000000000000e+00 9.437183999999994299e-03 4.040831146666665763e-01 5.475222186666667268e-01 3.895748266666668874e-02 0.000000000000000000e+00 0.000000000000000000e+00 0.000000000000000000e+00 0.000000000000000000e+00
0.000000000000000000e+00 0.000000000000000000e+00 0.000000000000000000e+00 9.203215018666650524e-03 4.019613416106666004e-01 5.492676717226667726e-01 3.956777164800003715e-02 0.000000000000000000e+00 0.000000000000000000e+00 0.000000000000000000e+00 0.000000000000000000e+00
0.000000000000000000e+00 0.000000000000000000e+00 0.000000000000000000e+00 8.973145429333312037e-03 3.998381103786665114e-01 5.510043429546668259e-01 4.018440123733339059e-02 0.000000000000000000e+00 0.000000000000000000e+00 0.000000000000000000e+00 0.000000000000000000e+00
0.000000000000000000e+00 0.000000000000000000e+00 0.000000000000000000e+00 8.746942463999976200e-03 3.977135192746663606e-01 5.527321340586668352e-01 4.080740420266673607e-02 0.000000000000000000e+00 0.000000000000000000e+00 0.000000000000000000e+00 0.000000000000000000e+00
0.000000000000000000e+00 0.000000000000000000e+00 0.000000000000000000e+00 8.524573354666668129e-03 3.955876666026666433e-01 5.544509467306667494e-01 4.143681331200000512e-02 0.000000000000000000e+00 0.000000000000000000e+00 0.000000000000000000e+00 0.000000000000000000e+00
0.000000000000000000e+00 0.000000000000000000e+00 0.000000000000000000e+00 8.306005333333322735e-03 3.934606506666665782e-01 5.561606826666667391e-01 4.207266133333335822e-02 0.000000000000000000e+00 0.000000000000000000e+00 0.000000000000000000e+00 0.000000000000000000e+00
0.000000000000000000e+00 0.000000000000000000e+00 0.000000000000000000e+00 8.091205631999985950e-03 3.913325697706665496e-01 5.578612435626667532e-01 4.271498103466671303e-02 0.000000000000000000e+00 0.000000000000000000e+00 0.000000000000000000e+00 0.000000000000000000e+00
0.000000000000000000e+00 0.000000000000000000e+00 0.000000000000000000e+00 7.880141482666648198e-03 3.892035222186664423e-01 5.595525311146668512e-01 4.336380518400006351e-02 0.000000000000000000e+00 0.000000000000000000e+00 0.000000000000000000e+00 0.000000000000000000e+00
0.000000000000000000e+00 0.000000000000000000e+00 0.000000000000000000e+00 7.672780117333305103e-03 3.870736063146663630e-01 5.612344470186668710e-01 4.401916654933341055e-02 0.000000000000000000e+00 0.000000000000000000e+00 0.000000000000000000e+00 0.000000000000000000e+00
0.000000000000000000e+00 0.000000000000000000e+00 0.000000000000000000e+00 7.469088767999995659e-03 3.849429203626666407e-01 5.629068929706666502e-01 4.468109789866667181e-02 0.000000000000000000e+00 0.000000000000000000e+00 0.000000000000000000e+00 0.000000000000000000e+00
0.000000000000000000e+00 0.000000000000000000e+00 0.000000000000000000e+00 7.269034666666658248e-03 3.828115626666666049e-01 5.645697706666666926e-01 4.534963200000002859e-02 0.000000000000000000e+00 0.000000000000000000e+00 0.000000000000000000e+00 0.000000000000000000e+00
0.000000000000000000e+00 0.000000000000000000e+00 0.000000000000000000e+00 7.072585045333322322e-03 3.806796315306664180e-01 5.662229818026668360e-01 4.602480162133337771e-02 0.000000000000000000e+00 0.000000000000000000e+00 0.000000000000000000e+00 0.000000000000000000e+00
0.000000000000000000e+00 0.000000000000000000e+00 0.000000000000000000e+00 6.879707135999979170e-03 3.785472252586664643e-01 5.678664280746668069e-01 4.670663953066673396e-02 0.000000000000000000e+00 0.000000000000000000e+00 0.000000000000000000e+00 0.000000000000000000e+00
0.000000000000000000e+00 0.000000000000000000e+00 0.000000000000000000e+00 6.690368170666666919e-03 3.764144421546666841e-01 5.695000111786665542e-01 4.739517849599998722e-02 0.000000000000000000e+00 0.000000000000000000e+00 0.000000000000000000e+00 0.000000000000000000e+00
0.000000000000000000e+00 0.000000000000000000e+00 0.000000000000000000e+00 6.504535381333330021e-03 3.742813805226666291e-01 5.711236328106666926e-01 4.809045128533334656e-02 0.000000000000000000e+00 0.000000000000000000e+00 0.000000000000000000e+00 0.000000000000000000e+00
0.000000000000000000e+00 0.000000000000000000e+00 0.000000000000000000e+00 6.322175999999993593e-03 3.721481386666665170e-01 5.727371946666668379e-01 4.879249066666669493e-02 0.000000000000000000e+00 0.000000000000000000e+00 0.000000000000000000e+00 0.000000000000000000e+00
0.000000000000000000e+00 0.000000000000000000e+00 0.000000000000000000e+00 6.143257258666651524e-03 3.700148148906665102e-01 5.743405984426668276e-01 4.950132940800004711e-02 0.000000000000000000e+00 0.000000000000000000e+00 0.000000000000000000e+00 0.000000000000000000e+00
0.000000000000000000e+00 0.000000000000000000e+00 0.000000000000000000e+00 5.967746389333315922e-03 3.678815074986664935e-01 5.759337458346668326e-01 5.021700027733340399e-02 0.000000000000000000e+00 0.000000000000000000e+00 0.000000000000000000e+00 0.000000000000000000e+00
0.000000000000000000e+00 0.000000000000000000e+00 0.000000000000000000e+00 5.795610624000001494e-03 3.657483147946666846e-01 5.775165385386665795e-01 5.093953604266666241e-02 0.000000000000000000e+00 0.000000000000000000e+00 0.000000000000000000e+00 0.000000000000000000e+00
0.000000000000000000e+00 0.000000000000000000e+00 0.000000000000000000e+00 5.626817194666664836e-03 3.636153350826666353e-01 5.790888782506666832e-01 5.166896947200001755e-02 0.000000000000000000e+00 0.000000000000000000e+00 0.000000000000000000e+00 0.000000000000000000e+00
0.000000000000000000e+00 0.000000000000000000e+00 0.000000000000000000e+00 5.461333333333323256e-03 3.614826666666665078e-01 5.806506666666667593e-01 5.240533333333336624e-02 0.000000000000000000e+00 0.000000000000000000e+00 0.000000000000000000e+00 0.000000000000000000e+00
0.000000000000000000e+00 0.000000000000000000e+00 0.000000000000000000e+00 5.299126271999987127e-03 3.593504078506665200e-01 5.822018054826667566e-01 5.314866039466672326e-02 0.000000000000000000e+00 0.000000000000000000e+00 0.000000000000000000e+00 0.000000000000000000e+00
0.000000000000000000e+00 0.000000000000000000e+00 0.000000000000000000e+00 5.140163242666652074e-03 3.572186569386663901e-01 5.837421963946668457e-01 5.389898342400007564e-02 0.000000000000000000e+00 0.000000000000000000e+00 0.000000000000000000e+00 0.000000000000000000e+00
0.000000000000000000e+00 0.000000000000000000e+00 0.000000000000000000e+00 4.984411477333335408e-03 3.550875122346666135e-01 5.852717410986667534e-01 5.465633518933333407e-02 0.000000000000000000e+00 0.000000000000000000e+00 0.000000000000000000e+00 0.000000000000000000e+00
0.000000000000000000e+00 0.000000000000000000e+00 0.000000000000000000e+00 4.831838207999993723e-03 3.529570720426665753e-01 5.867903412906666505e-01 5.542074845866667987e-02 0.000000000000000000e+00 0.000000000000000000e+00 0.000000000000000000e+00 0.000000000000000000e+00
0.000000000000000000e+00 0.000000000000000000e+00 0.000000000000000000e+00 4.682410666666659074e-03 3.508274346666665489e-01 5.882978986666667076e-01 5.619225600000004456e-02 0.000000000000000000e+00 0.000000000000000000e+00 0.000000000000000000e+00 0.000000000000000000e+00
0.000000000000000000e+00 0.000000000000000000e+00 0.000000000000000000e+00 4.536096085333322751e-03 3.486986984106664744e-01 5.897943149226667625e-01 5.697089058133339434e-02 0.000000000000000000e+00 0.000000000000000000e+00 0.000000000000000000e+00 0.000000000000000000e+00
0.000000000000000000e+00 0.000000000000000000e+00 0.000000000000000000e+00 4.392861695999982115e-03 3.465709615786664033e-01 5.912794917546668749e-01 5.775668497066675094e-02 0.000000000000000000e+00 0.000000000000000000e+00 0.000000000000000000e+00 0.000000000000000000e+00
0.000000000000000000e+00 0.000000000000000000e+00 0.000000000000000000e+00 4.252674730666664883e-03 3.444443224746666643e-01 5.927533308586666605e-01 5.854967193599999731e-02 0.000000000000000000e+00 0.000000000000000000e+00 0.000000000000000000e+00 0.000000000000000000e+00
0.000000000000000000e+00 0.000000000000000000e+00 0.000000000000000000e+00 4.115502421333329386e-03 3.423188794026666426e-01 5.942157339306667341e-01 5.934988424533335638e-02 0.000000000000000000e+00 0.000000000000000000e+00 0.000000000000000000e+00 0.000000000000000000e+00
0.000000000000000000e+00 0.000000000000000000e+00 0.000000000000000000e+00 3.981311999999993800e-03 3.401947306666665005e-01 5.956666026666668223e-01 6.015735466666671805e-02 0.000000000000000000e+00 0.000000000000000000e+00 0.000000000000000000e+00 0.000000000000000000e+00
0.000000000000000000e+00 0.000000000000000000e+00 0.000000000000000000e+00 3.850070698666653753e-03 3.380719745706665114e-01 5.971058387626668740e-01 6.097211596800006239e-02 0.000000000000000000e+00 0.000000000000000000e+00 0.000000000000000000e+00 0.000000000000000000e+00
0.000000000000000000e+00 0.000000000000000000e+00 0.000000000000000000e+00 3.721745749333318747e-03 3.359507094186664489e-01 5.985333439146667267e-01 6.179420091733343195e-02 0.000000000000000000e+00 0.000000000000000000e+00 0.000000000000000000e+00 0.000000000000000000e+00
0.000000000000000000e+00 0.000000000000000000e+00 0.000000000000000000e+00 3.596304383999999153e-03 3.338310335146666974e-01 5.999490198186666623e-01 6.262364228266667499e-02 0.000000000000000000e+00 0.000000000000000000e+00 0.000000000000000000e+00 0.000000000000000000e+00
0.000000000000000000e+00 0.000000000000000000e+00 0.000000000000000000e+00 3.473713834666663711e-03 3.317130451626665311e-01 6.013527681706667405e-01 6.346047283200002831e-02 0.000000000000000000e+00 0.000000000000000000e+00 0.000000000000000000e+00 0.000000000000000000e+00
0.000000000000000000e+00 0.000000000000000000e+00 0.000000000000000000e+00 3.353941333333324091e-03 3.295968426666665563e-01 6.027444906666666880e-01 6.430472533333339569e-02 0.000000000000000000e+00 0.000000000000000000e+00 0.000000000000000000e+00 0.000000000000000000e+00
0.000000000000000000e+00 0.000000000000000000e+00 0.000000000000000000e+00 3.236954111999988930e-03 3.274825243306664357e-01 6.041240890026667865e-01 6.515643255466675721e-02 0.000000000000000000e+00 0.000000000000000000e+00 0.000000000000000000e+00 0.000000000000000000e+00
0.000000000000000000e+00 0.000000000000000000e+00 0.000000000000000000e+00 3.122719402666654289e-03 3.253701884586663873e-01 6.054914648746667627e-01 6.601562726400010683e-02 0.000000000000000000e+00 0.000000000000000000e+00 0.000000000000000000e+00 0.000000000000000000e+00
0.000000000000000000e+00 0.000000000000000000e+00 0.000000000000000000e+00 3.011204437333333574e-03 3.232599333546666287e-01 6.068465199786666764e-01 6.688234222933334139e-02 0.000000000000000000e+00 0.000000000000000000e+00 0.000000000000000000e+00 0.000000000000000000e+00
0.000000000000000000e+00 0.000000000000000000e+00 0.000000000000000000e+00 2.902376447999994655e-03 3.211518573226666007e-01 6.081891560106666983e-01 6.775661021866669076e-02 0.000000000000000000e+00 0.000000000000000000e+00 0.000000000000000000e+00 0.000000000000000000e+00
0.000000000000000000e+00 0.000000000000000000e+00 0.000000000000000000e+00 2.796202666666659613e-03 3.190460586666665210e-01 6.095192746666666661e-01 6.863846400000006565e-02 0.000000000000000000e+00 0.000000000000000000e+00 0.000000000000000000e+00 0.000000000000000000e+00
0.000000000000000000e+00 0.000000000000000000e+00 0.000000000000000000e+00 2.692650325333324508e-03 3.169426356906664410e-01 6.108367776426668616e-01 6.952793634133341838e-02 0.000000000000000000e+00 0.000000000000000000e+00 0.000000000000000000e+00 0.000000000000000000e+00
0.000000000000000000e+00 0.000000000000000000e+00 0.000000000000000000e+00 2.591686655999986266e-03 3.148416866986663565e-01 6.121415666346667894e-01 7.042506001066678456e-02 0.000000000000000000e+00 0.000000000000000000e+00 0.000000000000000000e+00 0.000000000000000000e+00
0.000000000000000000e+00 0.000000000000000000e+00 0.000000000000000000e+00 2.493278890666663934e-03 3.127433099946666517e-01 6.134335433386666203e-01 7.132986777600001937e-02 0.000000000000000000e+00 0.000000000000000000e+00 0.000000000000000000e+00 0.000000000000000000e+00
0.000000000000000000e+00 0.000000000000000000e+00 0.000000000000000000e+00 2.397394261333329283e-03 3.106476038826666008e-01 6.147126094506667471e-01 7.224239240533336659e-02 0.000000000000000000e+00 0.000000000000000000e+00 0.000000000000000000e+00 0.000000000000000000e+00
0.000000000000000000e+00 0.000000000000000000e+00 0.000000000000000000e+00 2.303999999999994421e-03 3.085546666666665327e-01 6.159786666666667854e-01 7.316266666666673690e-02 0.000000000000000000e+00 0.000000000000000000e+00 0.000000000000000000e+00 0.000000000000000000e+00
0.000000000000000000e+00 0.000000000000000000e+00 0.000000000000000000e+00 2.213063338666656273e-03 3.064645966506664432e-01 6.172316166826667949e-01 7.409072332800009653e-02 0.000000000000000000e+00 0.000000000000000000e+00 0.000000000000000000e+00 0.000000000000000000e+00
0.000000000000000000e+00 0.000000000000000000e+00 0.000000000000000000e+00 2.124551509333333019e-03 3.043774921386667165e-01 6.184713611946666134e-01 7.502659515733332840e-02 0.000000000000000000e+00 0.000000000000000000e+00 0.000000000000000000e+00 0.000000000000000000e+00
0.000000000000000000e+00 0.000000000000000000e+00 0.000000000000000000e+00 2.038431743999998165e-03 3.022934514346666823e-01 6.196978018986667447e-01 7.597031492266667629e-02 0.000000000000000000e+00 0.000000000000000000e+00 0.000000000000000000e+00 0.000000000000000000e+00
0.000000000000000000e+00 0.000000000000000000e+00 0.000000000000000000e+00 1.954671274666663818e-03 3.002125728426665030e-01 6.209108404906666934e-01 7.692191539200005090e-02 0.000000000000000000e+00 0.000000000000000000e+00 0.000000000000000000e+00 0.000000000000000000e+00
0.000000000000000000e+00 0.000000000000000000e+00 0.000000000000000000e+00 1.873237333333326255e-03 2.981349546666665074e-01 6.221103786666667412e-01 7.788142933333341844e-02 0.000000000000000000e+00 0.000000000000000000e+00 0.000000000000000000e+00 0.000000000000000000e+00
0.000000000000000000e+00 0.000000000000000000e+00 0.000000000000000000e+00 1.794097151999991943e-03 2.960606952106664691e-01 6.232963181226667260e-01 7.884888951466677287e-02 0.000000000000000000e+00 0.000000000000000000e+00 0.000000000000000000e+00 0.000000000000000000e+00
0.000000000000000000e+00 0.000000000000000000e+00 0.000000000000000000e+00 1.717217962666666917e-03 2.939898927786667171e-01 6.244685605546667073e-01 7.982432870399999714e-02 0.000000000000000000e+00 0.000000000000000000e+00 0.000000000000000000e+00 0.000000000000000000e+00
0.000000000000000000e+00 0.000000000000000000e+00 0.000000000000000000e+00 1.642566997333332274e-03 2.919226456746665810e-01 6.256270076586667450e-01 8.080777966933336276e-02 0.000000000000000000e+00 0.000000000000000000e+00 0.000000000000000000e+00 0.000000000000000000e+00
0.000000000000000000e+00 0.000000000000000000e+00 0.000000000000000000e+00 1.570111487999995351e-03 2.898590522026666116e-01 6.267715611306666768e-01 8.179927517866672493e-02 0.000000000000000000e+00 0.000000000000000000e+00 0.000000000000000000e+00 0.000000000000000000e+00
0.000000000000000000e+00 0.000000000000000000e+00 0.000000000000000000e+00 1.499818666666661096e-03 2.877992106666665273e-01 6.279021226666667843e-01 8.279884800000007761e-02 0.000000000000000000e+00 0.000000000000000000e+00 0.000000000000000000e+00 0.000000000000000000e+00
0.000000000000000000e+00 0.000000000000000000e+00 0.000000000000000000e+00 1.431655765333326655e-03 2.857432193706664347e-01 6.290185939626667944e-01 8.380653090133344252e-02 0.000000000000000000e+00 0.000000000000000000e+00 0.000000000000000000e+00 0.000000000000000000e+00
0.000000000000000000e+00 0.000000000000000000e+00 0.000000000000000000e+00 1.365590016000000880e-03 2.836911766186666628e-01 6.301208767146666556e-01 8.482235665066666097e-02 0.000000000000000000e+00 0.000000000000000000e+00 0.000000000000000000e+00 0.000000000000000000e+00
0.000000000000000000e+00 0.000000000000000000e+00 0.000000000000000000e+00 1.301588650666664218e-03 2.816431807146665967e-01 6.312088726186666499e-01 8.584635801600003224e-02 0.000000000000000000e+00 0.000000000000000000e+00 0.000000000000000000e+00 0.000000000000000000e+00
0.000000000000000000e+00 0.000000000000000000e+00 0.000000000000000000e+00 1.239618901333329861e-03 2.795993299626665651e-01 6.322824833706667258e-01 8.687856776533339764e-02 0.000000000000000000e+00 0.000000000000000000e+00 0.000000000000000000e+00 0.000000000000000000e+00
0.000000000000000000e+00 0.000000000000000000e+00 0.000000000000000000e+00 1.179647999999995601e-03 2.775597226666665085e-01 6.333416106666667211e-01 8.791901866666675114e-02 0.000000000000000000e+00 0.000000000000000000e+00 0.000000000000000000e+00 0.000000000000000000e+00
0.000000000000000000e+00 0.000000000000000000e+00 0.000000000000000000e+00 1.121643178666659451e-03 2.755244571306664225e-01 6.343861562026666956e-01 8.896774348800012833e-02 0.000000000000000000e+00 0.000000000000000000e+00 0.000000000000000000e+00 0.000000000000000000e+00
0.000000000000000000e+00 0.000000000000000000e+00 0.000000000000000000e+00 1.065571669333332432e-03 2.734936316586666361e-01 6.354160216746667089e-01 9.002477499733334276e-02 0.000000000000000000e+00 0.000000000000000000e+00 0.000000000000000000e+00 0.000000000000000000e+00
0.000000000000000000e+00 0.000000000000000000e+00 0.000000000000000000e+00 1.011400703999998244e-03 2.714673445546666453e-01 6.364311087786667098e-01 9.109014596266669372e-02 0.000000000000000000e+00 0.000000000000000000e+00 0.000000000000000000e+00 0.000000000000000000e+00
0.000000000000000000e+00 0.000000000000000000e+00 0.000000000000000000e+00 9.590975146666641136e-04 2.694456941226665014e-01 6.374313192106667580e-01 9.216388915200006415e-02 0.000000000000000000e+00 0.000000000000000000e+00 0.000000000000000000e+00 0.000000000000000000e+00
0.000000000000000000e+00 0.000000000000000000e+00 0.000000000000000000e+00 9.086293333333283779e-04 2.674287786666665334e-01 6.384165546666666913e-01 9.324603733333343414e-02 0.000000000000000000e+00 0.000000000000000000e+00 0.000000000000000000e+00 0.000000000000000000e+00
0.000000000000000000e+00 0.000000000000000000e+00 0.000000000000000000e+00 8.599633919999943605e-04 2.654166964906664594e-01 6.393867168426667913e-01 9.433662327466678377e-02 0.000000000000000000e+00 0.000000000000000000e+00 0.000000000000000000e+00 0.000000000000000000e+00
0.000000000000000000e+00 0.000000000000000000e+00 0.000000000000000000e+00 8.130669226666662527e-04 2.634095458986666638e-01 6.403417074346666737e-01 9.543567974400000986e-02 0.000000000000000000e+00 0.000000000000000000e+00 0.000000000000000000e+00 0.000000000000000000e+00
0.000000000000000000e+00 0.000000000000000000e+00 0.000000000000000000e+00 7.679071573333321995e-04 2.614074251946665872e-01 6.412814281386667314e-01 9.654323950933338394e-02 0.000000000000000000e+00 0.000000000000000000e+00 0.000000000000000000e+00 0.000000000000000000e+00
0.000000000000000000e+00 0.000000000000000000e+00 0.000000000000000000e+00 7.244513279999967173e-04 2.594104326826665585e-01 6.422057806506666910e-01 9.765933533866674732e-02 0.000000000000000000e+00 0.000000000000000000e+00 0.000000000000000000e+00 0.000000000000000000e+00
0.000000000000000000e+00 0.000000000000000000e+00 0.000000000000000000e+00 6.826666666666628049e-04 2.574186666666665180e-01 6.431146666666667233e-01 9.878400000000010783e-02 0.000000000000000000e+00 0.000000000000000000e+00 0.000000000000000000e+00 0.000000000000000000e+00
0.000000000000000000e+00 0.000000000000000000e+00 0.000000000000000000e+00 6.425204053333290156e-04 2.554322254506664058e-01 6.440079878826667770e-01 9.991726626133347333e-02 0.000000000000000000e+00 0.000000000000000000e+00 0.000000000000000000e+00 0.000000000000000000e+00
0.000000000000000000e+00 0.000000000000000000e+00 0.000000000000000000e+00 6.039797759999998659e-04 2.534512073386666065e-01 6.448856459946666897e-01 1.010591668906666851e-01 0.000000000000000000e+00 0.000000000000000000e+00 0.000000000000000000e+00 0.000000000000000000e+00
0.000000000000000000e+00 0.000000000000000000e+00 0.000000000000000000e+00 5.670120106666646934e-04 2.514757106346665605e-01 6.457475426986667433e-01 1.022097346560000564e-01 0.000000000000000000e+00 0.000000000000000000e+00 0.000000000000000000e+00 0.000000000000000000e+00
0.000000000000000000e+00 0.000000000000000000e+00 0.000000000000000000e+00 5.315843413333309420e-04 2.495058336426665690e-01 6.465935796906667754e-01 1.033690023253334006e-01 0.000000000000000000e+00 0.000000000000000000e+00 0.000000000000000000e+00 0.000000000000000000e+00
0.000000000000000000e+00 0.000000000000000000e+00 0.000000000000000000e+00 4.976639999999970566e-04 2.475416746666664614e-01 6.474236586666668458e-01 1.045370026666667812e-01 0.000000000000000000e+00 0.000000000000000000e+00 0.000000000000000000e+00 0.000000000000000000e+00
0.000000000000000000e+00 0.000000000000000000e+00 0.000000000000000000e+00 4.652182186666674454e-04 2.455833320106666495e-01 6.482376813226666812e-01 1.057137684479999978e-01 0.000000000000000000e+00 0.000000000000000000e+00 0.000000000000000000e+00 0.000000000000000000e+00
0.000000000000000000e+00 0.000000000000000000e+00 0.000000000000000000e+00 4.342142293333324217e-04 2.436309039786666297e-01 6.490355493546666743e-01 1.068993324373333637e-01 0.000000000000000000e+00 0.000000000000000000e+00 0.000000000000000000e+00 0.000000000000000000e+00
0.000000000000000000e+00 0.000000000000000000e+00 0.000000000000000000e+00 4.046192639999986163e-04 2.416844888746665920e-01 6.498171644586667739e-01 1.080937274026667200e-01 0.000000000000000000e+00 0.000000000000000000e+00 0.000000000000000000e+00 0.000000000000000000e+00
0.000000000000000000e+00 0.000000000000000000e+00 0.000000000000000000e+00 3.764005546666649078e-04 2.397441850026665044e-01 6.505824283306667066e-01 1.092969861120000885e-01 0.000000000000000000e+00 0.000000000000000000e+00 0.000000000000000000e+00 0.000000000000000000e+00
0.000000000000000000e+00 0.000000000000000000e+00 0.000000000000000000e+00 3.495253333333303374e-04 2.378100906666664460e-01 6.513312426666666433e-01 1.105091413333334771e-01 0.000000000000000000e+00 0.000000000000000000e+00 0.000000000000000000e+00 0.000000000000000000e+00
0.000000000000000000e+00 0.000000000000000000e+00 0.000000000000000000e+00 3.239608319999998554e-04 2.358823041706666901e-01 6.520635091626666435e-01 1.117302258346666577e-01 0.000000000000000000e+00 0.000000000000000000e+00 0.000000000000000000e+00 0.000000000000000000e+00
0.000000000000000000e+00 0.000000000000000000e+00 0.000000000000000000e+00 2.996742826666661604e-04 2.339609238186666496e-01 6.527791295146666561e-01 1.129602723840000267e-01 0.000000000000000000e+00 0.000000000000000000e+00 0.000000000000000000e+00 0.000000000000000000e+00
0.000000000000000000e+00 0.000000000000000000e+00 0.000000000000000000e+00 2.766329173333324678e-04 2.320460479146665422e-01 6.534780054186667408e-01 1.141993137493333976e-01 0.000000000000000000e+00 0.000000000000000000e+00 0.000000000000000000e+00 0.000000000000000000e+00
0.000000000000000000e+00 0.000000000000000000e+00 0.000000000000000000e+00 2.548039679999980901e-04 2.301377747626665304e-01 6.541600385706667353e-01 1.154473826986667645e-01 0.000000000000000000e+00 0.000000000000000000e+00 0.000000000000000000e+00 0.000000000000000000e+00
0.000000000000000000e+00 0.000000000000000000e+00 0.000000000000000000e+00 2.341546666666645079e-04 2.282362026666664989e-01 6.548251306666668103e-01 1.167045120000001213e-01 0.000000000000000000e+00 0.000000000000000000e+00 0.000000000000000000e+00 0.000000000000000000e+00
0.000000000000000000e+00 0.000000000000000000e+00 0.000000000000000000e+00 2.146522453333333646e-04 2.263414299306666932e-01 6.554731834026665815e-01 1.179707344213333231e-01 0.000000000000000000e+00 0.000000000000000000e+00 0.000000000000000000e+00 0.000000000000000000e+00
0.000000000000000000e+00 0.000000000000000000e+00 0.000000000000000000e+00 1.962639359999997170e-04 2.244535548586666096e-01 6.561040984746666638e-01 1.192460827306666971e-01 0.000000000000000000e+00 0.000000000000000000e+00 0.000000000000000000e+00 0.000000000000000000e+00
0.000000000000000000e+00 0.000000000000000000e+00 0.000000000000000000e+00 1.789569706666655608e-04 2.225726757546665491e-01 6.567177775786666727e-01 1.205305896960000844e-01 0.000000000000000000e+00 0.000000000000000000e+00 0.000000000000000000e+00 0.000000000000000000e+00
0.000000000000000000e+00 0.000000000000000000e+00 0.000000000000000000e+00 1.626985813333320244e-04 2.206988909226665352e-01 6.573141224106666680e-01 1.218242880853334376e-01 0.000000000000000000e+00 0.000000000000000000e+00 0.000000000000000000e+00 0.000000000000000000e+00
0.000000000000000000e+00 0.000000000000000000e+00 0.000000000000000000e+00 1.474559999999985015e-04 2.188322986666664249e-01 6.578930346666667095e-01 1.231272106666668059e-01 0.000000000000000000e+00 0.000000000000000000e+00 0.000000000000000000e+00 0.000000000000000000e+00
0.000000000000000000e+00 0.000000000000000000e+00 0.000000000000000000e+00 1.331964586666667979e-04 2.169729972906666304e-01 6.584544160426666348e-01 1.244393902080000031e-01 0.000000000000000000e+00 0.000000000000000000e+00 0.000000000000000000e+00 0.000000000000000000e+00
0.000000000000000000e+00 0.000000000000000000e+00 0.000000000000000000e+00 1.198871893333327838e-04 2.151210850986666201e-01 6.589981682346666148e-01 1.257608594773333699e-01 0.000000000000000000e+00 0.000000000000000000e+00 0.000000000000000000e+00 0.000000000000000000e+00
0.000000000000000000e+00 0.000000000000000000e+00 0.000000000000000000e+00 1.074954239999992951e-04 2.132766603946665840e-01 6.595241929386667090e-01 1.270916512426667477e-01 0.000000000000000000e+00 0.000000000000000000e+00 0.000000000000000000e+00 0.000000000000000000e+00
0.000000000000000000e+00 0.000000000000000000e+00 0.000000000000000000e+00 9.598839466666582020e-05 2.114398214826664624e-01 6.600323918506667553e-01 1.284317982720001305e-01 0.000000000000000000e+00 0.000000000000000000e+00 0.000000000000000000e+00 0.000000000000000000e+00
0.000000000000000000e+00 0.000000000000000000e+00 0.000000000000000000e+00 8.533333333333202391e-05 2.096106666666664453e-01 6.605226666666667024e-01 1.297813333333334984e-01 0.000000000000000000e+00 0.000000000000000000e+00 0.000000000000000000e+00 0.000000000000000000e+00
0.000000000000000000e+00 0.000000000000000000e+00 0.000000000000000000e+00 7.549747199999982060e-05 2.077892942506666674e-01 6.609949190826667209e-01 1.311402891946666649e-01 0.000000000000000000e+00 0.000000000000000000e+00 0.000000000000000000e+00 0.000000000000000000e+00
0.000000000000000000e+00 0.000000000000000000e+00 0.000000000000000000e+00 6.644804266666636775e-05 2.059758025386665969e-01 6.614490507946666487e-01 1.325086986240000542e-01 0.000000000000000000e+00 0.000000000000000000e+00 0.000000000000000000e+00 0.000000000000000000e+00
0.000000000000000000e+00 0.000000000000000000e+00 0.000000000000000000e+00 5.815227733333292246e-05 2.041702898346665351e-01 6.618849634986667674e-01 1.338865943893334243e-01 0.000000000000000000e+00 0.000000000000000000e+00 0.000000000000000000e+00 0.000000000000000000e+00
0.000000000000000000e+00 0.000000000000000000e+00 0.000000000000000000e+00 5.057740799999925106e-05 2.023728544426665055e-01 6.623025588906665817e-01 1.352740092586668108e-01 0.000000000000000000e+00 0.000000000000000000e+00 0.000000000000000000e+00 0.000000000000000000e+00
0.000000000000000000e+00 0.000000000000000000e+00 0.000000000000000000e+00 4.369066666666587205e-05 2.005835946666664760e-01 6.627017386666667065e-01 1.366709760000001661e-01 0.000000000000000000e+00 0.000000000000000000e+00 0.000000000000000000e+00 0.000000000000000000e+00
0.000000000000000000e+00 0.000000000000000000e+00 0.000000000000000000e+00 3.745928533333327005e-05 1.988026088106666367e-01 6.630824045226666463e-01 1.380775273813333592e-01 0.000000000000000000e+00 0.000000000000000000e+00 0.000000000000000000e+00 0.000000000000000000e+00
0.000000000000000000e+00 0.000000000000000000e+00 0.000000000000000000e+00 3.185049599999985613e-05 1.970299951786665671e-01 6.634444581546667941e-01 1.394936961706667033e-01 0.000000000000000000e+00 0.000000000000000000e+00 0.000000000000000000e+00 0.000000000000000000e+00
0.000000000000000000e+00 0.000000000000000000e+00 0.000000000000000000e+00 2.683153066666629110e-05 1.952658520746665682e-01 6.637878012586666543e-01 1.409195151360000953e-01 0.000000000000000000e+00 0.000000000000000000e+00 0.000000000000000000e+00 0.000000000000000000e+00
0.000000000000000000e+00 0.000000000000000000e+00 0.000000000000000000e+00 2.236962133333292744e-05 1.935102778026665249e-01 6.641123355306667309e-01 1.423550170453334596e-01 0.000000000000000000e+00 0.000000000000000000e+00 0.000000000000000000e+00 0.000000000000000000e+00
0.000000000000000000e+00 0.000000000000000000e+00 0.000000000000000000e+00 1.843199999999957890e-05 1.917633706666664051e-01 6.644179626666666394e-01 1.438002346666668596e-01 0.000000000000000000e+00 0.000000000000000000e+00 0.000000000000000000e+00 0.000000000000000000e+00
0.000000000000000000e+00 0.000000000000000000e+00 0.000000000000000000e+00 1.498589866666665388e-05 1.900252289706666486e-01 6.647045843626666617e-01 1.452552007680000257e-01 0.000000000000000000e+00 0.000000000000000000e+00 0.000000000000000000e+00 0.000000000000000000e+00
0.000000000000000000e+00 0.000000000000000000e+00 0.000000000000000000e+00 1.199854933333317840e-05 1.882959510186666130e-01 6.649721023146666354e-01 1.467199481173334097e-01 0.000000000000000000e+00 0.000000000000000000e+00 0.000000000000000000e+00 0.000000000000000000e+00
0.000000000000000000e+00 0.000000000000000000e+00 0.000000000000000000e+00 9.437183999999828498e-06 1.865756351146665437e-01 6.652204182186667314e-01 1.481945094826667697e-01 0.000000000000000000e+00 0.000000000000000000e+00 0.000000000000000000e+00 0.000000000000000000e+00
0.000000000000000000e+00 0.000000000000000000e+00 0.000000000000000000e+00 7.269034666666489099e-06 1.848643795626664643e-01 6.654494337706666762e-01 1.496789176320001413e-01 0.000000000000000000e+00 0.000000000000000000e+00 0.000000000000000000e+00 0.000000000000000000e+00
0.000000000000000000e+00 0.000000000000000000e+00 0.000000000000000000e+00 5.461333333333366990e-06 1.831622826666666481e-01 6.656590506666666407e-01 1.511732053333333103e-01 0.000000000000000000e+00 0.000000000000000000e+00 0.000000000000000000e+00 0.000000000000000000e+00
0.000000000000000000e+00 0.000000000000000000e+00 0.000000000000000000e+00 3.981311999999958300e-06 1.814694427306666469e-01 6.658491706026665735e-01 1.526774053546667009e-01 0.000000000000000000e+00 0.000000000000000000e+00 0.000000000000000000e+00 0.000000000000000000e+00
0.000000000000000000e+00 0.000000000000000000e+00 0.000000000000000000e+00 2.796202666666615930e-06 1.797859580586666228e-01 6.660196952746666454e-01 1.541915504640000711e-01 0.000000000000000000e+00 0.000000000000000000e+00 0.000000000000000000e+00 0.000000000000000000e+00
0.000000000000000000e+00 0.000000000000000000e+00 0.000000000000000000e+00 1.873237333333280490e-06 1.781119269546664885e-01 6.661705263786666942e-01 1.557156734293334566e-01 0.000000000000000000e+00 0.000000000000000000e+00 0.000000000000000000e+00 0.000000000000000000e+00
0.000000000000000000e+00 0.000000000000000000e+00 0.000000000000000000e+00 1.179647999999930917e-06 1.764474477226664617e-01 6.663015656106665574e-01 1.572498070186668373e-01 0.000000000000000000e+00 0.000000000000000000e+00 0.000000000000000000e+00 0.000000000000000000e+00
0.000000000000000000e+00 0.000000000000000000e+00 0.000000000000000000e+00 6.826666666666637799e-07 1.747926186666666493e-01 6.664127146666665169e-01 1.587939839999999991e-01 0.000000000000000000e+00 0.000000000000000000e+00 0.000000000000000000e+00 0.000000000000000000e+00
0.000000000000000000e+00 0.000000000000000000e+00 0.000000000000000000e+00 3.495253333333269912e-07 1.731475380906666306e-01 6.665038752426666324e-01 1.603482371413333663e-01 0.000000000000000000e+00 0.000000000000000000e+00 0.000000000000000000e+00 0.000000000000000000e+00
0.000000000000000000e+00 0.000000000000000000e+00 0.000000000000000000e+00 1.474559999999939321e-07 1.715123042986665680e-01 6.665749490346666306e-01 1.619125992106667522e-01 0.000000000000000000e+00 0.000000000000000000e+00 0.000000000000000000e+00 0.000000000000000000e+00
0.000000000000000000e+00 0.000000000000000000e+00 0.000000000000000000e+00 4.369066666666056671e-08 1.698870155946665406e-01 6.666258377386666822e-01 1.634871029760001371e-01 0.000000000000000000e+00 0.000000000000000000e+00 0.000000000000000000e+00 0.000000000000000000e+00
0.000000000000000000e+00 0.000000000000000000e+00 0.000000000000000000e+00 5.461333333331528591e-09 1.682717702826664885e-01 6.666564430506666250e-01 1.650717812053335010e-01 0.000000000000000000e+00 0.000000000000000000e+00 0.000000000000000000e+00 0.000000000000000000e+00
0.000000000000000000e+00 0.000000000000000000e+00 0.000000000000000000e+00 0.000000000000000000e+00 1.666666666666666852e-01 6.666666666666667407e-01 1.666666666666666574e-01 0.000000000000000000e+00 0.000000000000000000e+00 0.000000000000000000e+00 0.000000000000000000e+00
0.000000000000000000e+00 0.000000000000000000e+00 0.000000000000000000e+00 0.000000000000000000e+00 1.650717812053330846e-01 6.666564430506666250e-01 1.682717702826669326e-01 5.461333333336076430e-09 0.000000000000000000e+00 0.000000000000000000e+00 0.000000000000000000e+00
0.000000000000000000e+00 0.000000000000000000e+00 0.000000000000000000e+00 0.000000000000000000e+00 1.634871029759999150e-01 6.666258377386666822e-01 1.698870155946667626e-01 4.369066666667042008e-08 0.000000000000000000e+00 0.000000000000000000e+00 0.000000000000000000e+00
0.000000000000000000e+00 0.000000000000000000e+00 0.000000000000000000e+00 0.000000000000000000e+00 1.619125992106667522e-01 6.665749490346666306e-01 1.715123042986665958e-01 1.474559999999922116e-07 0.000000000000000000e+00 0.000000000000000000e+00 0.000000000000000000e+00
0.000000000000000000e+00 0.000000000000000000e+00 0.000000000000000000e+00 0.000000000000000000e+00 1.603482371413331442e-01 6.665038752426666324e-01 1.731475380906668526e-01 3.495253333333633607e-07 0.000000000000000000e+00 0.000000000000000000e+00 0.000000000000000000e+00
0.000000000000000000e+00 0.000000000000000000e+00 0.000000000000000000e+00 0.000000000000000000e+00 1.587939839999999714e-01 6.664127146666666279e-01 1.747926186666666493e-01 6.826666666666685444e-07 0.000000000000000000e+00 0.000000000000000000e+00 0.000000000000000000e+00
0.000000000000000000e+00 0.000000000000000000e+00 0.000000000000000000e+00 0.000000000000000000e+00 1.572498070186664210e-01 6.663015656106666684e-01 1.764474477226669336e-01 1.179648000000101382e-06 0.000000000000000000e+00 0.000000000000000000e+00 0.000000000000000000e+00
0.000000000000000000e+00 0.000000000000000000e+00 0.000000000000000000e+00 0.000000000000000000e+00 1.557156734293332623e-01 6.661705263786666942e-01 1.781119269546667661e-01 1.873237333333382981e-06 0.000000000000000000e+00 0.000000000000000000e+00 0.000000000000000000e+00
0.000000000000000000e+00 0.000000000000000000e+00 0.000000000000000000e+00 0.000000000000000000e+00 1.541915504640000989e-01 6.660196952746666454e-01 1.797859580586665951e-01 2.796202666666615930e-06 0.000000000000000000e+00 0.000000000000000000e+00 0.000000000000000000e+00
0.000000000000000000e+00 0.000000000000000000e+00 0.000000000000000000e+00 0.000000000000000000e+00 1.526774053546665066e-01 6.658491706026665735e-01 1.814694427306668689e-01 3.981312000000158199e-06 0.000000000000000000e+00 0.000000000000000000e+00 0.000000000000000000e+00
0.000000000000000000e+00 0.000000000000000000e+00 0.000000000000000000e+00 0.000000000000000000e+00 1.511732053333333103e-01 6.656590506666666407e-01 1.831622826666666759e-01 5.461333333333348355e-06 0.000000000000000000e+00 0.000000000000000000e+00 0.000000000000000000e+00
0.000000000000000000e+00 0.000000000000000000e+00 0.000000000000000000e+00 0.000000000000000000e+00 1.496789176319997250e-01 6.654494337706666762e-01 1.848643795626669639e-01 7.269034666667015954e-06 0.000000000000000000e+00 0.000000000000000000e+00 0.000000000000000000e+00
0.000000000000000000e+00 0.000000000000000000e+00 0.000000000000000000e+00 0.000000000000000000e+00 1.481945094826665477e-01 6.652204182186667314e-01 1.865756351146667658e-01 9.437184000000155452e-06 0.000000000000000000e+00 0.000000000000000000e+00 0.000000000000000000e+00
0.000000000000000000e+00 0.000000000000000000e+00 0.000000000000000000e+00 0.000000000000000000e+00 1.467199481173333819e-01 6.649721023146667465e-01 1.882959510186666130e-01 1.199854933333321058e-05 0.000000000000000000e+00 0.000000000000000000e+00 0.000000000000000000e+00
0.000000000000000000e+00 0.000000000000000000e+00 0.000000000000000000e+00 0.000000000000000000e+00 1.452552007679998314e-01 6.647045843626666617e-01 1.900252289706668429e-01 1.498589866666706384e-05 0.000000000000000000e+00 0.000000000000000000e+00 0.000000000000000000e+00
0.000000000000000000e+00 0.000000000000000000e+00 0.000000000000000000e+00 0.000000000000000000e+00 1.438002346666666653e-01 6.644179626666666394e-01 1.917633706666666826e-01 1.843200000000004646e-05 0.000000000000000000e+00 0.000000000000000000e+00 0.000000000000000000e+00
0.000000000000000000e+00 0.000000000000000000e+00 0.000000000000000000e+00 0.000000000000000000e+00 1.423550170453330710e-01 6.641123355306666198e-01 1.935102778026669967e-01 2.236962133333408957e-05 0.000000000000000000e+00 0.000000000000000000e+00 0.000000000000000000e+00
0.000000000000000000e+00 0.000000000000000000e+00 0.000000000000000000e+00 0.000000000000000000e+00 1.409195151359999010e-01 6.637878012586665433e-01 1.952658520746667903e-01 2.683153066666699922e-05 0.000000000000000000e+00 0.000000000000000000e+00 0.000000000000000000e+00
0.000000000000000000e+00 0.000000000000000000e+00 0.000000000000000000e+00 0.000000000000000000e+00 1.394936961706667033e-01 6.634444581546666830e-01 1.970299951786666226e-01 3.185049599999978837e-05 0.000000000000000000e+00 0.000000000000000000e+00 0.000000000000000000e+00
0.000000000000000000e+00 0.000000000000000000e+00 0.000000000000000000e+00 0.000000000000000000e+00 1.380775273813331372e-01 6.630824045226666463e-01 1.988026088106668865e-01 3.745928533333408997e-05 0.000000000000000000e+00 0.000000000000000000e+00 0.000000000000000000e+00
0.000000000000000000e+00 0.000000000000000000e+00 0.000000000000000000e+00 0.000000000000000000e+00 1.366709759999999441e-01 6.627017386666667065e-01 2.005835946666666980e-01 4.369066666666678684e-05 0.000000000000000000e+00 0.000000000000000000e+00 0.000000000000000000e+00
0.000000000000000000e+00 0.000000000000000000e+00 0.000000000000000000e+00 0.000000000000000000e+00 1.352740092586664222e-01 6.623025588906665817e-01 2.023728544426670051e-01 5.057740800000133815e-05 0.000000000000000000e+00 0.000000000000000000e+00 0.000000000000000000e+00
0.000000000000000000e+00 0.000000000000000000e+00 0.000000000000000000e+00 0.000000000000000000e+00 1.338865943893332300e-01 6.618849634986666564e-01 2.041702898346668127e-01 5.815227733333393212e-05 0.000000000000000000e+00 0.000000000000000000e+00 0.000000000000000000e+00
0.000000000000000000e+00 0.000000000000000000e+00 0.000000000000000000e+00 0.000000000000000000e+00 1.325086986240000819e-01 6.614490507946666487e-01 2.059758025386665692e-01 6.644804266666636775e-05 0.000000000000000000e+00 0.000000000000000000e+00 0.000000000000000000e+00
0.000000000000000000e+00 0.000000000000000000e+00 0.000000000000000000e+00 0.000000000000000000e+00 1.311402891946664984e-01 6.609949190826664989e-01 2.077892942506669172e-01 7.549747200000124362e-05 0.000000000000000000e+00 0.000000000000000000e+00 0.000000000000000000e+00
0.000000000000000000e+00 0.000000000000000000e+00 0.000000000000000000e+00 0.000000000000000000e+00 1.297813333333333041e-01 6.605226666666665913e-01 2.096106666666667506e-01 8.533333333333355535e-05 0.000000000000000000e+00 0.000000000000000000e+00 0.000000000000000000e+00
0.000000000000000000e+00 0.000000000000000000e+00 0.000000000000000000e+00 0.000000000000000000e+00 1.284317982719997142e-01 6.600323918506665333e-01 2.114398214826670175e-01 9.598839466666877465e-05 0.000000000000000000e+00 0.000000000000000000e+00 0.000000000000000000e+00
0.000000000000000000e+00 0.000000000000000000e+00 0.000000000000000000e+00 0.000000000000000000e+00 1.270916512426665534e-01 6.595241929386665980e-01 2.132766603946668060e-01 1.074954240000009485e-04 0.000000000000000000e+00 0.000000000000000000e+00 0.000000000000000000e+00
0.000000000000000000e+00 0.000000000000000000e+00 0.000000000000000000e+00 0.000000000000000000e+00 1.257608594773333421e-01 6.589981682346667258e-01 2.151210850986666201e-01 1.198871893333329464e-04 0.000000000000000000e+00 0.000000000000000000e+00 0.000000000000000000e+00
0.000000000000000000e+00 0.000000000000000000e+00 0.000000000000000000e+00 0.000000000000000000e+00 1.244393902079998226e-01 6.584544160426666348e-01 2.169729972906669357e-01 1.331964586666685327e-04 0.000000000000000000e+00 0.000000000000000000e+00 0.000000000000000000e+00
0.000000000000000000e+00 0.000000000000000000e+00 0.000000000000000000e+00 0.000000000000000000e+00 1.231272106666666394e-01 6.578930346666667095e-01 2.188322986666667025e-01 1.474560000000003717e-04 0.000000000000000000e+00 0.000000000000000000e+00 0.000000000000000000e+00
0.000000000000000000e+00 0.000000000000000000e+00 0.000000000000000000e+00 0.000000000000000000e+00 1.218242880853330906e-01 6.573141224106664460e-01 2.206988909226670348e-01 1.626985813333363883e-04 0.000000000000000000e+00 0.000000000000000000e+00 0.000000000000000000e+00
0.000000000000000000e+00 0.000000000000000000e+00 0.000000000000000000e+00 0.000000000000000000e+00 1.205305896959998901e-01 6.567177775786665617e-01 2.225726757546668544e-01 1.789569706666681087e-04 0.000000000000000000e+00 0.000000000000000000e+00 0.000000000000000000e+00
0.000000000000000000e+00 0.000000000000000000e+00 0.000000000000000000e+00 0.000000000000000000e+00 1.192460827306666971e-01 6.561040984746666638e-01 2.244535548586666374e-01 1.962639359999995272e-04 0.000000000000000000e+00 0.000000000000000000e+00 0.000000000000000000e+00
0.000000000000000000e+00 0.000000000000000000e+00 0.000000000000000000e+00 0.000000000000000000e+00 1.179707344213331427e-01 6.554731834026665815e-01 2.263414299306669430e-01 2.146522453333359938e-04 0.000000000000000000e+00 0.000000000000000000e+00 0.000000000000000000e+00
0.000000000000000000e+00 0.000000000000000000e+00 0.000000000000000000e+00 0.000000000000000000e+00 1.167045119999999409e-01 6.548251306666666993e-01 2.282362026666667487e-01 2.341546666666672726e-04 0.000000000000000000e+00 0.000000000000000000e+00 0.000000000000000000e+00
0.000000000000000000e+00 0.000000000000000000e+00 0.000000000000000000e+00 0.000000000000000000e+00 1.154473826986664314e-01 6.541600385706665133e-01 2.301377747626670578e-01 2.548039680000042159e-04 0.000000000000000000e+00 0.000000000000000000e+00 0.000000000000000000e+00
0.000000000000000000e+00 0.000000000000000000e+00 0.000000000000000000e+00 0.000000000000000000e+00 1.141993137493332311e-01 6.534780054186666298e-01 2.320460479146668198e-01 2.766329173333353410e-04 0.000000000000000000e+00 0.000000000000000000e+00 0.000000000000000000e+00
0.000000000000000000e+00 0.000000000000000000e+00 0.000000000000000000e+00 0.000000000000000000e+00 1.129602723840000406e-01 6.527791295146667672e-01 2.339609238186666218e-01 2.996742826666661604e-04 0.000000000000000000e+00 0.000000000000000000e+00 0.000000000000000000e+00
0.000000000000000000e+00 0.000000000000000000e+00 0.000000000000000000e+00 0.000000000000000000e+00 1.117302258346664912e-01 6.520635091626665325e-01 2.358823041706669676e-01 3.239608320000036501e-04 0.000000000000000000e+00 0.000000000000000000e+00 0.000000000000000000e+00
0.000000000000000000e+00 0.000000000000000000e+00 0.000000000000000000e+00 0.000000000000000000e+00 1.105091413333332967e-01 6.513312426666666433e-01 2.378100906666667236e-01 3.495253333333342947e-04 0.000000000000000000e+00 0.000000000000000000e+00 0.000000000000000000e+00
0.000000000000000000e+00 0.000000000000000000e+00 0.000000000000000000e+00 0.000000000000000000e+00 1.092969861120000885e-01 6.505824283306667066e-01 2.397441850026665600e-01 3.764005546666646367e-04 0.000000000000000000e+00 0.000000000000000000e+00 0.000000000000000000e+00
0.000000000000000000e+00 0.000000000000000000e+00 0.000000000000000000e+00 0.000000000000000000e+00 1.080937274026665396e-01 6.498171644586665519e-01 2.416844888746668418e-01 4.046192640000026821e-04 0.000000000000000000e+00 0.000000000000000000e+00 0.000000000000000000e+00
0.000000000000000000e+00 0.000000000000000000e+00 0.000000000000000000e+00 0.000000000000000000e+00 1.068993324373333498e-01 6.490355493546666743e-01 2.436309039786666297e-01 4.342142293333327470e-04 0.000000000000000000e+00 0.000000000000000000e+00 0.000000000000000000e+00
0.000000000000000000e+00 0.000000000000000000e+00 0.000000000000000000e+00 0.000000000000000000e+00 1.057137684479998452e-01 6.482376813226665702e-01 2.455833320106669271e-01 4.652182186666714570e-04 0.000000000000000000e+00 0.000000000000000000e+00 0.000000000000000000e+00
0.000000000000000000e+00 0.000000000000000000e+00 0.000000000000000000e+00 0.000000000000000000e+00 1.045370026666666424e-01 6.474236586666666238e-01 2.475416746666667112e-01 4.976640000000012850e-04 0.000000000000000000e+00 0.000000000000000000e+00 0.000000000000000000e+00
0.000000000000000000e+00 0.000000000000000000e+00 0.000000000000000000e+00 0.000000000000000000e+00 1.033690023253334145e-01 6.465935796906667754e-01 2.495058336426665413e-01 5.315843413333309420e-04 0.000000000000000000e+00 0.000000000000000000e+00 0.000000000000000000e+00
0.000000000000000000e+00 0.000000000000000000e+00 0.000000000000000000e+00 0.000000000000000000e+00 1.022097346559998898e-01 6.457475426986665212e-01 2.514757106346668381e-01 5.670120106666702228e-04 0.000000000000000000e+00 0.000000000000000000e+00 0.000000000000000000e+00
0.000000000000000000e+00 0.000000000000000000e+00 0.000000000000000000e+00 0.000000000000000000e+00 1.010591668906666851e-01 6.448856459946665787e-01 2.534512073386666620e-01 6.039797759999995406e-04 0.000000000000000000e+00 0.000000000000000000e+00 0.000000000000000000e+00
0.000000000000000000e+00 0.000000000000000000e+00 0.000000000000000000e+00 0.000000000000000000e+00 9.991726626133315414e-02 6.440079878826665549e-01 2.554322254506669609e-01 6.425204053333394240e-04 0.000000000000000000e+00 0.000000000000000000e+00 0.000000000000000000e+00
0.000000000000000000e+00 0.000000000000000000e+00 0.000000000000000000e+00 0.000000000000000000e+00 9.878399999999994130e-02 6.431146666666667233e-01 2.574186666666667400e-01 6.826666666666684428e-04 0.000000000000000000e+00 0.000000000000000000e+00 0.000000000000000000e+00
0.000000000000000000e+00 0.000000000000000000e+00 0.000000000000000000e+00 0.000000000000000000e+00 9.765933533866671956e-02 6.422057806506666910e-01 2.594104326826665585e-01 7.244513279999971510e-04 0.000000000000000000e+00 0.000000000000000000e+00 0.000000000000000000e+00
0.000000000000000000e+00 0.000000000000000000e+00 0.000000000000000000e+00 0.000000000000000000e+00 9.654323950933323129e-02 6.412814281386666204e-01 2.614074251946668648e-01 7.679071573333378373e-04 0.000000000000000000e+00 0.000000000000000000e+00 0.000000000000000000e+00
0.000000000000000000e+00 0.000000000000000000e+00 0.000000000000000000e+00 0.000000000000000000e+00 9.543567974400002374e-02 6.403417074346666737e-01 2.634095458986666083e-01 8.130669226666662527e-04 0.000000000000000000e+00 0.000000000000000000e+00 0.000000000000000000e+00
0.000000000000000000e+00 0.000000000000000000e+00 0.000000000000000000e+00 0.000000000000000000e+00 9.433662327466649233e-02 6.393867168426664582e-01 2.654166964906670145e-01 8.599633920000075878e-04 0.000000000000000000e+00 0.000000000000000000e+00 0.000000000000000000e+00
0.000000000000000000e+00 0.000000000000000000e+00 0.000000000000000000e+00 0.000000000000000000e+00 9.324603733333326760e-02 6.384165546666665803e-01 2.674287786666668110e-01 9.086293333333358589e-04 0.000000000000000000e+00 0.000000000000000000e+00 0.000000000000000000e+00
0.000000000000000000e+00 0.000000000000000000e+00 0.000000000000000000e+00 0.000000000000000000e+00 9.216388915200006415e-02 6.374313192106666470e-01 2.694456941226665569e-01 9.590975146666635715e-04 0.000000000000000000e+00 0.000000000000000000e+00 0.000000000000000000e+00
0.000000000000000000e+00 0.000000000000000000e+00 0.000000000000000000e+00 0.000000000000000000e+00 9.109014596266654107e-02 6.364311087786665988e-01 2.714673445546668673e-01 1.011400704000005616e-03 0.000000000000000000e+00 0.000000000000000000e+00 0.000000000000000000e+00
0.000000000000000000e+00 0.000000000000000000e+00 0.000000000000000000e+00 0.000000000000000000e+00 9.002477499733332889e-02 6.354160216746667089e-01 2.734936316586666361e-01 1.065571669333333082e-03 0.000000000000000000e+00 0.000000000000000000e+00 0.000000000000000000e+00
0.000000000000000000e+00 0.000000000000000000e+00 0.000000000000000000e+00 0.000000000000000000e+00 8.896774348799985077e-02 6.343861562026664735e-01 2.755244571306669776e-01 1.121643178666675931e-03 0.000000000000000000e+00 0.000000000000000000e+00 0.000000000000000000e+00
0.000000000000000000e+00 0.000000000000000000e+00 0.000000000000000000e+00 0.000000000000000000e+00 8.791901866666662624e-02 6.333416106666667211e-01 2.775597226666667305e-01 1.179648000000002974e-03 0.000000000000000000e+00 0.000000000000000000e+00 0.000000000000000000e+00
0.000000000000000000e+00 0.000000000000000000e+00 0.000000000000000000e+00 0.000000000000000000e+00 8.687856776533341152e-02 6.322824833706667258e-01 2.795993299626665096e-01 1.239618901333329861e-03 0.000000000000000000e+00 0.000000000000000000e+00 0.000000000000000000e+00
0.000000000000000000e+00 0.000000000000000000e+00 0.000000000000000000e+00 0.000000000000000000e+00 8.584635801599989346e-02 6.312088726186664278e-01 2.816431807146668742e-01 1.301588650666673543e-03 0.000000000000000000e+00 0.000000000000000000e+00 0.000000000000000000e+00
0.000000000000000000e+00 0.000000000000000000e+00 0.000000000000000000e+00 0.000000000000000000e+00 8.482235665066666097e-02 6.301208767146666556e-01 2.836911766186666628e-01 1.365590016000000012e-03 0.000000000000000000e+00 0.000000000000000000e+00 0.000000000000000000e+00
0.000000000000000000e+00 0.000000000000000000e+00 0.000000000000000000e+00 0.000000000000000000e+00 8.380653090133315108e-02 6.290185939626664613e-01 2.857432193706669898e-01 1.431655765333344869e-03 0.000000000000000000e+00 0.000000000000000000e+00 0.000000000000000000e+00
0.000000000000000000e+00 0.000000000000000000e+00 0.000000000000000000e+00 0.000000000000000000e+00 8.279884799999992495e-02 6.279021226666665623e-01 2.877992106666668048e-01 1.499818666666670854e-03 0.000000000000000000e+00 0.000000000000000000e+00 0.000000000000000000e+00
0.000000000000000000e+00 0.000000000000000000e+00 0.000000000000000000e+00 0.000000000000000000e+00 8.179927517866669717e-02 6.267715611306667878e-01 2.898590522026666116e-01 1.570111487999996218e-03 0.000000000000000000e+00 0.000000000000000000e+00 0.000000000000000000e+00
0.000000000000000000e+00 0.000000000000000000e+00 0.000000000000000000e+00 0.000000000000000000e+00 8.080777966933322398e-02 6.256270076586665230e-01 2.919226456746669141e-01 1.642566997333341815e-03 0.000000000000000000e+00 0.000000000000000000e+00 0.000000000000000000e+00
0.000000000000000000e+00 0.000000000000000000e+00 0.000000000000000000e+00 0.000000000000000000e+00 7.982432870400001101e-02 6.244685605546667073e-01 2.939898927786666616e-01 1.717217962666666917e-03 0.000000000000000000e+00 0.000000000000000000e+00 0.000000000000000000e+00
0.000000000000000000e+00 0.000000000000000000e+00 0.000000000000000000e+00 0.000000000000000000e+00 7.884888951466649532e-02 6.232963181226663929e-01 2.960606952106670242e-01 1.794097152000013193e-03 0.000000000000000000e+00 0.000000000000000000e+00 0.000000000000000000e+00
0.000000000000000000e+00 0.000000000000000000e+00 0.000000000000000000e+00 0.000000000000000000e+00 7.788142933333327966e-02 6.221103786666665192e-01 2.981349546666668404e-01 1.873237333333338181e-03 0.000000000000000000e+00 0.000000000000000000e+00 0.000000000000000000e+00
0.000000000000000000e+00 0.000000000000000000e+00 0.000000000000000000e+00 0.000000000000000000e+00 7.692191539200005090e-02 6.209108404906666934e-01 3.002125728426665585e-01 1.954671274666662517e-03 0.000000000000000000e+00 0.000000000000000000e+00 0.000000000000000000e+00
0.000000000000000000e+00 0.000000000000000000e+00 0.000000000000000000e+00 0.000000000000000000e+00 7.597031492266653752e-02 6.196978018986665226e-01 3.022934514346669599e-01 2.038431744000010308e-03 0.000000000000000000e+00 0.000000000000000000e+00 0.000000000000000000e+00
0.000000000000000000e+00 0.000000000000000000e+00 0.000000000000000000e+00 0.000000000000000000e+00 7.502659515733331452e-02 6.184713611946666134e-01 3.043774921386667165e-01 2.124551509333334320e-03 0.000000000000000000e+00 0.000000000000000000e+00 0.000000000000000000e+00
0.000000000000000000e+00 0.000000000000000000e+00 0.000000000000000000e+00 0.000000000000000000e+00 7.409072332799984673e-02 6.172316166826664618e-01 3.064645966506670538e-01 2.213063338666682728e-03 0.000000000000000000e+00 0.000000000000000000e+00 0.000000000000000000e+00
0.000000000000000000e+00 0.000000000000000000e+00 0.000000000000000000e+00 0.000000000000000000e+00 7.316266666666661200e-02 6.159786666666665633e-01 3.085546666666667548e-01 2.304000000000006130e-03 0.000000000000000000e+00 0.000000000000000000e+00 0.000000000000000000e+00
0.000000000000000000e+00 0.000000000000000000e+00 0.000000000000000000e+00 0.000000000000000000e+00 7.224239240533338047e-02 6.147126094506667471e-01 3.106476038826665453e-01 2.397394261333329283e-03 0.000000000000000000e+00 0.000000000000000000e+00 0.000000000000000000e+00
0.000000000000000000e+00 0.000000000000000000e+00 0.000000000000000000e+00 0.000000000000000000e+00 7.132986777599988060e-02 6.134335433386663983e-01 3.127433099946669848e-01 2.493278890666678679e-03 0.000000000000000000e+00 0.000000000000000000e+00 0.000000000000000000e+00
0.000000000000000000e+00 0.000000000000000000e+00 0.000000000000000000e+00 0.000000000000000000e+00 7.042506001066665966e-02 6.121415666346665674e-01 3.148416866986666895e-01 2.591686656000001011e-03 0.000000000000000000e+00 0.000000000000000000e+00 0.000000000000000000e+00
0.000000000000000000e+00 0.000000000000000000e+00 0.000000000000000000e+00 0.000000000000000000e+00 6.952793634133315470e-02 6.108367776426664175e-01 3.169426356906670517e-01 2.692650325333352263e-03 0.000000000000000000e+00 0.000000000000000000e+00 0.000000000000000000e+00
0.000000000000000000e+00 0.000000000000000000e+00 0.000000000000000000e+00 0.000000000000000000e+00 6.863846399999992687e-02 6.095192746666665551e-01 3.190460586666667986e-01 2.796202666666674358e-03 0.000000000000000000e+00 0.000000000000000000e+00 0.000000000000000000e+00
0.000000000000000000e+00 0.000000000000000000e+00 0.000000000000000000e+00 0.000000000000000000e+00 6.775661021866669076e-02 6.081891560106666983e-01 3.211518573226666007e-01 2.902376447999995956e-03 0.000000000000000000e+00 0.000000000000000000e+00 0.000000000000000000e+00
0.000000000000000000e+00 0.000000000000000000e+00 0.000000000000000000e+00 0.000000000000000000e+00 6.688234222933323037e-02 6.068465199786665654e-01 3.232599333546669618e-01 3.011204437333347885e-03 0.000000000000000000e+00 0.000000000000000000e+00 0.000000000000000000e+00
0.000000000000000000e+00 0.000000000000000000e+00 0.000000000000000000e+00 0.000000000000000000e+00 6.601562726399999581e-02 6.054914648746666517e-01 3.253701884586666648e-01 3.122719402666668601e-03 0.000000000000000000e+00 0.000000000000000000e+00 0.000000000000000000e+00
0.000000000000000000e+00 0.000000000000000000e+00 0.000000000000000000e+00 0.000000000000000000e+00 6.515643255466650741e-02 6.041240890026663424e-01 3.274825243306670464e-01 3.236954112000021457e-03 0.000000000000000000e+00 0.000000000000000000e+00 0.000000000000000000e+00
0.000000000000000000e+00 0.000000000000000000e+00 0.000000000000000000e+00 0.000000000000000000e+00 6.430472533333327079e-02 6.027444906666664659e-01 3.295968426666667783e-01 3.353941333333342305e-03 0.000000000000000000e+00 0.000000000000000000e+00 0.000000000000000000e+00
0.000000000000000000e+00 0.000000000000000000e+00 0.000000000000000000e+00 0.000000000000000000e+00 6.346047283200002831e-02 6.013527681706666295e-01 3.317130451626665311e-01 3.473713834666661976e-03 0.000000000000000000e+00 0.000000000000000000e+00 0.000000000000000000e+00
0.000000000000000000e+00 0.000000000000000000e+00 0.000000000000000000e+00 0.000000000000000000e+00 6.262364228266655009e-02 5.999490198186665513e-01 3.338310335146669749e-01 3.596304384000016501e-03 0.000000000000000000e+00 0.000000000000000000e+00 0.000000000000000000e+00
0.000000000000000000e+00 0.000000000000000000e+00 0.000000000000000000e+00 0.000000000000000000e+00 6.179420091733330012e-02 5.985333439146666157e-01 3.359507094186667264e-01 3.721745749333336527e-03 0.000000000000000000e+00 0.000000000000000000e+00 0.000000000000000000e+00
0.000000000000000000e+00 0.000000000000000000e+00 0.000000000000000000e+00 0.000000000000000000e+00 6.097211596799985422e-02 5.971058387626664299e-01 3.380719745706670110e-01 3.850070698666691049e-03 0.000000000000000000e+00 0.000000000000000000e+00 0.000000000000000000e+00
0.000000000000000000e+00 0.000000000000000000e+00 0.000000000000000000e+00 0.000000000000000000e+00 6.015735466666660702e-02 5.956666026666666003e-01 3.401947306666668336e-01 3.981312000000010280e-03 0.000000000000000000e+00 0.000000000000000000e+00 0.000000000000000000e+00
0.000000000000000000e+00 0.000000000000000000e+00 0.000000000000000000e+00 0.000000000000000000e+00 5.934988424533336332e-02 5.942157339306667341e-01 3.423188794026666426e-01 4.115502421333329386e-03 0.000000000000000000e+00 0.000000000000000000e+00 0.000000000000000000e+00
0.000000000000000000e+00 0.000000000000000000e+00 0.000000000000000000e+00 0.000000000000000000e+00 5.854967193599989322e-02 5.927533308586663274e-01 3.444443224746669419e-01 4.252674730666684833e-03 0.000000000000000000e+00 0.000000000000000000e+00 0.000000000000000000e+00
0.000000000000000000e+00 0.000000000000000000e+00 0.000000000000000000e+00 0.000000000000000000e+00 5.775668497066664686e-02 5.912794917546665419e-01 3.465709615786667364e-01 4.392861696000003799e-03 0.000000000000000000e+00 0.000000000000000000e+00 0.000000000000000000e+00
0.000000000000000000e+00 0.000000000000000000e+00 0.000000000000000000e+00 0.000000000000000000e+00 5.697089058133317230e-02 5.897943149226664294e-01 3.486986984106670850e-01 4.536096085333361783e-03 0.000000000000000000e+00 0.000000000000000000e+00 0.000000000000000000e+00
0.000000000000000000e+00 0.000000000000000000e+00 0.000000000000000000e+00 0.000000000000000000e+00 5.619225599999992660e-02 5.882978986666665966e-01 3.508274346666668264e-01 4.682410666666679024e-03 0.000000000000000000e+00 0.000000000000000000e+00 0.000000000000000000e+00
0.000000000000000000e+00 0.000000000000000000e+00 0.000000000000000000e+00 0.000000000000000000e+00 5.542074845866667293e-02 5.867903412906666505e-01 3.529570720426665753e-01 4.831838207999996325e-03 0.000000000000000000e+00 0.000000000000000000e+00 0.000000000000000000e+00
0.000000000000000000e+00 0.000000000000000000e+00 0.000000000000000000e+00 0.000000000000000000e+00 5.465633518933323692e-02 5.852717410986665314e-01 3.550875122346669466e-01 4.984411477333355357e-03 0.000000000000000000e+00 0.000000000000000000e+00 0.000000000000000000e+00
0.000000000000000000e+00 0.000000000000000000e+00 0.000000000000000000e+00 0.000000000000000000e+00 5.389898342399997849e-02 5.837421963946666237e-01 3.572186569386667232e-01 5.140163242666672024e-03 0.000000000000000000e+00 0.000000000000000000e+00 0.000000000000000000e+00
0.000000000000000000e+00 0.000000000000000000e+00 0.000000000000000000e+00 0.000000000000000000e+00 5.314866039466651509e-02 5.822018054826663125e-01 3.593504078506671306e-01 5.299126272000032230e-03 0.000000000000000000e+00 0.000000000000000000e+00 0.000000000000000000e+00
0.000000000000000000e+00 0.000000000000000000e+00 0.000000000000000000e+00 0.000000000000000000e+00 5.240533333333326216e-02 5.806506666666664263e-01 3.614826666666668964e-01 5.461333333333347542e-03 0.000000000000000000e+00 0.000000000000000000e+00 0.000000000000000000e+00
0.000000000000000000e+00 0.000000000000000000e+00 0.000000000000000000e+00 0.000000000000000000e+00 5.166896947200001755e-02 5.790888782506666832e-01 3.636153350826666353e-01 5.626817194666662234e-03 0.000000000000000000e+00 0.000000000000000000e+00 0.000000000000000000e+00
0.000000000000000000e+00 0.000000000000000000e+00 0.000000000000000000e+00 0.000000000000000000e+00 5.093953604266655139e-02 5.775165385386664685e-01 3.657483147946669622e-01 5.795610624000024913e-03 0.000000000000000000e+00 0.000000000000000000e+00 0.000000000000000000e+00
0.000000000000000000e+00 0.000000000000000000e+00 0.000000000000000000e+00 0.000000000000000000e+00 5.021700027733329991e-02 5.759337458346666105e-01 3.678815074986667710e-01 5.967746389333340208e-03 0.000000000000000000e+00 0.000000000000000000e+00 0.000000000000000000e+00
0.000000000000000000e+00 0.000000000000000000e+00 0.000000000000000000e+00 0.000000000000000000e+00 4.950132940799986669e-02 5.743405984426663835e-01 3.700148148906671208e-01 6.143257258666702698e-03 0.000000000000000000e+00 0.000000000000000000e+00 0.000000000000000000e+00
0.000000000000000000e+00 0.000000000000000000e+00 0.000000000000000000e+00 0.000000000000000000e+00 4.879249066666661167e-02 5.727371946666666158e-01 3.721481386666668500e-01 6.322176000000017011e-03 0.000000000000000000e+00 0.000000000000000000e+00 0.000000000000000000e+00
0.000000000000000000e+00 0.000000000000000000e+00 0.000000000000000000e+00 0.000000000000000000e+00 4.809045128533335350e-02 5.711236328106668036e-01 3.742813805226666291e-01 6.504535381333330021e-03 0.000000000000000000e+00 0.000000000000000000e+00 0.000000000000000000e+00
0.000000000000000000e+00 0.000000000000000000e+00 0.000000000000000000e+00 0.000000000000000000e+00 4.739517849599989702e-02 5.695000111786664432e-01 3.764144421546670172e-01 6.690368170666694675e-03 0.000000000000000000e+00 0.000000000000000000e+00 0.000000000000000000e+00
0.000000000000000000e+00 0.000000000000000000e+00 0.000000000000000000e+00 0.000000000000000000e+00 4.670663953066664376e-02 5.678664280746665849e-01 3.785472252586667974e-01 6.879707136000007793e-03 0.000000000000000000e+00 0.000000000000000000e+00 0.000000000000000000e+00
0.000000000000000000e+00 0.000000000000000000e+00 0.000000000000000000e+00 0.000000000000000000e+00 4.602480162133337771e-02 5.662229818026667250e-01 3.806796315306664735e-01 7.072585045333319720e-03 0.000000000000000000e+00 0.000000000000000000e+00 0.000000000000000000e+00
0.000000000000000000e+00 0.000000000000000000e+00 0.000000000000000000e+00 0.000000000000000000e+00 4.534963199999993144e-02 5.645697706666665816e-01 3.828115626666668825e-01 7.269034666666686871e-03 0.000000000000000000e+00 0.000000000000000000e+00 0.000000000000000000e+00
0.000000000000000000e+00 0.000000000000000000e+00 0.000000000000000000e+00 0.000000000000000000e+00 4.468109789866666487e-02 5.629068929706666502e-01 3.849429203626666407e-01 7.469088767999998262e-03 0.000000000000000000e+00 0.000000000000000000e+00 0.000000000000000000e+00
0.000000000000000000e+00 0.000000000000000000e+00 0.000000000000000000e+00 0.000000000000000000e+00 4.401916654933324402e-02 5.612344470186664269e-01 3.870736063146669736e-01 7.672780117333364951e-03 0.000000000000000000e+00 0.000000000000000000e+00 0.000000000000000000e+00
0.000000000000000000e+00 0.000000000000000000e+00 0.000000000000000000e+00 0.000000000000000000e+00 4.336380518399998024e-02 5.595525311146667402e-01 3.892035222186667198e-01 7.880141482666675953e-03 0.000000000000000000e+00 0.000000000000000000e+00 0.000000000000000000e+00
0.000000000000000000e+00 0.000000000000000000e+00 0.000000000000000000e+00 0.000000000000000000e+00 4.271498103466671997e-02 5.578612435626668642e-01 3.913325697706665496e-01 8.091205631999985950e-03 0.000000000000000000e+00 0.000000000000000000e+00 0.000000000000000000e+00
0.000000000000000000e+00 0.000000000000000000e+00 0.000000000000000000e+00 0.000000000000000000e+00 4.207266133333326802e-02 5.561606826666665171e-01 3.934606506666669112e-01 8.306005333333355695e-03 0.000000000000000000e+00 0.000000000000000000e+00 0.000000000000000000e+00
0.000000000000000000e+00 0.000000000000000000e+00 0.000000000000000000e+00 0.000000000000000000e+00 4.143681331200000512e-02 5.544509467306666384e-01 3.955876666026666433e-01 8.524573354666664660e-03 0.000000000000000000e+00 0.000000000000000000e+00 0.000000000000000000e+00
0.000000000000000000e+00 0.000000000000000000e+00 0.000000000000000000e+00 0.000000000000000000e+00 4.080740420266655566e-02 5.527321340586663911e-01 3.977135192746670267e-01 8.746942464000036915e-03 0.000000000000000000e+00 0.000000000000000000e+00 0.000000000000000000e+00
0.000000000000000000e+00 0.000000000000000000e+00 0.000000000000000000e+00 0.000000000000000000e+00 4.018440123733329344e-02 5.510043429546666038e-01 3.998381103786667334e-01 8.973145429333343262e-03 0.000000000000000000e+00 0.000000000000000000e+00 0.000000000000000000e+00
0.000000000000000000e+00 0.000000000000000000e+00 0.000000000000000000e+00 0.000000000000000000e+00 3.956777164800003022e-02 5.492676717226667726e-01 4.019613416106666004e-01 9.203215018666652258e-03 0.000000000000000000e+00 0.000000000000000000e+00 0.000000000000000000e+00
0.000000000000000000e+00 0.000000000000000000e+00 0.000000000000000000e+00 0.000000000000000000e+00 3.895748266666660548e-02 5.475222186666666158e-01 4.040831146666668539e-01 9.437184000000023790e-03 0.000000000000000000e+00 0.000000000000000000e+00 0.000000000000000000e+00
0.000000000000000000e+00 0.000000000000000000e+00 0.000000000000000000e+00 0.000000000000000000e+00 3.835350152533333751e-02 5.457680820906667396e-01 4.062033312426666098e-01 9.675085141333333860e-03 0.000000000000000000e+00 0.000000000000000000e+00 0.000000000000000000e+00
0.000000000000000000e+00 0.000000000000000000e+00 0.000000000000000000e+00 0.000000000000000000e+00 3.775579545599989928e-02 5.440053602986663073e-01 4.083218930346670383e-01 9.916951210666706540e-03 0.000000000000000000e+00 0.000000000000000000e+00 0.000000000000000000e+00
0.000000000000000000e+00 0.000000000000000000e+00 0.000000000000000000e+00 0.000000000000000000e+00 3.716433169066663683e-02 5.422341515946665913e-01 4.104387017386667558e-01 1.016281497600001436e-02 0.000000000000000000e+00 0.000000000000000000e+00 0.000000000000000000e+00
0.000000000000000000e+00 0.000000000000000000e+00 0.000000000000000000e+00 0.000000000000000000e+00 3.657907746133336885e-02 5.404545542826666438e-01 4.125536590506665435e-01 1.041270920533331895e-02 0.000000000000000000e+00 0.000000000000000000e+00 0.000000000000000000e+00
0.000000000000000000e+00 0.000000000000000000e+00 0.000000000000000000e+00 0.000000000000000000e+00 3.599999999999993483e-02 5.386666666666665160e-01 4.146666666666669609e-01 1.066666666666669407e-02 0.000000000000000000e+00 0.000000000000000000e+00 0.000000000000000000e+00
0.000000000000000000e+00 0.000000000000000000e+00 0.000000000000000000e+00 0.000000000000000000e+00 3.542706653866666000e-02 5.368705870506667033e-01 4.167776262826666800e-01 1.092472012800000010e-02 0.000000000000000000e+00 0.000000000000000000e+00 0.000000000000000000e+00
0.000000000000000000e+00 0.000000000000000000e+00 0.000000000000000000e+00 0.000000000000000000e+00 3.486024430933324508e-02 5.350664137386663688e-01 4.188864395946669816e-01 1.118690235733337847e-02 0.000000000000000000e+00 0.000000000000000000e+00 0.000000000000000000e+00
0.000000000000000000e+00 0.000000000000000000e+00 0.000000000000000000e+00 0.000000000000000000e+00 3.429950054399997367e-02 5.332542450346665630e-01 4.209930082986667599e-01 1.145324612266668089e-02 0.000000000000000000e+00 0.000000000000000000e+00 0.000000000000000000e+00
0.000000000000000000e+00 0.000000000000000000e+00 0.000000000000000000e+00 0.000000000000000000e+00 3.374480247466669913e-02 5.314341792426667821e-01 4.230972340906665186e-01 1.172378419199998634e-02 0.000000000000000000e+00 0.000000000000000000e+00 0.000000000000000000e+00
0.000000000000000000e+00 0.000000000000000000e+00 0.000000000000000000e+00 0.000000000000000000e+00 3.319611733333327486e-02 5.296063146666664112e-01 4.251990186666669280e-01 1.199854933333336683e-02 0.000000000000000000e+00 0.000000000000000000e+00 0.000000000000000000e+00
0.000000000000000000e+00 0.000000000000000000e+00 0.000000000000000000e+00 0.000000000000000000e+00 3.265341235199999831e-02 5.277707496106666119e-01 4.272982637226667157e-01 1.227757431466666889e-02 0.000000000000000000e+00 0.000000000000000000e+00 0.000000000000000000e+00
0.000000000000000000e+00 0.000000000000000000e+00 0.000000000000000000e+00 0.000000000000000000e+00 3.211665476266657021e-02 5.259275823786664361e-01 4.293948709546669962e-01 1.256089190400004781e-02 0.000000000000000000e+00 0.000000000000000000e+00 0.000000000000000000e+00
0.000000000000000000e+00 0.000000000000000000e+00 0.000000000000000000e+00 0.000000000000000000e+00 3.158581179733329497e-02 5.240769112746666014e-01 4.314887420586667743e-01 1.284853486933335009e-02 0.000000000000000000e+00 0.000000000000000000e+00 0.000000000000000000e+00
0.000000000000000000e+00 0.000000000000000000e+00 0.000000000000000000e+00 0.000000000000000000e+00 3.106085068800001903e-02 5.222188346026668260e-01 4.335797787306665541e-01 1.314053597866665125e-02 0.000000000000000000e+00 0.000000000000000000e+00 0.000000000000000000e+00
0.000000000000000000e+00 0.000000000000000000e+00 0.000000000000000000e+00 0.000000000000000000e+00 3.054173866666661311e-02 5.203534506666664949e-01 4.356678826666668947e-01 1.343692800000003719e-02 0.000000000000000000e+00 0.000000000000000000e+00 0.000000000000000000e+00
0.000000000000000000e+00 0.000000000000000000e+00 0.000000000000000000e+00 0.000000000000000000e+00 3.002844296533333304e-02 5.184808577706666588e-01 4.377529555626666347e-01 1.373774370133333533e-02 0.000000000000000000e+00 0.000000000000000000e+00 0.000000000000000000e+00
0.000000000000000000e+00 0.000000000000000000e+00 0.000000000000000000e+00 0.000000000000000000e+00 2.952093081599991078e-02 5.166011542186663696e-01 4.398348991146670550e-01 1.404301585066672180e-02 0.000000000000000000e+00 0.000000000000000000e+00 0.000000000000000000e+00
0.000000000000000000e+00 0.000000000000000000e+00 0.000000000000000000e+00 0.000000000000000000e+00 2.901916945066662992e-02 5.147144383146664559e-01 4.419136150186668832e-01 1.435277721600002228e-02 0.000000000000000000e+00 0.000000000000000000e+00 0.000000000000000000e+00
0.000000000000000000e+00 0.000000000000000000e+00 0.000000000000000000e+00 0.000000000000000000e+00 2.852312610133335424e-02 5.128208083626666358e-01 4.439890049706666231e-01 1.466706056533332095e-02 0.000000000000000000e+00 0.000000000000000000e+00 0.000000000000000000e+00
0.000000000000000000e+00 0.000000000000000000e+00 0.000000000000000000e+00 0.000000000000000000e+00 2.803276799999993713e-02 5.109203626666665166e-01 4.460609706666669450e-01 1.498589866666670545e-02 0.000000000000000000e+00 0.000000000000000000e+00 0.000000000000000000e+00
0.000000000000000000e+00 0.000000000000000000e+00 0.000000000000000000e+00 0.000000000000000000e+00 2.754806237866665522e-02 5.090131995306667045e-01 4.481294138026667428e-01 1.530932428800000321e-02 0.000000000000000000e+00 0.000000000000000000e+00 0.000000000000000000e+00
0.000000000000000000e+00 0.000000000000000000e+00 0.000000000000000000e+00 0.000000000000000000e+00 2.706897646933325435e-02 5.070994172586663629e-01 4.501942360746670202e-01 1.563737019733339381e-02 0.000000000000000000e+00 0.000000000000000000e+00 0.000000000000000000e+00
0.000000000000000000e+00 0.000000000000000000e+00 0.000000000000000000e+00 0.000000000000000000e+00 2.659547750399997301e-02 5.051791141546665420e-01 4.522553391786667820e-01 1.597006916266668908e-02 0.000000000000000000e+00 0.000000000000000000e+00 0.000000000000000000e+00
0.000000000000000000e+00 0.000000000000000000e+00 0.000000000000000000e+00 0.000000000000000000e+00 2.612753271466669233e-02 5.032523885226667382e-01 4.543126248106665876e-01 1.630745395199998532e-02 0.000000000000000000e+00 0.000000000000000000e+00 0.000000000000000000e+00
0.000000000000000000e+00 0.000000000000000000e+00 0.000000000000000000e+00 0.000000000000000000e+00 2.566510933333327263e-02 5.013193386666663365e-01 4.563659946666669409e-01 1.664955733333337712e-02 0.000000000000000000e+00 0.000000000000000000e+00 0.000000000000000000e+00
0.000000000000000000e+00 0.000000000000000000e+00 0.000000000000000000e+00 0.000000000000000000e+00 2.520817459199999055e-02 4.993800628906665540e-01 4.584153504426666803e-01 1.699641207466667456e-02 0.000000000000000000e+00 0.000000000000000000e+00 0.000000000000000000e+00
0.000000000000000000e+00 0.000000000000000000e+00 0.000000000000000000e+00 0.000000000000000000e+00 2.475669572266657806e-02 4.974346594986662762e-01 4.604605938346670313e-01 1.734805094400006589e-02 0.000000000000000000e+00 0.000000000000000000e+00 0.000000000000000000e+00
0.000000000000000000e+00 0.000000000000000000e+00 0.000000000000000000e+00 0.000000000000000000e+00 2.431063995733329444e-02 4.954832267946665536e-01 4.625016265386668324e-01 1.770450670933336121e-02 0.000000000000000000e+00 0.000000000000000000e+00 0.000000000000000000e+00
0.000000000000000000e+00 0.000000000000000000e+00 0.000000000000000000e+00 0.000000000000000000e+00 2.386997452800001043e-02 4.935258630826667714e-01 4.645383502506665874e-01 1.806581213866665162e-02 0.000000000000000000e+00 0.000000000000000000e+00 0.000000000000000000e+00
0.000000000000000000e+00 0.000000000000000000e+00 0.000000000000000000e+00 0.000000000000000000e+00 2.343466666666661063e-02 4.915626666666664812e-01 4.665706666666669111e-01 1.843200000000004904e-02 0.000000000000000000e+00 0.000000000000000000e+00 0.000000000000000000e+00
0.000000000000000000e+00 0.000000000000000000e+00 0.000000000000000000e+00 0.000000000000000000e+00 2.300468360533332660e-02 4.895937358506666781e-01 4.685984774826666976e-01 1.880310306133334275e-02 0.000000000000000000e+00 0.000000000000000000e+00 0.000000000000000000e+00
0.000000000000000000e+00 0.000000000000000000e+00 0.000000000000000000e+00 0.000000000000000000e+00 2.257999257599991802e-02 4.876191689386661920e-01 4.706216843946670059e-01 1.917915409066673835e-02 0.000000000000000000e+00 0.000000000000000000e+00 0.000000000000000000e+00
0.000000000000000000e+00 0.000000000000000000e+00 0.000000000000000000e+00 0.000000000000000000e+00 2.216056081066663033e-02 4.856390642346664621e-01 4.726401890986668408e-01 1.956018585600003204e-02 0.000000000000000000e+00 0.000000000000000000e+00 0.000000000000000000e+00
0.000000000000000000e+00 0.000000000000000000e+00 0.000000000000000000e+00 0.000000000000000000e+00 2.174635554133334814e-02 4.836535200426666514e-01 4.746538932906665953e-01 1.994623112533332188e-02 0.000000000000000000e+00 0.000000000000000000e+00 0.000000000000000000e+00
0.000000000000000000e+00 0.000000000000000000e+00 0.000000000000000000e+00 0.000000000000000000e+00 2.133734399999994216e-02 4.816626346666664227e-01 4.766626986666669397e-01 2.033732266666671978e-02 0.000000000000000000e+00 0.000000000000000000e+00 0.000000000000000000e+00
0.000000000000000000e+00 0.000000000000000000e+00 0.000000000000000000e+00 0.000000000000000000e+00 2.093349341866665089e-02 4.796665064106666598e-01 4.786665069226667124e-01 2.073349324800000809e-02 0.000000000000000000e+00 0.000000000000000000e+00 0.000000000000000000e+00
0.000000000000000000e+00 0.000000000000000000e+00 0.000000000000000000e+00 0.000000000000000000e+00 2.053477102933325832e-02 4.776652335786662484e-01 4.806652197546670835e-01 2.113477563733341322e-02 0.000000000000000000e+00 0.000000000000000000e+00 0.000000000000000000e+00
0.000000000000000000e+00 0.000000000000000000e+00 0.000000000000000000e+00 0.000000000000000000e+00 2.014114406399997170e-02 4.756589144746664610e-01 4.826587388586668359e-01 2.154120260266670014e-02 0.000000000000000000e+00 0.000000000000000000e+00 0.000000000000000000e+00
0.000000000000000000e+00 0.000000000000000000e+00 0.000000000000000000e+00 0.000000000000000000e+00 1.975257975466668259e-02 4.736476474026667383e-01 4.846469659306665845e-01 2.195280691199998774e-02 0.000000000000000000e+00 0.000000000000000000e+00 0.000000000000000000e+00
0.000000000000000000e+00 0.000000000000000000e+00 0.000000000000000000e+00 0.000000000000000000e+00 1.936904533333327905e-02 4.716315306666664098e-01 4.866298026666668886e-01 2.236962133333339486e-02 0.000000000000000000e+00 0.000000000000000000e+00 0.000000000000000000e+00
0.000000000000000000e+00 0.000000000000000000e+00 0.000000000000000000e+00 0.000000000000000000e+00 1.899050803199998916e-02 4.696106625706666371e-01 4.886071507626666977e-01 2.279167863466668303e-02 0.000000000000000000e+00 0.000000000000000000e+00 0.000000000000000000e+00
0.000000000000000000e+00 0.000000000000000000e+00 0.000000000000000000e+00 0.000000000000000000e+00 1.861693508266658650e-02 4.675851414186662502e-01 4.905789119146670707e-01 2.321901158400008561e-02 0.000000000000000000e+00 0.000000000000000000e+00 0.000000000000000000e+00
0.000000000000000000e+00 0.000000000000000000e+00 0.000000000000000000e+00 0.000000000000000000e+00 1.824829371733329569e-02 4.655550655146665218e-01 4.925449878186668462e-01 2.365165294933337103e-02 0.000000000000000000e+00 0.000000000000000000e+00 0.000000000000000000e+00
0.000000000000000000e+00 0.000000000000000000e+00 0.000000000000000000e+00 0.000000000000000000e+00 1.788455116800000133e-02 4.635205331626666703e-01 4.945052801706666390e-01 2.408963549866665818e-02 0.000000000000000000e+00 0.000000000000000000e+00 0.000000000000000000e+00
0.000000000000000000e+00 0.000000000000000000e+00 0.000000000000000000e+00 0.000000000000000000e+00 1.752567466666661924e-02 4.614816426666663585e-01 4.964596906666669529e-01 2.453299200000006244e-02 0.000000000000000000e+00 0.000000000000000000e+00 0.000000000000000000e+00
0.000000000000000000e+00 0.000000000000000000e+00 0.000000000000000000e+00 0.000000000000000000e+00 1.717163144533332547e-02 4.594384923306665813e-01 4.984081210026667930e-01 2.498175522133334880e-02 0.000000000000000000e+00 0.000000000000000000e+00 0.000000000000000000e+00
0.000000000000000000e+00 0.000000000000000000e+00 0.000000000000000000e+00 0.000000000000000000e+00 1.682238873599992829e-02 4.573911804586662799e-01 5.003504728746669405e-01 2.543595793066675756e-02 0.000000000000000000e+00 0.000000000000000000e+00 0.000000000000000000e+00
0.000000000000000000e+00 0.000000000000000000e+00 0.000000000000000000e+00 0.000000000000000000e+00 1.647791377066663496e-02 4.553398053546665047e-01 5.022866479786667337e-01 2.589563289600004675e-02 0.000000000000000000e+00 0.000000000000000000e+00 0.000000000000000000e+00
0.000000000000000000e+00 0.000000000000000000e+00 0.000000000000000000e+00 0.000000000000000000e+00 1.613817378133334049e-02 4.532844653226667520e-01 5.042165480106666209e-01 2.636081288533332831e-02 0.000000000000000000e+00 0.000000000000000000e+00 0.000000000000000000e+00
0.000000000000000000e+00 0.000000000000000000e+00 0.000000000000000000e+00 0.000000000000000000e+00 1.580313599999994684e-02 4.512252586666663512e-01 5.061400746666669948e-01 2.683153066666673844e-02 0.000000000000000000e+00 0.000000000000000000e+00 0.000000000000000000e+00
0.000000000000000000e+00 0.000000000000000000e+00 0.000000000000000000e+00 0.000000000000000000e+00 1.547276765866664912e-02 4.491622836906666305e-01 5.080571296426668049e-01 2.730781900800002132e-02 0.000000000000000000e+00 0.000000000000000000e+00 0.000000000000000000e+00
0.000000000000000000e+00 0.000000000000000000e+00 0.000000000000000000e+00 0.000000000000000000e+00 1.514703598933335275e-02 4.470956386986668085e-01 5.099676146346665551e-01 2.778971067733329581e-02 0.000000000000000000e+00 0.000000000000000000e+00 0.000000000000000000e+00
0.000000000000000000e+00 0.000000000000000000e+00 0.000000000000000000e+00 0.000000000000000000e+00 1.482590822399997184e-02 4.450254219946664369e-01 5.118714313386668602e-01 2.827723844266671546e-02 0.000000000000000000e+00 0.000000000000000000e+00 0.000000000000000000e+00
0.000000000000000000e+00 0.000000000000000000e+00 0.000000000000000000e+00 0.000000000000000000e+00 1.450935159466667373e-02 4.429517318826666217e-01 5.137684814506666697e-01 2.877043507199999323e-02 0.000000000000000000e+00 0.000000000000000000e+00 0.000000000000000000e+00
0.000000000000000000e+00 0.000000000000000000e+00 0.000000000000000000e+00 0.000000000000000000e+00 1.419733333333328407e-02 4.408746666666663594e-01 5.156586666666669316e-01 2.926933333333341103e-02 0.000000000000000000e+00 0.000000000000000000e+00 0.000000000000000000e+00
0.000000000000000000e+00 0.000000000000000000e+00 0.000000000000000000e+00 0.000000000000000000e+00 1.388982067199998581e-02 4.387943246506665895e-01 5.175418886826667064e-01 2.977396599466669222e-02 0.000000000000000000e+00 0.000000000000000000e+00 0.000000000000000000e+00
0.000000000000000000e+00 0.000000000000000000e+00 0.000000000000000000e+00 0.000000000000000000e+00 1.358678084266668612e-02 4.367108041386668082e-01 5.194180491946664979e-01 3.028436582399996607e-02 0.000000000000000000e+00 0.000000000000000000e+00 0.000000000000000000e+00
0.000000000000000000e+00 0.000000000000000000e+00 0.000000000000000000e+00 0.000000000000000000e+00 1.328818107733329909e-02 4.346242034346664562e-01 5.212870498986668100e-01 3.080056558933338615e-02 0.000000000000000000e+00 0.000000000000000000e+00 0.000000000000000000e+00
0.000000000000000000e+00 0.000000000000000000e+00 0.000000000000000000e+00 0.000000000000000000e+00 1.299398860799999902e-02 4.325346208426666950e-01 5.231487924906667031e-01 3.132259805866666191e-02 0.000000000000000000e+00 0.000000000000000000e+00 0.000000000000000000e+00
0.000000000000000000e+00 0.000000000000000000e+00 0.000000000000000000e+00 0.000000000000000000e+00 1.270417066666662542e-02 4.304421546666662990e-01 5.250031786666669031e-01 3.185049600000008224e-02 0.000000000000000000e+00 0.000000000000000000e+00 0.000000000000000000e+00
0.000000000000000000e+00 0.000000000000000000e+00 0.000000000000000000e+00 0.000000000000000000e+00 1.241869448533332310e-02 4.283469032106665408e-01 5.268501101226668037e-01 3.238429218133336007e-02 0.000000000000000000e+00 0.000000000000000000e+00 0.000000000000000000e+00
0.000000000000000000e+00 0.000000000000000000e+00 0.000000000000000000e+00 0.000000000000000000e+00 1.213752729600002002e-02 4.262489647786667502e-01 5.286894885546665757e-01 3.292401937066663509e-02 0.000000000000000000e+00 0.000000000000000000e+00 0.000000000000000000e+00
0.000000000000000000e+00 0.000000000000000000e+00 0.000000000000000000e+00 0.000000000000000000e+00 1.186063633066663722e-02 4.241484376746664786e-01 5.305212156586668337e-01 3.346971033600006085e-02 0.000000000000000000e+00 0.000000000000000000e+00 0.000000000000000000e+00
0.000000000000000000e+00 0.000000000000000000e+00 0.000000000000000000e+00 0.000000000000000000e+00 1.158798882133333340e-02 4.220454202026667212e-01 5.323451931306666385e-01 3.402139784533333294e-02 0.000000000000000000e+00 0.000000000000000000e+00 0.000000000000000000e+00
0.000000000000000000e+00 0.000000000000000000e+00 0.000000000000000000e+00 0.000000000000000000e+00 1.131955199999995325e-02 4.199400106666663079e-01 5.341613226666669378e-01 3.457911466666675759e-02 0.000000000000000000e+00 0.000000000000000000e+00 0.000000000000000000e+00
0.000000000000000000e+00 0.000000000000000000e+00 0.000000000000000000e+00 0.000000000000000000e+00 1.105529309866664853e-02 4.178323073706665669e-01 5.359695059626667923e-01 3.514289356800003039e-02 0.000000000000000000e+00 0.000000000000000000e+00 0.000000000000000000e+00
0.000000000000000000e+00 0.000000000000000000e+00 0.000000000000000000e+00 0.000000000000000000e+00 1.079517934933334374e-02 4.157224086186667722e-01 5.377696447146664838e-01 3.571276731733329796e-02 0.000000000000000000e+00 0.000000000000000000e+00 0.000000000000000000e+00
0.000000000000000000e+00 0.000000000000000000e+00 0.000000000000000000e+00 0.000000000000000000e+00 1.053917798399997378e-02 4.136104127146663645e-01 5.395616406186669600e-01 3.628876868266673467e-02 0.000000000000000000e+00 0.000000000000000000e+00 0.000000000000000000e+00
0.000000000000000000e+00 0.000000000000000000e+00 0.000000000000000000e+00 0.000000000000000000e+00 1.028725623466666961e-02 4.114964179626666163e-01 5.413453953706666155e-01 3.687093043200000142e-02 0.000000000000000000e+00 0.000000000000000000e+00 0.000000000000000000e+00
0.000000000000000000e+00 0.000000000000000000e+00 0.000000000000000000e+00 0.000000000000000000e+00 1.003938133333329152e-02 4.093805226666663577e-01 5.431208106666669533e-01 3.745928533333343219e-02 0.000000000000000000e+00 0.000000000000000000e+00 0.000000000000000000e+00
0.000000000000000000e+00 0.000000000000000000e+00 0.000000000000000000e+00 0.000000000000000000e+00 9.795520511999986080e-03 4.072628251306665836e-01 5.448877882026667008e-01 3.805386615466670869e-02 0.000000000000000000e+00 0.000000000000000000e+00 0.000000000000000000e+00
0.000000000000000000e+00 0.000000000000000000e+00 0.000000000000000000e+00 0.000000000000000000e+00 9.555641002666679512e-03 4.051434236586667903e-01 5.466462296746664729e-01 3.865470566399997060e-02 0.000000000000000000e+00 0.000000000000000000e+00 0.000000000000000000e+00
0.000000000000000000e+00 0.000000000000000000e+00 0.000000000000000000e+00 0.000000000000000000e+00 9.319710037333303262e-03 4.030224165546663628e-01 5.483960367786668844e-01 3.926183662933339924e-02 0.000000000000000000e+00 0.000000000000000000e+00 0.000000000000000000e+00
0.000000000000000000e+00 0.000000000000000000e+00 0.000000000000000000e+00 0.000000000000000000e+00 9.087694847999996939e-03 4.008999021226666848e-01 5.501371112106666628e-01 3.987529181866666939e-02 0.000000000000000000e+00 0.000000000000000000e+00 0.000000000000000000e+00
0.000000000000000000e+00 0.000000000000000000e+00 0.000000000000000000e+00 0.000000000000000000e+00 8.859562666666629532e-03 3.987759786666662531e-01 5.518693546666669780e-01 4.049510400000010807e-02 0.000000000000000000e+00 0.000000000000000000e+00 0.000000000000000000e+00
0.000000000000000000e+00 0.000000000000000000e+00 0.000000000000000000e+00 0.000000000000000000e+00 8.635280725333321569e-03 3.966507444906665070e-01 5.535926688426667797e-01 4.112130594133337619e-02 0.000000000000000000e+00 0.000000000000000000e+00 0.000000000000000000e+00
0.000000000000000000e+00 0.000000000000000000e+00 0.000000000000000000e+00 0.000000000000000000e+00 8.414816256000013164e-03 3.945242978986667759e-01 5.553069554346665715e-01 4.175393041066663424e-02 0.000000000000000000e+00 0.000000000000000000e+00 0.000000000000000000e+00
0.000000000000000000e+00 0.000000000000000000e+00 0.000000000000000000e+00 0.000000000000000000e+00 8.198136490666640963e-03 3.923967371946664451e-01 5.570121161386667463e-01 4.239301017600007743e-02 0.000000000000000000e+00 0.000000000000000000e+00 0.000000000000000000e+00
0.000000000000000000e+00 0.000000000000000000e+00 0.000000000000000000e+00 0.000000000000000000e+00 7.985208661333332431e-03 3.902681606826666760e-01 5.587080526506666978e-01 4.303857800533333888e-02 0.000000000000000000e+00 0.000000000000000000e+00 0.000000000000000000e+00
0.000000000000000000e+00 0.000000000000000000e+00 0.000000000000000000e+00 0.000000000000000000e+00 7.775999999999961762e-03 3.881386666666662988e-01 5.603946666666670406e-01 4.369066666666678034e-02 0.000000000000000000e+00 0.000000000000000000e+00 0.000000000000000000e+00
0.000000000000000000e+00 0.000000000000000000e+00 0.000000000000000000e+00 0.000000000000000000e+00 7.570477738666650351e-03 3.860083534506665304e-01 5.620718598826668355e-01 4.434930892800004187e-02 0.000000000000000000e+00 0.000000000000000000e+00 0.000000000000000000e+00
0.000000000000000000e+00 0.000000000000000000e+00 0.000000000000000000e+00 0.000000000000000000e+00 7.368609109333340047e-03 3.838773193386667559e-01 5.637395339946665862e-01 4.501453755733329787e-02 0.000000000000000000e+00 0.000000000000000000e+00 0.000000000000000000e+00
0.000000000000000000e+00 0.000000000000000000e+00 0.000000000000000000e+00 0.000000000000000000e+00 7.170361343999977904e-03 3.817456626346664161e-01 5.653975906986669075e-01 4.568638532266675045e-02 0.000000000000000000e+00 0.000000000000000000e+00 0.000000000000000000e+00
0.000000000000000000e+00 0.000000000000000000e+00 0.000000000000000000e+00 0.000000000000000000e+00 6.975701674666665367e-03 3.796134816426666170e-01 5.670459316906667491e-01 4.636488499200001195e-02 0.000000000000000000e+00 0.000000000000000000e+00 0.000000000000000000e+00
0.000000000000000000e+00 0.000000000000000000e+00 0.000000000000000000e+00 0.000000000000000000e+00 6.784597333333298314e-03 3.774808746666663550e-01 5.686844586666669477e-01 4.705006933333346492e-02 0.000000000000000000e+00 0.000000000000000000e+00 0.000000000000000000e+00
0.000000000000000000e+00 0.000000000000000000e+00 0.000000000000000000e+00 0.000000000000000000e+00 6.597015551999986863e-03 3.753479400106665143e-01 5.703130733226667859e-01 4.774197111466672167e-02 0.000000000000000000e+00 0.000000000000000000e+00 0.000000000000000000e+00
0.000000000000000000e+00 0.000000000000000000e+00 0.000000000000000000e+00 0.000000000000000000e+00 6.412923562666673731e-03 3.732147759786668129e-01 5.719316773546665456e-01 4.844062310399997739e-02 0.000000000000000000e+00 0.000000000000000000e+00 0.000000000000000000e+00
0.000000000000000000e+00 0.000000000000000000e+00 0.000000000000000000e+00 0.000000000000000000e+00 6.232288597333307707e-03 3.710814808746663584e-01 5.735401724586668415e-01 4.914605806933342036e-02 0.000000000000000000e+00 0.000000000000000000e+00 0.000000000000000000e+00
0.000000000000000000e+00 0.000000000000000000e+00 0.000000000000000000e+00 0.000000000000000000e+00 6.055077887999994572e-03 3.689481530026666456e-01 5.751384603306667342e-01 4.985830877866667676e-02 0.000000000000000000e+00 0.000000000000000000e+00 0.000000000000000000e+00
0.000000000000000000e+00 0.000000000000000000e+00 0.000000000000000000e+00 0.000000000000000000e+00 5.881258666666636277e-03 3.668148906666662823e-01 5.767264426666669497e-01 5.057740800000013609e-02 0.000000000000000000e+00 0.000000000000000000e+00 0.000000000000000000e+00
0.000000000000000000e+00 0.000000000000000000e+00 0.000000000000000000e+00 0.000000000000000000e+00 5.710798165333322990e-03 3.646817921706664856e-01 5.783040211626667704e-01 5.130338850133338985e-02 0.000000000000000000e+00 0.000000000000000000e+00 0.000000000000000000e+00
0.000000000000000000e+00 0.000000000000000000e+00 0.000000000000000000e+00 0.000000000000000000e+00 5.543663616000007836e-03 3.625489558186666961e-01 5.798710975146665891e-01 5.203628305066664017e-02 0.000000000000000000e+00 0.000000000000000000e+00 0.000000000000000000e+00
0.000000000000000000e+00 0.000000000000000000e+00 0.000000000000000000e+00 0.000000000000000000e+00 5.379822250666644809e-03 3.604164799146664100e-01 5.814275734186669098e-01 5.277612441600010307e-02 0.000000000000000000e+00 0.000000000000000000e+00 0.000000000000000000e+00
0.000000000000000000e+00 0.000000000000000000e+00 0.000000000000000000e+00 0.000000000000000000e+00 5.219241301333329280e-03 3.582844627626666223e-01 5.829733505706666818e-01 5.352294536533334923e-02 0.000000000000000000e+00 0.000000000000000000e+00 0.000000000000000000e+00
0.000000000000000000e+00 0.000000000000000000e+00 0.000000000000000000e+00 0.000000000000000000e+00 5.061887999999968406e-03 3.561530026666662740e-01 5.845083306666669642e-01 5.427677866666680978e-02 0.000000000000000000e+00 0.000000000000000000e+00 0.000000000000000000e+00
0.000000000000000000e+00 0.000000000000000000e+00 0.000000000000000000e+00 0.000000000000000000e+00 4.907729578666652354e-03 3.540221979306665268e-01 5.860324154026668175e-01 5.503765708800006234e-02 0.000000000000000000e+00 0.000000000000000000e+00 0.000000000000000000e+00
0.000000000000000000e+00 0.000000000000000000e+00 0.000000000000000000e+00 0.000000000000000000e+00 4.756733269333335984e-03 3.518921468586667101e-01 5.875455064746666345e-01 5.580561339733330906e-02 0.000000000000000000e+00 0.000000000000000000e+00 0.000000000000000000e+00
0.000000000000000000e+00 0.000000000000000000e+00 0.000000000000000000e+00 0.000000000000000000e+00 4.608866303999981963e-03 3.497629477546663201e-01 5.890475055786669190e-01 5.658068036266677286e-02 0.000000000000000000e+00 0.000000000000000000e+00 0.000000000000000000e+00
0.000000000000000000e+00 0.000000000000000000e+00 0.000000000000000000e+00 0.000000000000000000e+00 4.464095914666663979e-03 3.476346989226665740e-01 5.905383144106667315e-01 5.736289075200001752e-02 0.000000000000000000e+00 0.000000000000000000e+00 0.000000000000000000e+00
0.000000000000000000e+00 0.000000000000000000e+00 0.000000000000000000e+00 0.000000000000000000e+00 4.322389333333305668e-03 3.455074986666663017e-01 5.920178346666669089e-01 5.815227733333349497e-02 0.000000000000000000e+00 0.000000000000000000e+00 0.000000000000000000e+00
0.000000000000000000e+00 0.000000000000000000e+00 0.000000000000000000e+00 0.000000000000000000e+00 4.183713791999988524e-03 3.433814452906664982e-01 5.934859680426667339e-01 5.894887287466674120e-02 0.000000000000000000e+00 0.000000000000000000e+00 0.000000000000000000e+00
0.000000000000000000e+00 0.000000000000000000e+00 0.000000000000000000e+00 0.000000000000000000e+00 4.048036522666670009e-03 3.412566370986667708e-01 5.949426162346665992e-01 5.975271014399998609e-02 0.000000000000000000e+00 0.000000000000000000e+00 0.000000000000000000e+00
0.000000000000000000e+00 0.000000000000000000e+00 0.000000000000000000e+00 0.000000000000000000e+00 3.915324757333313657e-03 3.391331723946663934e-01 5.963876809386668976e-01 6.056382190933344567e-02 0.000000000000000000e+00 0.000000000000000000e+00 0.000000000000000000e+00
0.000000000000000000e+00 0.000000000000000000e+00 0.000000000000000000e+00 0.000000000000000000e+00 3.785545727999994024e-03 3.370111494826665832e-01 5.978210638506666896e-01 6.138224093866669756e-02 0.000000000000000000e+00 0.000000000000000000e+00 0.000000000000000000e+00
0.000000000000000000e+00 0.000000000000000000e+00 0.000000000000000000e+00 0.000000000000000000e+00 3.658666666666642985e-03 3.348906666666662257e-01 5.992426666666669233e-01 6.220800000000017288e-02 0.000000000000000000e+00 0.000000000000000000e+00 0.000000000000000000e+00
0.000000000000000000e+00 0.000000000000000000e+00 0.000000000000000000e+00 0.000000000000000000e+00 3.534654805333323387e-03 3.327718222506664270e-01 6.006523910826668811e-01 6.304113186133340763e-02 0.000000000000000000e+00 0.000000000000000000e+00 0.000000000000000000e+00
0.000000000000000000e+00 0.000000000000000000e+00 0.000000000000000000e+00 0.000000000000000000e+00 3.413477376000003966e-03 3.306547145386666831e-01 6.020501387946666227e-01 6.388166929066665944e-02 0.000000000000000000e+00 0.000000000000000000e+00 0.000000000000000000e+00
0.000000000000000000e+00 0.000000000000000000e+00 0.000000000000000000e+00 0.000000000000000000e+00 3.295101610666649559e-03 3.285394418346663792e-01 6.034358114986668742e-01 6.472964505600012353e-02 0.000000000000000000e+00 0.000000000000000000e+00 0.000000000000000000e+00
0.000000000000000000e+00 0.000000000000000000e+00 0.000000000000000000e+00 0.000000000000000000e+00 3.179494741333329082e-03 3.264261024426666213e-01 6.048093108906666959e-01 6.558509192533337750e-02 0.000000000000000000e+00 0.000000000000000000e+00 0.000000000000000000e+00
0.000000000000000000e+00 0.000000000000000000e+00 0.000000000000000000e+00 0.000000000000000000e+00 3.066623999999976147e-03 3.243147946666662396e-01 6.061705386666669249e-01 6.644804266666684556e-02 0.000000000000000000e+00 0.000000000000000000e+00 0.000000000000000000e+00
0.000000000000000000e+00 0.000000000000000000e+00 0.000000000000000000e+00 0.000000000000000000e+00 2.956456618666654899e-03 3.222056168106664509e-01 6.075193965226668436e-01 6.731853004800007756e-02 0.000000000000000000e+00 0.000000000000000000e+00 0.000000000000000000e+00
0.000000000000000000e+00 0.000000000000000000e+00 0.000000000000000000e+00 0.000000000000000000e+00 2.848959829333334078e-03 3.200986671786666959e-01 6.088557861546666228e-01 6.819658683733331728e-02 0.000000000000000000e+00 0.000000000000000000e+00 0.000000000000000000e+00
0.000000000000000000e+00 0.000000000000000000e+00 0.000000000000000000e+00 0.000000000000000000e+00 2.744100863999985457e-03 3.179940440746663044e-01 6.101796092586668774e-01 6.908224580266680848e-02 0.000000000000000000e+00 0.000000000000000000e+00 0.000000000000000000e+00
0.000000000000000000e+00 0.000000000000000000e+00 0.000000000000000000e+00 0.000000000000000000e+00 2.641846954666664075e-03 3.158918458026665488e-01 6.114907675306666679e-01 6.997553971200004552e-02 0.000000000000000000e+00 0.000000000000000000e+00 0.000000000000000000e+00
0.000000000000000000e+00 0.000000000000000000e+00 0.000000000000000000e+00 0.000000000000000000e+00 2.542165333333312651e-03 3.137921706666662591e-01 6.127891626666669422e-01 7.087650133333352198e-02 0.000000000000000000e+00 0.000000000000000000e+00 0.000000000000000000e+00
0.000000000000000000e+00 0.000000000000000000e+00 0.000000000000000000e+00 0.000000000000000000e+00 2.445023231999990561e-03 3.116951169706664859e-01 6.140746963626668720e-01 7.178516343466674610e-02 0.000000000000000000e+00 0.000000000000000000e+00 0.000000000000000000e+00
0.000000000000000000e+00 0.000000000000000000e+00 0.000000000000000000e+00 0.000000000000000000e+00 2.350387882666667844e-03 3.096007830186667253e-01 6.153472703146666278e-01 7.270155878399998939e-02 0.000000000000000000e+00 0.000000000000000000e+00 0.000000000000000000e+00
0.000000000000000000e+00 0.000000000000000000e+00 0.000000000000000000e+00 0.000000000000000000e+00 2.258226517333318008e-03 3.075092671146663625e-01 6.166067862186668247e-01 7.362572014933348175e-02 0.000000000000000000e+00 0.000000000000000000e+00 0.000000000000000000e+00
0.000000000000000000e+00 0.000000000000000000e+00 0.000000000000000000e+00 0.000000000000000000e+00 2.168506367999994792e-03 3.054206675626665590e-01 6.178531457706666341e-01 7.455768029866671753e-02 0.000000000000000000e+00 0.000000000000000000e+00 0.000000000000000000e+00
0.000000000000000000e+00 0.000000000000000000e+00 0.000000000000000000e+00 0.000000000000000000e+00 2.081194666666671272e-03 3.033350826666668110e-01 6.190862506666665599e-01 7.549747199999994052e-02 0.000000000000000000e+00 0.000000000000000000e+00 0.000000000000000000e+00
0.000000000000000000e+00 0.000000000000000000e+00 0.000000000000000000e+00 0.000000000000000000e+00 1.996258645333325726e-03 3.012526107306664480e-01 6.203060026026667728e-01 7.644512802133343610e-02 0.000000000000000000e+00 0.000000000000000000e+00 0.000000000000000000e+00
0.000000000000000000e+00 0.000000000000000000e+00 0.000000000000000000e+00 0.000000000000000000e+00 1.913665536000001485e-03 2.991733500586666317e-01 6.215123032746666665e-01 7.740068113066667088e-02 0.000000000000000000e+00 0.000000000000000000e+00 0.000000000000000000e+00
0.000000000000000000e+00 0.000000000000000000e+00 0.000000000000000000e+00 0.000000000000000000e+00 1.833382570666654060e-03 2.970973989546663585e-01 6.227050543786668557e-01 7.836416409600015232e-02 0.000000000000000000e+00 0.000000000000000000e+00 0.000000000000000000e+00
0.000000000000000000e+00 0.000000000000000000e+00 0.000000000000000000e+00 0.000000000000000000e+00 1.755376981333329383e-03 2.950248557226665680e-01 6.238841576106666231e-01 7.933560968533338864e-02 0.000000000000000000e+00 0.000000000000000000e+00 0.000000000000000000e+00
0.000000000000000000e+00 0.000000000000000000e+00 0.000000000000000000e+00 0.000000000000000000e+00 1.679616000000004649e-03 2.929558186666668118e-01 6.250495146666665836e-01 8.031505066666659587e-02 0.000000000000000000e+00 0.000000000000000000e+00 0.000000000000000000e+00
0.000000000000000000e+00 0.000000000000000000e+00 0.000000000000000000e+00 0.000000000000000000e+00 1.606066858666657920e-03 2.908903860906664751e-01 6.262010272426667967e-01 8.130251980800011491e-02 0.000000000000000000e+00 0.000000000000000000e+00 0.000000000000000000e+00
0.000000000000000000e+00 0.000000000000000000e+00 0.000000000000000000e+00 0.000000000000000000e+00 1.534696789333332744e-03 2.888286562986666639e-01 6.273385970346666562e-01 8.229804987733332911e-02 0.000000000000000000e+00 0.000000000000000000e+00 0.000000000000000000e+00
0.000000000000000000e+00 0.000000000000000000e+00 0.000000000000000000e+00 0.000000000000000000e+00 1.465473023999989619e-03 2.867707275946662637e-01 6.284621257386668880e-01 8.330167364266682917e-02 0.000000000000000000e+00 0.000000000000000000e+00 0.000000000000000000e+00
0.000000000000000000e+00 0.000000000000000000e+00 0.000000000000000000e+00 0.000000000000000000e+00 1.398362794666663852e-03 2.847166982826665471e-01 6.295715150506667745e-01 8.431342387200005395e-02 0.000000000000000000e+00 0.000000000000000000e+00 0.000000000000000000e+00
0.000000000000000000e+00 0.000000000000000000e+00 0.000000000000000000e+00 0.000000000000000000e+00 1.333333333333337626e-03 2.826666666666667882e-01 6.306666666666667087e-01 8.533333333333327497e-02 0.000000000000000000e+00 0.000000000000000000e+00 0.000000000000000000e+00
0.000000000000000000e+00 0.000000000000000000e+00 0.000000000000000000e+00 0.000000000000000000e+00 1.270351871999993122e-03 2.806207310506664832e-01 6.317474822826667502e-01 8.636143479466676376e-02 0.000000000000000000e+00 0.000000000000000000e+00 0.000000000000000000e+00
0.000000000000000000e+00 0.000000000000000000e+00 0.000000000000000000e+00 0.000000000000000000e+00 1.209385642666666733e-03 2.785789897386666825e-01 6.328138635946667367e-01 8.739776102400000080e-02 0.000000000000000000e+00 0.000000000000000000e+00 0.000000000000000000e+00
0.000000000000000000e+00 0.000000000000000000e+00 0.000000000000000000e+00 0.000000000000000000e+00 1.150401877333322642e-03 2.765415410346663827e-01 6.338657122986668391e-01 8.844234478933350740e-02 0.000000000000000000e+00 0.000000000000000000e+00 0.000000000000000000e+00
0.000000000000000000e+00 0.000000000000000000e+00 0.000000000000000000e+00 0.000000000000000000e+00 1.093367807999996158e-03 2.745084832426665233e-01 6.349029300906666728e-01 8.949521885866673632e-02 0.000000000000000000e+00 0.000000000000000000e+00 0.000000000000000000e+00
0.000000000000000000e+00 0.000000000000000000e+00 0.000000000000000000e+00 0.000000000000000000e+00 1.038250666666668811e-03 2.724799146666667671e-01 6.359254186666665198e-01 9.055641599999995905e-02 0.000000000000000000e+00 0.000000000000000000e+00 0.000000000000000000e+00
0.000000000000000000e+00 0.000000000000000000e+00 0.000000000000000000e+00 0.000000000000000000e+00 9.850176853333277721e-04 2.704559336106663880e-01 6.369330797226668839e-01 9.162596898133344714e-02 0.000000000000000000e+00 0.000000000000000000e+00 0.000000000000000000e+00
0.000000000000000000e+00 0.000000000000000000e+00 0.000000000000000000e+00 0.000000000000000000e+00 9.336360960000003248e-04 2.684366383786666033e-01 6.379258149546667145e-01 9.270391057066666718e-02 0.000000000000000000e+00 0.000000000000000000e+00 0.000000000000000000e+00
0.000000000000000000e+00 0.000000000000000000e+00 0.000000000000000000e+00 0.000000000000000000e+00 8.840731306666581345e-04 2.664221272746663538e-01 6.389035260586668485e-01 9.379027353600018213e-02 0.000000000000000000e+00 0.000000000000000000e+00 0.000000000000000000e+00
0.000000000000000000e+00 0.000000000000000000e+00 0.000000000000000000e+00 0.000000000000000000e+00 8.362960213333303292e-04 2.644124986026665791e-01 6.398661147306666797e-01 9.488509064533338921e-02 0.000000000000000000e+00 0.000000000000000000e+00 0.000000000000000000e+00
0.000000000000000000e+00 0.000000000000000000e+00 0.000000000000000000e+00 0.000000000000000000e+00 7.902720000000021264e-04 2.624078506666667754e-01 6.408134826666667117e-01 9.598839466666660158e-02 0.000000000000000000e+00 0.000000000000000000e+00 0.000000000000000000e+00
0.000000000000000000e+00 0.000000000000000000e+00 0.000000000000000000e+00 0.000000000000000000e+00 7.459682986666609124e-04 2.604082817706664388e-01 6.417455315626667822e-01 9.710021836800014627e-02 0.000000000000000000e+00 0.000000000000000000e+00 0.000000000000000000e+00
0.000000000000000000e+00 0.000000000000000000e+00 0.000000000000000000e+00 0.000000000000000000e+00 7.033521493333323455e-04 2.584138902186666198e-01 6.426621631146666180e-01 9.822059451733335111e-02 0.000000000000000000e+00 0.000000000000000000e+00 0.000000000000000000e+00
0.000000000000000000e+00 0.000000000000000000e+00 0.000000000000000000e+00 0.000000000000000000e+00 6.623907839999934035e-04 2.564247743146662595e-01 6.435632790186668339e-01 9.934955588266687621e-02 0.000000000000000000e+00 0.000000000000000000e+00 0.000000000000000000e+00
0.000000000000000000e+00 0.000000000000000000e+00 0.000000000000000000e+00 0.000000000000000000e+00 6.230514346666644323e-04 2.544410323626665194e-01 6.444487809706667125e-01 1.004871352320000771e-01 0.000000000000000000e+00 0.000000000000000000e+00 0.000000000000000000e+00
0.000000000000000000e+00 0.000000000000000000e+00 0.000000000000000000e+00 0.000000000000000000e+00 5.853013333333353116e-04 2.524627626666667291e-01 6.453185706666666466e-01 1.016333653333332809e-01 0.000000000000000000e+00 0.000000000000000000e+00 0.000000000000000000e+00
0.000000000000000000e+00 0.000000000000000000e+00 0.000000000000000000e+00 0.000000000000000000e+00 5.491077119999955959e-04 2.504900635306664958e-01 6.461725498026666958e-01 1.027882789546668008e-01 0.000000000000000000e+00 0.000000000000000000e+00 0.000000000000000000e+00
0.000000000000000000e+00 0.000000000000000000e+00 0.000000000000000000e+00 0.000000000000000000e+00 5.144378026666661732e-04 2.485230332586666757e-01 6.470106200746665870e-01 1.039519088640000061e-01 0.000000000000000000e+00 0.000000000000000000e+00 0.000000000000000000e+00
0.000000000000000000e+00 0.000000000000000000e+00 0.000000000000000000e+00 0.000000000000000000e+00 4.812588373333270028e-04 2.465617701546663210e-01 6.478326831786667128e-01 1.051242878293335570e-01 0.000000000000000000e+00 0.000000000000000000e+00 0.000000000000000000e+00
0.000000000000000000e+00 0.000000000000000000e+00 0.000000000000000000e+00 0.000000000000000000e+00 4.495380479999974005e-04 2.446063725226665375e-01 6.486386408106668000e-01 1.063054486186667674e-01 0.000000000000000000e+00 0.000000000000000000e+00 0.000000000000000000e+00
0.000000000000000000e+00 0.000000000000000000e+00 0.000000000000000000e+00 0.000000000000000000e+00 4.192426666666674629e-04 2.426569386666667383e-01 6.494283946666665752e-01 1.074954239999999644e-01 0.000000000000000000e+00 0.000000000000000000e+00 0.000000000000000000e+00
0.000000000000000000e+00 0.000000000000000000e+00 0.000000000000000000e+00 0.000000000000000000e+00 3.903399253333299972e-04 2.407135668906664194e-01 6.502018464426668753e-01 1.086942467413334890e-01 0.000000000000000000e+00 0.000000000000000000e+00 0.000000000000000000e+00
0.000000000000000000e+00 0.000000000000000000e+00 0.000000000000000000e+00 0.000000000000000000e+00 3.627970559999997655e-04 2.387763554986666314e-01 6.509588978346667609e-01 1.099019496106666827e-01 0.000000000000000000e+00 0.000000000000000000e+00 0.000000000000000000e+00
0.000000000000000000e+00 0.000000000000000000e+00 0.000000000000000000e+00 0.000000000000000000e+00 3.365812906666618772e-04 2.368454027946663154e-01 6.516994505386668468e-01 1.111185653760002195e-01 0.000000000000000000e+00 0.000000000000000000e+00 0.000000000000000000e+00
0.000000000000000000e+00 0.000000000000000000e+00 0.000000000000000000e+00 0.000000000000000000e+00 3.116598613333314738e-04 2.349208070826665773e-01 6.524234062506667486e-01 1.123441268053334136e-01 0.000000000000000000e+00 0.000000000000000000e+00 0.000000000000000000e+00
0.000000000000000000e+00 0.000000000000000000e+00 0.000000000000000000e+00 0.000000000000000000e+00 2.880000000000007662e-04 2.330026666666667190e-01 6.531306666666666372e-01 1.135786666666666195e-01 0.000000000000000000e+00 0.000000000000000000e+00 0.000000000000000000e+00
0.000000000000000000e+00 0.000000000000000000e+00 0.000000000000000000e+00 0.000000000000000000e+00 2.655689386666634831e-04 2.310910798506664032e-01 6.538211334826666832e-01 1.148222177280001782e-01 0.000000000000000000e+00 0.000000000000000000e+00 0.000000000000000000e+00
0.000000000000000000e+00 0.000000000000000000e+00 0.000000000000000000e+00 0.000000000000000000e+00 2.443339093333325978e-04 2.291861449386666250e-01 6.544947083946666133e-01 1.160748127573333621e-01 0.000000000000000000e+00 0.000000000000000000e+00 0.000000000000000000e+00
0.000000000000000000e+00 0.000000000000000000e+00 0.000000000000000000e+00 0.000000000000000000e+00 2.242621439999964992e-04 2.272879602346662697e-01 6.551512930986667094e-01 1.173364845226669145e-01 0.000000000000000000e+00 0.000000000000000000e+00 0.000000000000000000e+00
0.000000000000000000e+00 0.000000000000000000e+00 0.000000000000000000e+00 0.000000000000000000e+00 2.053208746666653959e-04 2.253966240426664991e-01 6.557907892906666980e-01 1.186072657920000939e-01 0.000000000000000000e+00 0.000000000000000000e+00 0.000000000000000000e+00
0.000000000000000000e+00 0.000000000000000000e+00 0.000000000000000000e+00 0.000000000000000000e+00 1.874773333333340465e-04 2.235122346666666704e-01 6.564130986666666390e-01 1.198871893333332966e-01 0.000000000000000000e+00 0.000000000000000000e+00 0.000000000000000000e+00
0.000000000000000000e+00 0.000000000000000000e+00 0.000000000000000000e+00 0.000000000000000000e+00 1.706987519999977518e-04 2.216348904106664186e-01 6.570181229226668140e-01 1.211762879146668498e-01 0.000000000000000000e+00 0.000000000000000000e+00 0.000000000000000000e+00
0.000000000000000000e+00 0.000000000000000000e+00 0.000000000000000000e+00 0.000000000000000000e+00 1.549523626666662326e-04 2.197646895786666554e-01 6.576057637546667278e-01 1.224745943040000257e-01 0.000000000000000000e+00 0.000000000000000000e+00 0.000000000000000000e+00
0.000000000000000000e+00 0.000000000000000000e+00 0.000000000000000000e+00 0.000000000000000000e+00 1.402053973333303714e-04 2.179017304746662664e-01 6.581759228586667732e-01 1.237821412693336093e-01 0.000000000000000000e+00 0.000000000000000000e+00 0.000000000000000000e+00
0.000000000000000000e+00 0.000000000000000000e+00 0.000000000000000000e+00 0.000000000000000000e+00 1.264250879999987234e-04 2.160461114026665241e-01 6.587285019306667877e-01 1.250989615786667897e-01 0.000000000000000000e+00 0.000000000000000000e+00 0.000000000000000000e+00
0.000000000000000000e+00 0.000000000000000000e+00 0.000000000000000000e+00 0.000000000000000000e+00 1.135786666666668333e-04 2.141979306666667304e-01 6.592634026666666092e-01 1.264250879999999633e-01 0.000000000000000000e+00 0.000000000000000000e+00 0.000000000000000000e+00
0.000000000000000000e+00 0.000000000000000000e+00 0.000000000000000000e+00 0.000000000000000000e+00 1.016333653333318179e-04 2.123572865706663815e-01 6.597805267626668524e-01 1.277605533013335126e-01 0.000000000000000000e+00 0.000000000000000000e+00 0.000000000000000000e+00
0.000000000000000000e+00 0.000000000000000000e+00 0.000000000000000000e+00 0.000000000000000000e+00 9.055641599999976585e-05 2.105242774186665833e-01 6.602797759146668000e-01 1.291053902506667239e-01 0.000000000000000000e+00 0.000000000000000000e+00 0.000000000000000000e+00
0.000000000000000000e+00 0.000000000000000000e+00 0.000000000000000000e+00 0.000000000000000000e+00 8.031505066666469038e-05 2.086990015146663324e-01 6.607610518186668447e-01 1.304596316160002711e-01 0.000000000000000000e+00 0.000000000000000000e+00 0.000000000000000000e+00
0.000000000000000000e+00 0.000000000000000000e+00 0.000000000000000000e+00 0.000000000000000000e+00 7.087650133333251747e-05 2.068815571626665129e-01 6.612242561706667132e-01 1.318233101653334405e-01 0.000000000000000000e+00 0.000000000000000000e+00 0.000000000000000000e+00
0.000000000000000000e+00 0.000000000000000000e+00 0.000000000000000000e+00 0.000000000000000000e+00 6.220800000000016063e-05 2.050720426666667318e-01 6.616692906666665763e-01 1.331964586666666284e-01 0.000000000000000000e+00 0.000000000000000000e+00 0.000000000000000000e+00
0.000000000000000000e+00 0.000000000000000000e+00 0.000000000000000000e+00 0.000000000000000000e+00 5.427677866666546174e-05 2.032705563306664021e-01 6.620960570026666048e-01 1.345791098880002312e-01 0.000000000000000000e+00 0.000000000000000000e+00 0.000000000000000000e+00
0.000000000000000000e+00 0.000000000000000000e+00 0.000000000000000000e+00 0.000000000000000000e+00 4.705006933333299828e-05 2.014771964586666020e-01 6.625044568746666362e-01 1.359712965973333965e-01 0.000000000000000000e+00 0.000000000000000000e+00 0.000000000000000000e+00
0.000000000000000000e+00 0.000000000000000000e+00 0.000000000000000000e+00 0.000000000000000000e+00 4.049510399999879608e-05 1.996920613546662449e-01 6.628943919786667305e-01 1.373730515626669646e-01 0.000000000000000000e+00 0.000000000000000000e+00 0.000000000000000000e+00
0.000000000000000000e+00 0.000000000000000000e+00 0.000000000000000000e+00 0.000000000000000000e+00 3.457911466666619934e-05 1.979152493226664644e-01 6.632657640106667252e-01 1.387844075520001386e-01 0.000000000000000000e+00 0.000000000000000000e+00 0.000000000000000000e+00
0.000000000000000000e+00 0.000000000000000000e+00 0.000000000000000000e+00 0.000000000000000000e+00 2.926933333333347006e-05 1.961468586666666736e-01 6.636184746666666801e-01 1.402053973333333148e-01 0.000000000000000000e+00 0.000000000000000000e+00 0.000000000000000000e+00
0.000000000000000000e+00 0.000000000000000000e+00 0.000000000000000000e+00 0.000000000000000000e+00 2.453299199999932088e-05 1.943869876906663963e-01 6.639524256426667659e-01 1.416360536746668897e-01 0.000000000000000000e+00 0.000000000000000000e+00 0.000000000000000000e+00
0.000000000000000000e+00 0.000000000000000000e+00 0.000000000000000000e+00 0.000000000000000000e+00 2.033732266666650305e-05 1.926357346986666275e-01 6.642675186346667093e-01 1.430764093440000384e-01 0.000000000000000000e+00 0.000000000000000000e+00 0.000000000000000000e+00
0.000000000000000000e+00 0.000000000000000000e+00 0.000000000000000000e+00 0.000000000000000000e+00 1.664955733333257047e-05 1.908931979946662805e-01 6.645636553386666812e-01 1.445264971093336570e-01 0.000000000000000000e+00 0.000000000000000000e+00 0.000000000000000000e+00
0.000000000000000000e+00 0.000000000000000000e+00 0.000000000000000000e+00 0.000000000000000000e+00 1.343692799999966963e-05 1.891594758826664890e-01 6.648407374506666301e-01 1.459863497386668374e-01 0.000000000000000000e+00 0.000000000000000000e+00 0.000000000000000000e+00
0.000000000000000000e+00 0.000000000000000000e+00 0.000000000000000000e+00 0.000000000000000000e+00 1.066666666666666562e-05 1.874346666666666661e-01 6.650986666666666158e-01 1.474560000000000037e-01 0.000000000000000000e+00 0.000000000000000000e+00 0.000000000000000000e+00
0.000000000000000000e+00 0.000000000000000000e+00 0.000000000000000000e+00 0.000000000000000000e+00 8.306005333333019836e-06 1.857188686506663911e-01 6.653373446826666981e-01 1.489354806613335525e-01 0.000000000000000000e+00 0.000000000000000000e+00 0.000000000000000000e+00
0.000000000000000000e+00 0.000000000000000000e+00 0.000000000000000000e+00 0.000000000000000000e+00 6.322175999999937722e-06 1.840121801386665756e-01 6.655566731946667147e-01 1.504248244906667420e-01 0.000000000000000000e+00 0.000000000000000000e+00 0.000000000000000000e+00
0.000000000000000000e+00 0.000000000000000000e+00 0.000000000000000000e+00 0.000000000000000000e+00 4.682410666666778187e-06 1.823146994346667160e-01 6.657565538986667253e-01 1.519240642559999133e-01 0.000000000000000000e+00 0.000000000000000000e+00 0.000000000000000000e+00
0.000000000000000000e+00 0.000000000000000000e+00 0.000000000000000000e+00 0.000000000000000000e+00 3.353941333333210578e-06 1.806265248426665304e-01 6.659368884906666786e-01 1.534332327253334627e-01 0.000000000000000000e+00 0.000000000000000000e+00 0.000000000000000000e+00
0.000000000000000000e+00 0.000000000000000000e+00 0.000000000000000000e+00 0.000000000000000000e+00 2.304000000000005808e-06 1.789477546666666807e-01 6.660975786666667453e-01 1.549523626666666487e-01 0.000000000000000000e+00 0.000000000000000000e+00 0.000000000000000000e+00
0.000000000000000000e+00 0.000000000000000000e+00 0.000000000000000000e+00 0.000000000000000000e+00 1.499818666666547350e-06 1.772784872106663856e-01 6.662385261226666522e-01 1.564814868480002563e-01 0.000000000000000000e+00 0.000000000000000000e+00 0.000000000000000000e+00
0.000000000000000000e+00 0.000000000000000000e+00 0.000000000000000000e+00 0.000000000000000000e+00 9.086293333333025612e-07 1.756188207786665567e-01 6.663596325546665700e-01 1.580206380373334329e-01 0.000000000000000000e+00 0.000000000000000000e+00 0.000000000000000000e+00
0.000000000000000000e+00 0.000000000000000000e+00 0.000000000000000000e+00 0.000000000000000000e+00 4.976640000000159633e-07 1.739688536746667735e-01 6.664607996586666694e-01 1.595698490026665750e-01 0.000000000000000000e+00 0.000000000000000000e+00 0.000000000000000000e+00
0.000000000000000000e+00 0.000000000000000000e+00 0.000000000000000000e+00 0.000000000000000000e+00 2.341546666666473292e-07 1.723286842026664489e-01 6.665419291306666771e-01 1.611291525120001622e-01 0.000000000000000000e+00 0.000000000000000000e+00 0.000000000000000000e+00
0.000000000000000000e+00 0.000000000000000000e+00 0.000000000000000000e+00 0.000000000000000000e+00 8.533333333333474596e-08 1.706984106666666612e-01 6.666029226666667640e-01 1.626985813333333142e-01 0.000000000000000000e+00 0.000000000000000000e+00 0.000000000000000000e+00
0.000000000000000000e+00 0.000000000000000000e+00 0.000000000000000000e+00 0.000000000000000000e+00 1.843199999999390786e-08 1.690781313706664346e-01 6.666436819626666566e-01 1.642781682346669270e-01 0.000000000000000000e+00 0.000000000000000000e+00 0.000000000000000000e+00
0.000000000000000000e+00 0.000000000000000000e+00 0.000000000000000000e+00 0.000000000000000000e+00 6.826666666664410739e-10 1.674679446186665976e-01 6.666641087146667477e-01 1.658679459840000647e-01 0.000000000000000000e+00 0.000000000000000000e+00 0.000000000000000000e+00
0.000000000000000000e+00 0.000000000000000000e+00 0.000000000000000000e+00 0.000000000000000000e+00 0.000000000000000000e+00 1.658679459840000925e-01 6.666641087146667477e-01 1.674679446186665699e-01 6.826666666664410739e-10 0.000000000000000000e+00 0.000000000000000000e+00
0.000000000000000000e+00 0.000000000000000000e+00 0.000000000000000000e+00 0.000000000000000000e+00 0.000000000000000000e+00 1.642781682346664829e-01 6.666436819626666566e-01 1.690781313706668787e-01 1.843200000000414174e-08 0.000000000000000000e+00 0.000000000000000000e+00
0.000000000000000000e+00 0.000000000000000000e+00 0.000000000000000000e+00 0.000000000000000000e+00 0.000000000000000000e+00 1.626985813333333142e-01 6.666029226666666530e-01 1.706984106666666889e-01 8.533333333333356805e-08 0.000000000000000000e+00 0.000000000000000000e+00
0.000000000000000000e+00 0.000000000000000000e+00 0.000000000000000000e+00 0.000000000000000000e+00 0.000000000000000000e+00 1.611291525119997181e-01 6.665419291306666771e-01 1.723286842026669208e-01 2.341546666667007188e-07 0.000000000000000000e+00 0.000000000000000000e+00
0.000000000000000000e+00 0.000000000000000000e+00 0.000000000000000000e+00 0.000000000000000000e+00 0.000000000000000000e+00 1.595698490026665473e-01 6.664607996586666694e-01 1.739688536746667735e-01 4.976640000000197749e-07 0.000000000000000000e+00 0.000000000000000000e+00
0.000000000000000000e+00 0.000000000000000000e+00 0.000000000000000000e+00 0.000000000000000000e+00 0.000000000000000000e+00 1.580206380373334052e-01 6.663596325546666810e-01 1.756188207786665567e-01 9.086293333333083845e-07 0.000000000000000000e+00 0.000000000000000000e+00
0.000000000000000000e+00 0.000000000000000000e+00 0.000000000000000000e+00 0.000000000000000000e+00 0.000000000000000000e+00 1.564814868479998400e-01 6.662385261226666522e-01 1.772784872106668574e-01 1.499818666666747461e-06 0.000000000000000000e+00 0.000000000000000000e+00
0.000000000000000000e+00 0.000000000000000000e+00 0.000000000000000000e+00 0.000000000000000000e+00 0.000000000000000000e+00 1.549523626666666765e-01 6.660975786666667453e-01 1.789477546666666530e-01 2.304000000000005808e-06 0.000000000000000000e+00 0.000000000000000000e+00
0.000000000000000000e+00 0.000000000000000000e+00 0.000000000000000000e+00 0.000000000000000000e+00 0.000000000000000000e+00 1.534332327253330741e-01 6.659368884906666786e-01 1.806265248426669745e-01 3.353941333333539651e-06 0.000000000000000000e+00 0.000000000000000000e+00
0.000000000000000000e+00 0.000000000000000000e+00 0.000000000000000000e+00 0.000000000000000000e+00 0.000000000000000000e+00 1.519240642559999133e-01 6.657565538986666143e-01 1.823146994346667715e-01 4.682410666666761247e-06 0.000000000000000000e+00 0.000000000000000000e+00
0.000000000000000000e+00 0.000000000000000000e+00 0.000000000000000000e+00 0.000000000000000000e+00 0.000000000000000000e+00 1.504248244906667420e-01 6.655566731946667147e-01 1.840121801386666034e-01 6.322175999999916546e-06 0.000000000000000000e+00 0.000000000000000000e+00
0.000000000000000000e+00 0.000000000000000000e+00 0.000000000000000000e+00 0.000000000000000000e+00 0.000000000000000000e+00 1.489354806613331361e-01 6.653373446826666981e-01 1.857188686506668629e-01 8.306005333333595818e-06 0.000000000000000000e+00 0.000000000000000000e+00
0.000000000000000000e+00 0.000000000000000000e+00 0.000000000000000000e+00 0.000000000000000000e+00 0.000000000000000000e+00 1.474559999999999760e-01 6.650986666666667269e-01 1.874346666666666661e-01 1.066666666666669442e-05 0.000000000000000000e+00 0.000000000000000000e+00
0.000000000000000000e+00 0.000000000000000000e+00 0.000000000000000000e+00 0.000000000000000000e+00 0.000000000000000000e+00 1.459863497386664211e-01 6.648407374506666301e-01 1.891594758826669609e-01 1.343692800000053360e-05 0.000000000000000000e+00 0.000000000000000000e+00
0.000000000000000000e+00 0.000000000000000000e+00 0.000000000000000000e+00 0.000000000000000000e+00 0.000000000000000000e+00 1.445264971093332407e-01 6.645636553386666812e-01 1.908931979946667801e-01 1.664955733333356658e-05 0.000000000000000000e+00 0.000000000000000000e+00
0.000000000000000000e+00 0.000000000000000000e+00 0.000000000000000000e+00 0.000000000000000000e+00 0.000000000000000000e+00 1.430764093440000662e-01 6.642675186346667093e-01 1.926357346986665997e-01 2.033732266666650305e-05 0.000000000000000000e+00 0.000000000000000000e+00
0.000000000000000000e+00 0.000000000000000000e+00 0.000000000000000000e+00 0.000000000000000000e+00 0.000000000000000000e+00 1.416360536746665011e-01 6.639524256426665438e-01 1.943869876906668681e-01 2.453299200000055754e-05 0.000000000000000000e+00 0.000000000000000000e+00
0.000000000000000000e+00 0.000000000000000000e+00 0.000000000000000000e+00 0.000000000000000000e+00 0.000000000000000000e+00 1.402053973333333148e-01 6.636184746666666801e-01 1.961468586666667013e-01 2.926933333333340908e-05 0.000000000000000000e+00 0.000000000000000000e+00
0.000000000000000000e+00 0.000000000000000000e+00 0.000000000000000000e+00 0.000000000000000000e+00 0.000000000000000000e+00 1.387844075519997222e-01 6.632657640106666141e-01 1.979152493226669918e-01 3.457911466666769689e-05 0.000000000000000000e+00 0.000000000000000000e+00
0.000000000000000000e+00 0.000000000000000000e+00 0.000000000000000000e+00 0.000000000000000000e+00 0.000000000000000000e+00 1.373730515626665483e-01 6.628943919786667305e-01 1.996920613546667722e-01 4.049510400000045626e-05 0.000000000000000000e+00 0.000000000000000000e+00
0.000000000000000000e+00 0.000000000000000000e+00 0.000000000000000000e+00 0.000000000000000000e+00 0.000000000000000000e+00 1.359712965973333687e-01 6.625044568746667473e-01 2.014771964586666020e-01 4.705006933333307959e-05 0.000000000000000000e+00 0.000000000000000000e+00
0.000000000000000000e+00 0.000000000000000000e+00 0.000000000000000000e+00 0.000000000000000000e+00 0.000000000000000000e+00 1.345791098879998426e-01 6.620960570026666048e-01 2.032705563306668739e-01 5.427677866666765725e-05 0.000000000000000000e+00 0.000000000000000000e+00
0.000000000000000000e+00 0.000000000000000000e+00 0.000000000000000000e+00 0.000000000000000000e+00 0.000000000000000000e+00 1.331964586666666561e-01 6.616692906666667984e-01 2.050720426666667040e-01 6.220800000000016063e-05 0.000000000000000000e+00 0.000000000000000000e+00
0.000000000000000000e+00 0.000000000000000000e+00 0.000000000000000000e+00 0.000000000000000000e+00 0.000000000000000000e+00 1.318233101653330797e-01 6.612242561706664912e-01 2.068815571626670402e-01 7.087650133333502469e-05 0.000000000000000000e+00 0.000000000000000000e+00
0.000000000000000000e+00 0.000000000000000000e+00 0.000000000000000000e+00 0.000000000000000000e+00 0.000000000000000000e+00 1.304596316159998826e-01 6.607610518186666226e-01 2.086990015146668320e-01 8.031505066666742799e-05 0.000000000000000000e+00 0.000000000000000000e+00
0.000000000000000000e+00 0.000000000000000000e+00 0.000000000000000000e+00 0.000000000000000000e+00 0.000000000000000000e+00 1.291053902506667239e-01 6.602797759146665779e-01 2.105242774186666110e-01 9.055641599999964388e-05 0.000000000000000000e+00 0.000000000000000000e+00
0.000000000000000000e+00 0.000000000000000000e+00 0.000000000000000000e+00 0.000000000000000000e+00 0.000000000000000000e+00 1.277605533013331240e-01 6.597805267626666303e-01 2.123572865706669366e-01 1.016333653333348808e-04 0.000000000000000000e+00 0.000000000000000000e+00
0.000000000000000000e+00 0.000000000000000000e+00 0.000000000000000000e+00 0.000000000000000000e+00 0.000000000000000000e+00 1.264250879999999355e-01 6.592634026666666092e-01 2.141979306666667304e-01 1.135786666666669824e-04 0.000000000000000000e+00 0.000000000000000000e+00
0.000000000000000000e+00 0.000000000000000000e+00 0.000000000000000000e+00 0.000000000000000000e+00 0.000000000000000000e+00 1.250989615786664289e-01 6.587285019306665657e-01 2.160461114026669960e-01 1.264250880000025452e-04 0.000000000000000000e+00 0.000000000000000000e+00
0.000000000000000000e+00 0.000000000000000000e+00 0.000000000000000000e+00 0.000000000000000000e+00 0.000000000000000000e+00 1.237821412693332346e-01 6.581759228586666621e-01 2.179017304746667938e-01 1.402053973333344914e-04 0.000000000000000000e+00 0.000000000000000000e+00
0.000000000000000000e+00 0.000000000000000000e+00 0.000000000000000000e+00 0.000000000000000000e+00 0.000000000000000000e+00 1.224745943040000395e-01 6.576057637546667278e-01 2.197646895786666277e-01 1.549523626666662326e-04 0.000000000000000000e+00 0.000000000000000000e+00
0.000000000000000000e+00 0.000000000000000000e+00 0.000000000000000000e+00 0.000000000000000000e+00 0.000000000000000000e+00 1.211762879146664751e-01 6.570181229226665920e-01 2.216348904106669460e-01 1.706987520000022784e-04 0.000000000000000000e+00 0.000000000000000000e+00
0.000000000000000000e+00 0.000000000000000000e+00 0.000000000000000000e+00 0.000000000000000000e+00 0.000000000000000000e+00 1.198871893333332966e-01 6.564130986666665279e-01 2.235122346666667259e-01 1.874773333333338567e-04 0.000000000000000000e+00 0.000000000000000000e+00
0.000000000000000000e+00 0.000000000000000000e+00 0.000000000000000000e+00 0.000000000000000000e+00 0.000000000000000000e+00 1.186072657919997331e-01 6.557907892906664760e-01 2.253966240426670264e-01 2.053208746666702748e-04 0.000000000000000000e+00 0.000000000000000000e+00
0.000000000000000000e+00 0.000000000000000000e+00 0.000000000000000000e+00 0.000000000000000000e+00 0.000000000000000000e+00 1.173364845226665537e-01 6.551512930986665983e-01 2.272879602346667971e-01 2.242621440000016491e-04 0.000000000000000000e+00 0.000000000000000000e+00
0.000000000000000000e+00 0.000000000000000000e+00 0.000000000000000000e+00 0.000000000000000000e+00 0.000000000000000000e+00 1.160748127573333482e-01 6.544947083946667243e-01 2.291861449386666250e-01 2.443339093333328146e-04 0.000000000000000000e+00 0.000000000000000000e+00
0.000000000000000000e+00 0.000000000000000000e+00 0.000000000000000000e+00 0.000000000000000000e+00 0.000000000000000000e+00 1.148222177279998452e-01 6.538211334826665722e-01 2.310910798506669028e-01 2.655689386666698257e-04 0.000000000000000000e+00 0.000000000000000000e+00
0.000000000000000000e+00 0.000000000000000000e+00 0.000000000000000000e+00 0.000000000000000000e+00 0.000000000000000000e+00 1.135786666666666472e-01 6.531306666666666372e-01 2.330026666666666912e-01 2.880000000000007662e-04 0.000000000000000000e+00 0.000000000000000000e+00
0.000000000000000000e+00 0.000000000000000000e+00 0.000000000000000000e+00 0.000000000000000000e+00 0.000000000000000000e+00 1.123441268053330805e-01 6.524234062506665266e-01 2.349208070826670769e-01 3.116598613333382501e-04 0.000000000000000000e+00 0.000000000000000000e+00
0.000000000000000000e+00 0.000000000000000000e+00 0.000000000000000000e+00 0.000000000000000000e+00 0.000000000000000000e+00 1.111185653759998865e-01 6.516994505386666248e-01 2.368454027946668705e-01 3.365812906666690329e-04 0.000000000000000000e+00 0.000000000000000000e+00
0.000000000000000000e+00 0.000000000000000000e+00 0.000000000000000000e+00 0.000000000000000000e+00 0.000000000000000000e+00 1.099019496106666827e-01 6.509588978346666499e-01 2.387763554986666592e-01 3.627970559999994945e-04 0.000000000000000000e+00 0.000000000000000000e+00
0.000000000000000000e+00 0.000000000000000000e+00 0.000000000000000000e+00 0.000000000000000000e+00 0.000000000000000000e+00 1.086942467413331559e-01 6.502018464426665423e-01 2.407135668906669468e-01 3.903399253333374782e-04 0.000000000000000000e+00 0.000000000000000000e+00
0.000000000000000000e+00 0.000000000000000000e+00 0.000000000000000000e+00 0.000000000000000000e+00 0.000000000000000000e+00 1.074954239999999506e-01 6.494283946666665752e-01 2.426569386666667383e-01 4.192426666666677882e-04 0.000000000000000000e+00 0.000000000000000000e+00
0.000000000000000000e+00 0.000000000000000000e+00 0.000000000000000000e+00 0.000000000000000000e+00 0.000000000000000000e+00 1.063054486186664344e-01 6.486386408106665780e-01 2.446063725226670649e-01 4.495380480000063994e-04 0.000000000000000000e+00 0.000000000000000000e+00
0.000000000000000000e+00 0.000000000000000000e+00 0.000000000000000000e+00 0.000000000000000000e+00 0.000000000000000000e+00 1.051242878293332239e-01 6.478326831786666018e-01 2.465617701546668761e-01 4.812588373333363811e-04 0.000000000000000000e+00 0.000000000000000000e+00
0.000000000000000000e+00 0.000000000000000000e+00 0.000000000000000000e+00 0.000000000000000000e+00 0.000000000000000000e+00 1.039519088640000338e-01 6.470106200746666980e-01 2.485230332586666202e-01 5.144378026666661732e-04 0.000000000000000000e+00 0.000000000000000000e+00
0.000000000000000000e+00 0.000000000000000000e+00 0.000000000000000000e+00 0.000000000000000000e+00 0.000000000000000000e+00 1.027882789546664954e-01 6.461725498026664738e-01 2.504900635306669399e-01 5.491077120000053538e-04 0.000000000000000000e+00 0.000000000000000000e+00
0.000000000000000000e+00 0.000000000000000000e+00 0.000000000000000000e+00 0.000000000000000000e+00 0.000000000000000000e+00 1.016333653333332809e-01 6.453185706666666466e-01 2.524627626666667846e-01 5.853013333333348779e-04 0.000000000000000000e+00 0.000000000000000000e+00
0.000000000000000000e+00 0.000000000000000000e+00 0.000000000000000000e+00 0.000000000000000000e+00 0.000000000000000000e+00 1.004871352319997441e-01 6.444487809706664905e-01 2.544410323626670745e-01 6.230514346666747322e-04 0.000000000000000000e+00 0.000000000000000000e+00
0.000000000000000000e+00 0.000000000000000000e+00 0.000000000000000000e+00 0.000000000000000000e+00 0.000000000000000000e+00 9.934955588266654314e-02 6.435632790186666119e-01 2.564247743146668701e-01 6.623907840000040287e-04 0.000000000000000000e+00 0.000000000000000000e+00
0.000000000000000000e+00 0.000000000000000000e+00 0.000000000000000000e+00 0.000000000000000000e+00 0.000000000000000000e+00 9.822059451733333724e-02 6.426621631146667291e-01 2.584138902186666198e-01 7.033521493333327792e-04 0.000000000000000000e+00 0.000000000000000000e+00
0.000000000000000000e+00 0.000000000000000000e+00 0.000000000000000000e+00 0.000000000000000000e+00 0.000000000000000000e+00 9.710021836799982708e-02 6.417455315626665602e-01 2.604082817706669939e-01 7.459682986666734891e-04 0.000000000000000000e+00 0.000000000000000000e+00
0.000000000000000000e+00 0.000000000000000000e+00 0.000000000000000000e+00 0.000000000000000000e+00 0.000000000000000000e+00 9.598839466666662934e-02 6.408134826666667117e-01 2.624078506666667754e-01 7.902720000000021264e-04 0.000000000000000000e+00 0.000000000000000000e+00
0.000000000000000000e+00 0.000000000000000000e+00 0.000000000000000000e+00 0.000000000000000000e+00 0.000000000000000000e+00 9.488509064533309778e-02 6.398661147306664576e-01 2.644124986026671342e-01 8.362960213333434480e-04 0.000000000000000000e+00 0.000000000000000000e+00
0.000000000000000000e+00 0.000000000000000000e+00 0.000000000000000000e+00 0.000000000000000000e+00 0.000000000000000000e+00 9.379027353599989070e-02 6.389035260586665155e-01 2.664221272746668534e-01 8.840731306666717955e-04 0.000000000000000000e+00 0.000000000000000000e+00
0.000000000000000000e+00 0.000000000000000000e+00 0.000000000000000000e+00 0.000000000000000000e+00 0.000000000000000000e+00 9.270391057066666718e-02 6.379258149546666035e-01 2.684366383786666588e-01 9.336360959999997827e-04 0.000000000000000000e+00 0.000000000000000000e+00
0.000000000000000000e+00 0.000000000000000000e+00 0.000000000000000000e+00 0.000000000000000000e+00 0.000000000000000000e+00 9.162596898133314183e-02 6.369330797226665508e-01 2.704559336106669987e-01 9.850176853333416499e-04 0.000000000000000000e+00 0.000000000000000000e+00
0.000000000000000000e+00 0.000000000000000000e+00 0.000000000000000000e+00 0.000000000000000000e+00 0.000000000000000000e+00 9.055641599999994518e-02 6.359254186666666309e-01 2.724799146666667671e-01 1.038250666666669462e-03 0.000000000000000000e+00 0.000000000000000000e+00
0.000000000000000000e+00 0.000000000000000000e+00 0.000000000000000000e+00 0.000000000000000000e+00 0.000000000000000000e+00 8.949521885866672244e-02 6.349029300906667839e-01 2.745084832426665233e-01 1.093367807999996591e-03 0.000000000000000000e+00 0.000000000000000000e+00
0.000000000000000000e+00 0.000000000000000000e+00 0.000000000000000000e+00 0.000000000000000000e+00 0.000000000000000000e+00 8.844234478933322985e-02 6.338657122986666170e-01 2.765415410346668823e-01 1.150401877333339555e-03 0.000000000000000000e+00 0.000000000000000000e+00
0.000000000000000000e+00 0.000000000000000000e+00 0.000000000000000000e+00 0.000000000000000000e+00 0.000000000000000000e+00 8.739776102400001467e-02 6.328138635946667367e-01 2.785789897386666825e-01 1.209385642666666733e-03 0.000000000000000000e+00 0.000000000000000000e+00
0.000000000000000000e+00 0.000000000000000000e+00 0.000000000000000000e+00 0.000000000000000000e+00 0.000000000000000000e+00 8.636143479466650008e-02 6.317474822826664171e-01 2.806207310506669828e-01 1.270351872000010035e-03 0.000000000000000000e+00 0.000000000000000000e+00
0.000000000000000000e+00 0.000000000000000000e+00 0.000000000000000000e+00 0.000000000000000000e+00 0.000000000000000000e+00 8.533333333333327497e-02 6.306666666666665977e-01 2.826666666666668437e-01 1.333333333333336758e-03 0.000000000000000000e+00 0.000000000000000000e+00
0.000000000000000000e+00 0.000000000000000000e+00 0.000000000000000000e+00 0.000000000000000000e+00 0.000000000000000000e+00 8.431342387200005395e-02 6.295715150506666635e-01 2.847166982826666026e-01 1.398362794666662984e-03 0.000000000000000000e+00 0.000000000000000000e+00
0.000000000000000000e+00 0.000000000000000000e+00 0.000000000000000000e+00 0.000000000000000000e+00 0.000000000000000000e+00 8.330167364266653773e-02 6.284621257386665549e-01 2.867707275946668743e-01 1.465473024000007616e-03 0.000000000000000000e+00 0.000000000000000000e+00
0.000000000000000000e+00 0.000000000000000000e+00 0.000000000000000000e+00 0.000000000000000000e+00 0.000000000000000000e+00 8.229804987733331523e-02 6.273385970346666562e-01 2.888286562986666639e-01 1.534696789333333611e-03 0.000000000000000000e+00 0.000000000000000000e+00
0.000000000000000000e+00 0.000000000000000000e+00 0.000000000000000000e+00 0.000000000000000000e+00 0.000000000000000000e+00 8.130251980799983735e-02 6.262010272426665747e-01 2.908903860906670302e-01 1.606066858666679170e-03 0.000000000000000000e+00 0.000000000000000000e+00
0.000000000000000000e+00 0.000000000000000000e+00 0.000000000000000000e+00 0.000000000000000000e+00 0.000000000000000000e+00 8.031505066666660975e-02 6.250495146666665836e-01 2.929558186666667563e-01 1.679616000000004649e-03 0.000000000000000000e+00 0.000000000000000000e+00
0.000000000000000000e+00 0.000000000000000000e+00 0.000000000000000000e+00 0.000000000000000000e+00 0.000000000000000000e+00 7.933560968533340252e-02 6.238841576106667342e-01 2.950248557226665125e-01 1.755376981333329383e-03 0.000000000000000000e+00 0.000000000000000000e+00
0.000000000000000000e+00 0.000000000000000000e+00 0.000000000000000000e+00 0.000000000000000000e+00 0.000000000000000000e+00 7.836416409599988864e-02 6.227050543786665227e-01 2.970973989546669136e-01 1.833382570666675744e-03 0.000000000000000000e+00 0.000000000000000000e+00
0.000000000000000000e+00 0.000000000000000000e+00 0.000000000000000000e+00 0.000000000000000000e+00 0.000000000000000000e+00 7.740068113066667088e-02 6.215123032746665555e-01 2.991733500586666872e-01 1.913665536000000401e-03 0.000000000000000000e+00 0.000000000000000000e+00
0.000000000000000000e+00 0.000000000000000000e+00 0.000000000000000000e+00 0.000000000000000000e+00 0.000000000000000000e+00 7.644512802133315854e-02 6.203060026026664397e-01 3.012526107306670031e-01 1.996258645333347844e-03 0.000000000000000000e+00 0.000000000000000000e+00
0.000000000000000000e+00 0.000000000000000000e+00 0.000000000000000000e+00 0.000000000000000000e+00 0.000000000000000000e+00 7.549747199999992664e-02 6.190862506666665599e-01 3.033350826666668110e-01 2.081194666666672140e-03 0.000000000000000000e+00 0.000000000000000000e+00
0.000000000000000000e+00 0.000000000000000000e+00 0.000000000000000000e+00 0.000000000000000000e+00 0.000000000000000000e+00 7.455768029866670366e-02 6.178531457706666341e-01 3.054206675626665590e-01 2.168506367999996094e-03 0.000000000000000000e+00 0.000000000000000000e+00
0.000000000000000000e+00 0.000000000000000000e+00 0.000000000000000000e+00 0.000000000000000000e+00 0.000000000000000000e+00 7.362572014933323195e-02 6.166067862186664916e-01 3.075092671146668621e-01 2.258226517333344462e-03 0.000000000000000000e+00 0.000000000000000000e+00
0.000000000000000000e+00 0.000000000000000000e+00 0.000000000000000000e+00 0.000000000000000000e+00 0.000000000000000000e+00 7.270155878400000327e-02 6.153472703146667389e-01 3.096007830186666698e-01 2.350387882666667844e-03 0.000000000000000000e+00 0.000000000000000000e+00
0.000000000000000000e+00 0.000000000000000000e+00 0.000000000000000000e+00 0.000000000000000000e+00 0.000000000000000000e+00 7.178516343466649630e-02 6.140746963626664279e-01 3.116951169706670410e-01 2.445023232000017015e-03 0.000000000000000000e+00 0.000000000000000000e+00
0.000000000000000000e+00 0.000000000000000000e+00 0.000000000000000000e+00 0.000000000000000000e+00 0.000000000000000000e+00 7.087650133333327218e-02 6.127891626666664981e-01 3.137921706666668142e-01 2.542165333333339973e-03 0.000000000000000000e+00 0.000000000000000000e+00
0.000000000000000000e+00 0.000000000000000000e+00 0.000000000000000000e+00 0.000000000000000000e+00 0.000000000000000000e+00 6.997553971200004552e-02 6.114907675306666679e-01 3.158918458026665488e-01 2.641846954666662774e-03 0.000000000000000000e+00 0.000000000000000000e+00
0.000000000000000000e+00 0.000000000000000000e+00 0.000000000000000000e+00 0.000000000000000000e+00 0.000000000000000000e+00 6.908224580266654480e-02 6.101796092586665443e-01 3.179940440746669150e-01 2.744100864000013646e-03 0.000000000000000000e+00 0.000000000000000000e+00
0.000000000000000000e+00 0.000000000000000000e+00 0.000000000000000000e+00 0.000000000000000000e+00 0.000000000000000000e+00 6.819658683733331728e-02 6.088557861546666228e-01 3.200986671786666959e-01 2.848959829333335379e-03 0.000000000000000000e+00 0.000000000000000000e+00
0.000000000000000000e+00 0.000000000000000000e+00 0.000000000000000000e+00 0.000000000000000000e+00 0.000000000000000000e+00 6.731853004799984164e-02 6.075193965226665105e-01 3.222056168106670615e-01 2.956456618666686558e-03 0.000000000000000000e+00 0.000000000000000000e+00
0.000000000000000000e+00 0.000000000000000000e+00 0.000000000000000000e+00 0.000000000000000000e+00 0.000000000000000000e+00 6.644804266666660963e-02 6.061705386666667028e-01 3.243147946666667947e-01 3.066624000000007805e-03 0.000000000000000000e+00 0.000000000000000000e+00
0.000000000000000000e+00 0.000000000000000000e+00 0.000000000000000000e+00 0.000000000000000000e+00 0.000000000000000000e+00 6.558509192533337750e-02 6.048093108906668069e-01 3.264261024426665658e-01 3.179494741333329082e-03 0.000000000000000000e+00 0.000000000000000000e+00
0.000000000000000000e+00 0.000000000000000000e+00 0.000000000000000000e+00 0.000000000000000000e+00 0.000000000000000000e+00 6.472964505599988760e-02 6.034358114986664301e-01 3.285394418346669898e-01 3.295101610666681651e-03 0.000000000000000000e+00 0.000000000000000000e+00
0.000000000000000000e+00 0.000000000000000000e+00 0.000000000000000000e+00 0.000000000000000000e+00 0.000000000000000000e+00 6.388166929066665944e-02 6.020501387946666227e-01 3.306547145386667386e-01 3.413477376000002665e-03 0.000000000000000000e+00 0.000000000000000000e+00
0.000000000000000000e+00 0.000000000000000000e+00 0.000000000000000000e+00 0.000000000000000000e+00 0.000000000000000000e+00 6.304113186133315783e-02 6.006523910826664370e-01 3.327718222506670931e-01 3.534654805333356780e-03 0.000000000000000000e+00 0.000000000000000000e+00
0.000000000000000000e+00 0.000000000000000000e+00 0.000000000000000000e+00 0.000000000000000000e+00 0.000000000000000000e+00 6.220799999999992308e-02 5.992426666666665902e-01 3.348906666666668364e-01 3.658666666666676379e-03 0.000000000000000000e+00 0.000000000000000000e+00
0.000000000000000000e+00 0.000000000000000000e+00 0.000000000000000000e+00 0.000000000000000000e+00 0.000000000000000000e+00 6.138224093866669062e-02 5.978210638506666896e-01 3.370111494826665832e-01 3.785545727999995759e-03 0.000000000000000000e+00 0.000000000000000000e+00
0.000000000000000000e+00 0.000000000000000000e+00 0.000000000000000000e+00 0.000000000000000000e+00 0.000000000000000000e+00 6.056382190933323056e-02 5.963876809386665645e-01 3.391331723946669485e-01 3.915324757333350954e-03 0.000000000000000000e+00 0.000000000000000000e+00
0.000000000000000000e+00 0.000000000000000000e+00 0.000000000000000000e+00 0.000000000000000000e+00 0.000000000000000000e+00 5.975271014399999303e-02 5.949426162346667102e-01 3.412566370986667152e-01 4.048036522666670009e-03 0.000000000000000000e+00 0.000000000000000000e+00
0.000000000000000000e+00 0.000000000000000000e+00 0.000000000000000000e+00 0.000000000000000000e+00 0.000000000000000000e+00 5.894887287466651221e-02 5.934859680426662898e-01 3.433814452906671089e-01 4.183713792000026688e-03 0.000000000000000000e+00 0.000000000000000000e+00
0.000000000000000000e+00 0.000000000000000000e+00 0.000000000000000000e+00 0.000000000000000000e+00 0.000000000000000000e+00 5.815227733333326599e-02 5.920178346666664648e-01 3.455074986666668568e-01 4.322389333333344699e-03 0.000000000000000000e+00 0.000000000000000000e+00
0.000000000000000000e+00 0.000000000000000000e+00 0.000000000000000000e+00 0.000000000000000000e+00 0.000000000000000000e+00 5.736289075200001752e-02 5.905383144106666204e-01 3.476346989226666295e-01 4.464095914666662245e-03 0.000000000000000000e+00 0.000000000000000000e+00
0.000000000000000000e+00 0.000000000000000000e+00 0.000000000000000000e+00 0.000000000000000000e+00 0.000000000000000000e+00 5.658068036266655082e-02 5.890475055786664749e-01 3.497629477546669308e-01 4.608866304000020127e-03 0.000000000000000000e+00 0.000000000000000000e+00
0.000000000000000000e+00 0.000000000000000000e+00 0.000000000000000000e+00 0.000000000000000000e+00 0.000000000000000000e+00 5.580561339733330212e-02 5.875455064746666345e-01 3.518921468586667101e-01 4.756733269333338586e-03 0.000000000000000000e+00 0.000000000000000000e+00
0.000000000000000000e+00 0.000000000000000000e+00 0.000000000000000000e+00 0.000000000000000000e+00 0.000000000000000000e+00 5.503765708799986112e-02 5.860324154026664845e-01 3.540221979306670819e-01 4.907729578666696589e-03 0.000000000000000000e+00 0.000000000000000000e+00
0.000000000000000000e+00 0.000000000000000000e+00 0.000000000000000000e+00 0.000000000000000000e+00 0.000000000000000000e+00 5.427677866666660855e-02 5.845083306666665202e-01 3.561530026666668292e-01 5.061888000000013509e-03 0.000000000000000000e+00 0.000000000000000000e+00
0.000000000000000000e+00 0.000000000000000000e+00 0.000000000000000000e+00 0.000000000000000000e+00 0.000000000000000000e+00 5.352294536533335617e-02 5.829733505706666818e-01 3.582844627626666223e-01 5.219241301333329280e-03 0.000000000000000000e+00 0.000000000000000000e+00
0.000000000000000000e+00 0.000000000000000000e+00 0.000000000000000000e+00 0.000000000000000000e+00 0.000000000000000000e+00 5.277612441599989490e-02 5.814275734186663547e-01 3.604164799146669651e-01 5.379822250666689912e-03 0.000000000000000000e+00 0.000000000000000000e+00
0.000000000000000000e+00 0.000000000000000000e+00 0.000000000000000000e+00 0.000000000000000000e+00 0.000000000000000000e+00 5.203628305066664017e-02 5.798710975146665891e-01 3.625489558186667516e-01 5.543663616000005234e-03 0.000000000000000000e+00 0.000000000000000000e+00
0.000000000000000000e+00 0.000000000000000000e+00 0.000000000000000000e+00 0.000000000000000000e+00 0.000000000000000000e+00 5.130338850133318168e-02 5.783040211626663263e-01 3.646817921706670962e-01 5.710798165333367225e-03 0.000000000000000000e+00 0.000000000000000000e+00
0.000000000000000000e+00 0.000000000000000000e+00 0.000000000000000000e+00 0.000000000000000000e+00 0.000000000000000000e+00 5.057740799999992792e-02 5.767264426666665056e-01 3.668148906666668374e-01 5.881258666666683114e-03 0.000000000000000000e+00 0.000000000000000000e+00
0.000000000000000000e+00 0.000000000000000000e+00 0.000000000000000000e+00 0.000000000000000000e+00 0.000000000000000000e+00 4.985830877866667676e-02 5.751384603306667342e-01 3.689481530026666456e-01 6.055077887999997174e-03 0.000000000000000000e+00 0.000000000000000000e+00
0.000000000000000000e+00 0.000000000000000000e+00 0.000000000000000000e+00 0.000000000000000000e+00 0.000000000000000000e+00 4.914605806933323301e-02 5.735401724586663974e-01 3.710814808746669691e-01 6.232288597333359749e-03 0.000000000000000000e+00 0.000000000000000000e+00
0.000000000000000000e+00 0.000000000000000000e+00 0.000000000000000000e+00 0.000000000000000000e+00 0.000000000000000000e+00 4.844062310399998433e-02 5.719316773546666566e-01 3.732147759786667574e-01 6.412923562666673731e-03 0.000000000000000000e+00 0.000000000000000000e+00
0.000000000000000000e+00 0.000000000000000000e+00 0.000000000000000000e+00 0.000000000000000000e+00 0.000000000000000000e+00 4.774197111466652738e-02 5.703130733226662308e-01 3.753479400106671249e-01 6.597015552000038037e-03 0.000000000000000000e+00 0.000000000000000000e+00
0.000000000000000000e+00 0.000000000000000000e+00 0.000000000000000000e+00 0.000000000000000000e+00 0.000000000000000000e+00 4.705006933333327063e-02 5.686844586666663925e-01 3.774808746666668546e-01 6.784597333333351223e-03 0.000000000000000000e+00 0.000000000000000000e+00
0.000000000000000000e+00 0.000000000000000000e+00 0.000000000000000000e+00 0.000000000000000000e+00 0.000000000000000000e+00 4.636488499200001195e-02 5.670459316906666380e-01 3.796134816426666725e-01 6.975701674666663632e-03 0.000000000000000000e+00 0.000000000000000000e+00
0.000000000000000000e+00 0.000000000000000000e+00 0.000000000000000000e+00 0.000000000000000000e+00 0.000000000000000000e+00 4.568638532266655616e-02 5.653975906986663524e-01 3.817456626346670268e-01 7.170361344000030814e-03 0.000000000000000000e+00 0.000000000000000000e+00
0.000000000000000000e+00 0.000000000000000000e+00 0.000000000000000000e+00 0.000000000000000000e+00 0.000000000000000000e+00 4.501453755733329787e-02 5.637395339946665862e-01 3.838773193386667559e-01 7.368609109333342649e-03 0.000000000000000000e+00 0.000000000000000000e+00
0.000000000000000000e+00 0.000000000000000000e+00 0.000000000000000000e+00 0.000000000000000000e+00 0.000000000000000000e+00 4.434930892799986840e-02 5.620718598826663914e-01 3.860083534506670855e-01 7.570477738666710199e-03 0.000000000000000000e+00 0.000000000000000000e+00
0.000000000000000000e+00 0.000000000000000000e+00 0.000000000000000000e+00 0.000000000000000000e+00 0.000000000000000000e+00 4.369066666666660687e-02 5.603946666666664855e-01 3.881386666666668539e-01 7.776000000000021610e-03 0.000000000000000000e+00 0.000000000000000000e+00
0.000000000000000000e+00 0.000000000000000000e+00 0.000000000000000000e+00 0.000000000000000000e+00 0.000000000000000000e+00 4.303857800533334582e-02 5.587080526506666978e-01 3.902681606826666760e-01 7.985208661333332431e-03 0.000000000000000000e+00 0.000000000000000000e+00
0.000000000000000000e+00 0.000000000000000000e+00 0.000000000000000000e+00 0.000000000000000000e+00 0.000000000000000000e+00 4.239301017599989702e-02 5.570121161386663022e-01 3.923967371946669447e-01 8.198136490666699944e-03 0.000000000000000000e+00 0.000000000000000000e+00
0.000000000000000000e+00 0.000000000000000000e+00 0.000000000000000000e+00 0.000000000000000000e+00 0.000000000000000000e+00 4.175393041066663424e-02 5.553069554346665715e-01 3.945242978986667759e-01 8.414816256000009695e-03 0.000000000000000000e+00 0.000000000000000000e+00
0.000000000000000000e+00 0.000000000000000000e+00 0.000000000000000000e+00 0.000000000000000000e+00 0.000000000000000000e+00 4.112130594133318884e-02 5.535926688426663356e-01 3.966507444906671176e-01 8.635280725333382285e-03 0.000000000000000000e+00 0.000000000000000000e+00
0.000000000000000000e+00 0.000000000000000000e+00 0.000000000000000000e+00 0.000000000000000000e+00 0.000000000000000000e+00 4.049510399999992766e-02 5.518693546666664229e-01 3.987759786666668638e-01 8.859562666666690248e-03 0.000000000000000000e+00 0.000000000000000000e+00
0.000000000000000000e+00 0.000000000000000000e+00 0.000000000000000000e+00 0.000000000000000000e+00 0.000000000000000000e+00 3.987529181866666245e-02 5.501371112106666628e-01 4.008999021226666848e-01 9.087694847999998674e-03 0.000000000000000000e+00 0.000000000000000000e+00
0.000000000000000000e+00 0.000000000000000000e+00 0.000000000000000000e+00 0.000000000000000000e+00 0.000000000000000000e+00 3.926183662933323965e-02 5.483960367786664403e-01 4.030224165546669735e-01 9.319710037333370917e-03 0.000000000000000000e+00 0.000000000000000000e+00
0.000000000000000000e+00 0.000000000000000000e+00 0.000000000000000000e+00 0.000000000000000000e+00 0.000000000000000000e+00 3.865470566399997060e-02 5.466462296746665839e-01 4.051434236586667348e-01 9.555641002666679512e-03 0.000000000000000000e+00 0.000000000000000000e+00
0.000000000000000000e+00 0.000000000000000000e+00 0.000000000000000000e+00 0.000000000000000000e+00 0.000000000000000000e+00 3.805386615466653522e-02 5.448877882026661457e-01 4.072628251306671388e-01 9.795520512000053734e-03 0.000000000000000000e+00 0.000000000000000000e+00
0.000000000000000000e+00 0.000000000000000000e+00 0.000000000000000000e+00 0.000000000000000000e+00 0.000000000000000000e+00 3.745928533333327259e-02 5.431208106666665092e-01 4.093805226666669128e-01 1.003938133333336091e-02 0.000000000000000000e+00 0.000000000000000000e+00
0.000000000000000000e+00 0.000000000000000000e+00 0.000000000000000000e+00 0.000000000000000000e+00 0.000000000000000000e+00 3.687093043200000142e-02 5.413453953706666155e-01 4.114964179626666718e-01 1.028725623466666614e-02 0.000000000000000000e+00 0.000000000000000000e+00
0.000000000000000000e+00 0.000000000000000000e+00 0.000000000000000000e+00 0.000000000000000000e+00 0.000000000000000000e+00 3.628876868266656119e-02 5.395616406186664049e-01 4.136104127146670306e-01 1.053917798400004144e-02 0.000000000000000000e+00 0.000000000000000000e+00
0.000000000000000000e+00 0.000000000000000000e+00 0.000000000000000000e+00 0.000000000000000000e+00 0.000000000000000000e+00 3.571276731733329102e-02 5.377696447146664838e-01 4.157224086186667722e-01 1.079517934933334547e-02 0.000000000000000000e+00 0.000000000000000000e+00
0.000000000000000000e+00 0.000000000000000000e+00 0.000000000000000000e+00 0.000000000000000000e+00 0.000000000000000000e+00 3.514289356800002345e-02 5.359695059626667923e-01 4.178323073706665669e-01 1.105529309866665026e-02 0.000000000000000000e+00 0.000000000000000000e+00
0.000000000000000000e+00 0.000000000000000000e+00 0.000000000000000000e+00 0.000000000000000000e+00 0.000000000000000000e+00 3.457911466666660494e-02 5.341613226666664938e-01 4.199400106666669186e-01 1.131955200000003131e-02 0.000000000000000000e+00 0.000000000000000000e+00
0.000000000000000000e+00 0.000000000000000000e+00 0.000000000000000000e+00 0.000000000000000000e+00 0.000000000000000000e+00 3.402139784533333988e-02 5.323451931306667495e-01 4.220454202026666657e-01 1.158798882133333340e-02 0.000000000000000000e+00 0.000000000000000000e+00
0.000000000000000000e+00 0.000000000000000000e+00 0.000000000000000000e+00 0.000000000000000000e+00 0.000000000000000000e+00 3.346971033599990819e-02 5.305212156586662786e-01 4.241484376746670337e-01 1.186063633066671355e-02 0.000000000000000000e+00 0.000000000000000000e+00
0.000000000000000000e+00 0.000000000000000000e+00 0.000000000000000000e+00 0.000000000000000000e+00 0.000000000000000000e+00 3.292401937066663509e-02 5.286894885546664646e-01 4.262489647786668057e-01 1.213752729600001828e-02 0.000000000000000000e+00 0.000000000000000000e+00
0.000000000000000000e+00 0.000000000000000000e+00 0.000000000000000000e+00 0.000000000000000000e+00 0.000000000000000000e+00 3.238429218133336007e-02 5.268501101226666927e-01 4.283469032106665408e-01 1.241869448533331963e-02 0.000000000000000000e+00 0.000000000000000000e+00
0.000000000000000000e+00 0.000000000000000000e+00 0.000000000000000000e+00 0.000000000000000000e+00 0.000000000000000000e+00 3.185049599999992959e-02 5.250031786666664591e-01 4.304421546666669096e-01 1.270417066666670002e-02 0.000000000000000000e+00 0.000000000000000000e+00
0.000000000000000000e+00 0.000000000000000000e+00 0.000000000000000000e+00 0.000000000000000000e+00 0.000000000000000000e+00 3.132259805866665497e-02 5.231487924906667031e-01 4.325346208426666950e-01 1.299398860800000076e-02 0.000000000000000000e+00 0.000000000000000000e+00
0.000000000000000000e+00 0.000000000000000000e+00 0.000000000000000000e+00 0.000000000000000000e+00 0.000000000000000000e+00 3.080056558933325084e-02 5.212870498986663659e-01 4.346242034346670113e-01 1.328818107733338583e-02 0.000000000000000000e+00 0.000000000000000000e+00
0.000000000000000000e+00 0.000000000000000000e+00 0.000000000000000000e+00 0.000000000000000000e+00 0.000000000000000000e+00 3.028436582399997301e-02 5.194180491946666089e-01 4.367108041386668082e-01 1.358678084266668612e-02 0.000000000000000000e+00 0.000000000000000000e+00
0.000000000000000000e+00 0.000000000000000000e+00 0.000000000000000000e+00 0.000000000000000000e+00 0.000000000000000000e+00 2.977396599466669569e-02 5.175418886826668174e-01 4.387943246506665340e-01 1.388982067199998581e-02 0.000000000000000000e+00 0.000000000000000000e+00
0.000000000000000000e+00 0.000000000000000000e+00 0.000000000000000000e+00 0.000000000000000000e+00 0.000000000000000000e+00 2.926933333333326878e-02 5.156586666666663765e-01 4.408746666666669700e-01 1.419733333333337254e-02 0.000000000000000000e+00 0.000000000000000000e+00
0.000000000000000000e+00 0.000000000000000000e+00 0.000000000000000000e+00 0.000000000000000000e+00 0.000000000000000000e+00 2.877043507199999323e-02 5.137684814506665587e-01 4.429517318826666772e-01 1.450935159466667027e-02 0.000000000000000000e+00 0.000000000000000000e+00
0.000000000000000000e+00 0.000000000000000000e+00 0.000000000000000000e+00 0.000000000000000000e+00 0.000000000000000000e+00 2.827723844266657321e-02 5.118714313386663051e-01 4.450254219946670475e-01 1.482590822400005684e-02 0.000000000000000000e+00 0.000000000000000000e+00
0.000000000000000000e+00 0.000000000000000000e+00 0.000000000000000000e+00 0.000000000000000000e+00 0.000000000000000000e+00 2.778971067733329234e-02 5.099676146346665551e-01 4.470956386986668085e-01 1.514703598933335622e-02 0.000000000000000000e+00 0.000000000000000000e+00
0.000000000000000000e+00 0.000000000000000000e+00 0.000000000000000000e+00 0.000000000000000000e+00 0.000000000000000000e+00 2.730781900800001785e-02 5.080571296426668049e-01 4.491622836906666305e-01 1.547276765866665259e-02 0.000000000000000000e+00 0.000000000000000000e+00
0.000000000000000000e+00 0.000000000000000000e+00 0.000000000000000000e+00 0.000000000000000000e+00 0.000000000000000000e+00 2.683153066666661007e-02 5.061400746666664396e-01 4.512252586666669618e-01 1.580313600000004051e-02 0.000000000000000000e+00 0.000000000000000000e+00
0.000000000000000000e+00 0.000000000000000000e+00 0.000000000000000000e+00 0.000000000000000000e+00 0.000000000000000000e+00 2.636081288533333178e-02 5.042165480106666209e-01 4.532844653226666409e-01 1.613817378133334049e-02 0.000000000000000000e+00 0.000000000000000000e+00
0.000000000000000000e+00 0.000000000000000000e+00 0.000000000000000000e+00 0.000000000000000000e+00 0.000000000000000000e+00 2.589563289599991144e-02 5.022866479786662897e-01 4.553398053546670599e-01 1.647791377066673210e-02 0.000000000000000000e+00 0.000000000000000000e+00
0.000000000000000000e+00 0.000000000000000000e+00 0.000000000000000000e+00 0.000000000000000000e+00 0.000000000000000000e+00 2.543595793066663266e-02 5.003504728746664965e-01 4.573911804586668350e-01 1.682238873600002890e-02 0.000000000000000000e+00 0.000000000000000000e+00
0.000000000000000000e+00 0.000000000000000000e+00 0.000000000000000000e+00 0.000000000000000000e+00 0.000000000000000000e+00 2.498175522133334880e-02 4.984081210026666819e-01 4.594384923306665813e-01 1.717163144533332200e-02 0.000000000000000000e+00 0.000000000000000000e+00
0.000000000000000000e+00 0.000000000000000000e+00 0.000000000000000000e+00 0.000000000000000000e+00 0.000000000000000000e+00 2.453299199999993407e-02 4.964596906666663978e-01 4.614816426666669136e-01 1.752567466666671292e-02 0.000000000000000000e+00 0.000000000000000000e+00
0.000000000000000000e+00 0.000000000000000000e+00 0.000000000000000000e+00 0.000000000000000000e+00 0.000000000000000000e+00 2.408963549866665471e-02 4.945052801706666390e-01 4.635205331626666703e-01 1.788455116800000480e-02 0.000000000000000000e+00 0.000000000000000000e+00
0.000000000000000000e+00 0.000000000000000000e+00 0.000000000000000000e+00 0.000000000000000000e+00 0.000000000000000000e+00 2.365165294933325307e-02 4.925449878186662911e-01 4.655550655146670769e-01 1.824829371733340325e-02 0.000000000000000000e+00 0.000000000000000000e+00
0.000000000000000000e+00 0.000000000000000000e+00 0.000000000000000000e+00 0.000000000000000000e+00 0.000000000000000000e+00 2.321901158399997112e-02 4.905789119146665711e-01 4.675851414186668054e-01 1.861693508266669406e-02 0.000000000000000000e+00 0.000000000000000000e+00
0.000000000000000000e+00 0.000000000000000000e+00 0.000000000000000000e+00 0.000000000000000000e+00 0.000000000000000000e+00 2.279167863466668650e-02 4.886071507626668087e-01 4.696106625706665816e-01 1.899050803199998916e-02 0.000000000000000000e+00 0.000000000000000000e+00
0.000000000000000000e+00 0.000000000000000000e+00 0.000000000000000000e+00 0.000000000000000000e+00 0.000000000000000000e+00 2.236962133333327690e-02 4.866298026666663334e-01 4.716315306666669649e-01 1.936904533333338660e-02 0.000000000000000000e+00 0.000000000000000000e+00
0.000000000000000000e+00 0.000000000000000000e+00 0.000000000000000000e+00 0.000000000000000000e+00 0.000000000000000000e+00 2.195280691199998774e-02 4.846469659306665845e-01 4.736476474026667383e-01 1.975257975466667912e-02 0.000000000000000000e+00 0.000000000000000000e+00
0.000000000000000000e+00 0.000000000000000000e+00 0.000000000000000000e+00 0.000000000000000000e+00 0.000000000000000000e+00 2.154120260266658218e-02 4.826587388586662253e-01 4.756589144746670716e-01 2.014114406400007232e-02 0.000000000000000000e+00 0.000000000000000000e+00
0.000000000000000000e+00 0.000000000000000000e+00 0.000000000000000000e+00 0.000000000000000000e+00 0.000000000000000000e+00 2.113477563733329873e-02 4.806652197546665839e-01 4.776652335786668591e-01 2.053477102933336587e-02 0.000000000000000000e+00 0.000000000000000000e+00
0.000000000000000000e+00 0.000000000000000000e+00 0.000000000000000000e+00 0.000000000000000000e+00 0.000000000000000000e+00 2.073349324800000462e-02 4.786665069226667124e-01 4.796665064106666598e-01 2.093349341866665436e-02 0.000000000000000000e+00 0.000000000000000000e+00
0.000000000000000000e+00 0.000000000000000000e+00 0.000000000000000000e+00 0.000000000000000000e+00 0.000000000000000000e+00 2.033732266666661570e-02 4.766626986666663846e-01 4.816626346666669223e-01 2.133734400000005665e-02 0.000000000000000000e+00 0.000000000000000000e+00
0.000000000000000000e+00 0.000000000000000000e+00 0.000000000000000000e+00 0.000000000000000000e+00 0.000000000000000000e+00 1.994623112533332535e-02 4.746538932906665398e-01 4.836535200426667624e-01 2.174635554133334814e-02 0.000000000000000000e+00 0.000000000000000000e+00
0.000000000000000000e+00 0.000000000000000000e+00 0.000000000000000000e+00 0.000000000000000000e+00 0.000000000000000000e+00 1.956018585599992449e-02 4.726401890986662857e-01 4.856390642346670172e-01 2.216056081066675176e-02 0.000000000000000000e+00 0.000000000000000000e+00
0.000000000000000000e+00 0.000000000000000000e+00 0.000000000000000000e+00 0.000000000000000000e+00 0.000000000000000000e+00 1.917915409066663426e-02 4.706216843946665618e-01 4.876191689386667472e-01 2.257999257600003945e-02 0.000000000000000000e+00 0.000000000000000000e+00
0.000000000000000000e+00 0.000000000000000000e+00 0.000000000000000000e+00 0.000000000000000000e+00 0.000000000000000000e+00 1.880310306133334275e-02 4.685984774826666976e-01 4.895937358506666226e-01 2.300468360533332313e-02 0.000000000000000000e+00 0.000000000000000000e+00
0.000000000000000000e+00 0.000000000000000000e+00 0.000000000000000000e+00 0.000000000000000000e+00 0.000000000000000000e+00 1.843199999999994149e-02 4.665706666666663560e-01 4.915626666666669253e-01 2.343466666666672860e-02 0.000000000000000000e+00 0.000000000000000000e+00
0.000000000000000000e+00 0.000000000000000000e+00 0.000000000000000000e+00 0.000000000000000000e+00 0.000000000000000000e+00 1.806581213866664815e-02 4.645383502506665874e-01 4.935258630826667714e-01 2.386997452800001390e-02 0.000000000000000000e+00 0.000000000000000000e+00
0.000000000000000000e+00 0.000000000000000000e+00 0.000000000000000000e+00 0.000000000000000000e+00 0.000000000000000000e+00 1.770450670933326406e-02 4.625016265386662218e-01 4.954832267946670532e-01 2.431063995733342281e-02 0.000000000000000000e+00 0.000000000000000000e+00
0.000000000000000000e+00 0.000000000000000000e+00 0.000000000000000000e+00 0.000000000000000000e+00 0.000000000000000000e+00 1.734805094399997222e-02 4.604605938346664207e-01 4.974346594986668868e-01 2.475669572266670643e-02 0.000000000000000000e+00 0.000000000000000000e+00
0.000000000000000000e+00 0.000000000000000000e+00 0.000000000000000000e+00 0.000000000000000000e+00 0.000000000000000000e+00 1.699641207466667803e-02 4.584153504426666803e-01 4.993800628906666095e-01 2.520817459199999055e-02 0.000000000000000000e+00 0.000000000000000000e+00
0.000000000000000000e+00 0.000000000000000000e+00 0.000000000000000000e+00 0.000000000000000000e+00 0.000000000000000000e+00 1.664955733333328344e-02 4.563659946666663858e-01 5.013193386666668916e-01 2.566510933333340100e-02 0.000000000000000000e+00 0.000000000000000000e+00
0.000000000000000000e+00 0.000000000000000000e+00 0.000000000000000000e+00 0.000000000000000000e+00 0.000000000000000000e+00 1.630745395199998532e-02 4.543126248106665876e-01 5.032523885226667382e-01 2.612753271466668886e-02 0.000000000000000000e+00 0.000000000000000000e+00
0.000000000000000000e+00 0.000000000000000000e+00 0.000000000000000000e+00 0.000000000000000000e+00 0.000000000000000000e+00 1.597006916266659540e-02 4.522553391786662269e-01 5.051791141546669861e-01 2.659547750400009444e-02 0.000000000000000000e+00 0.000000000000000000e+00
0.000000000000000000e+00 0.000000000000000000e+00 0.000000000000000000e+00 0.000000000000000000e+00 0.000000000000000000e+00 1.563737019733329667e-02 4.501942360746664651e-01 5.070994172586669180e-01 2.706897646933337925e-02 0.000000000000000000e+00 0.000000000000000000e+00
0.000000000000000000e+00 0.000000000000000000e+00 0.000000000000000000e+00 0.000000000000000000e+00 0.000000000000000000e+00 1.530932428799999974e-02 4.481294138026667428e-01 5.090131995306667045e-01 2.754806237866665869e-02 0.000000000000000000e+00 0.000000000000000000e+00
0.000000000000000000e+00 0.000000000000000000e+00 0.000000000000000000e+00 0.000000000000000000e+00 0.000000000000000000e+00 1.498589866666662045e-02 4.460609706666663343e-01 5.109203626666669606e-01 2.803276800000007243e-02 0.000000000000000000e+00 0.000000000000000000e+00
0.000000000000000000e+00 0.000000000000000000e+00 0.000000000000000000e+00 0.000000000000000000e+00 0.000000000000000000e+00 1.466706056533332442e-02 4.439890049706665676e-01 5.128208083626668579e-01 2.852312610133335424e-02 0.000000000000000000e+00 0.000000000000000000e+00
0.000000000000000000e+00 0.000000000000000000e+00 0.000000000000000000e+00 0.000000000000000000e+00 0.000000000000000000e+00 1.435277721599993554e-02 4.419136150186662726e-01 5.147144383146670110e-01 2.901916945066677217e-02 0.000000000000000000e+00 0.000000000000000000e+00
0.000000000000000000e+00 0.000000000000000000e+00 0.000000000000000000e+00 0.000000000000000000e+00 0.000000000000000000e+00 1.404301585066663506e-02 4.398348991146664999e-01 5.166011542186668137e-01 2.952093081600005303e-02 0.000000000000000000e+00 0.000000000000000000e+00
0.000000000000000000e+00 0.000000000000000000e+00 0.000000000000000000e+00 0.000000000000000000e+00 0.000000000000000000e+00 1.373774370133333533e-02 4.377529555626666902e-01 5.184808577706665478e-01 3.002844296533332957e-02 0.000000000000000000e+00 0.000000000000000000e+00
0.000000000000000000e+00 0.000000000000000000e+00 0.000000000000000000e+00 0.000000000000000000e+00 0.000000000000000000e+00 1.343692799999995045e-02 4.356678826666663396e-01 5.203534506666669390e-01 3.054173866666674841e-02 0.000000000000000000e+00 0.000000000000000000e+00
0.000000000000000000e+00 0.000000000000000000e+00 0.000000000000000000e+00 0.000000000000000000e+00 0.000000000000000000e+00 1.314053597866664778e-02 4.335797787306665541e-01 5.222188346026668260e-01 3.106085068800002597e-02 0.000000000000000000e+00 0.000000000000000000e+00
0.000000000000000000e+00 0.000000000000000000e+00 0.000000000000000000e+00 0.000000000000000000e+00 0.000000000000000000e+00 1.284853486933327377e-02 4.314887420586661637e-01 5.240769112746670455e-01 3.158581179733344763e-02 0.000000000000000000e+00 0.000000000000000000e+00
0.000000000000000000e+00 0.000000000000000000e+00 0.000000000000000000e+00 0.000000000000000000e+00 0.000000000000000000e+00 1.256089190399997321e-02 4.293948709546663856e-01 5.259275823786668802e-01 3.211665476266672287e-02 0.000000000000000000e+00 0.000000000000000000e+00
0.000000000000000000e+00 0.000000000000000000e+00 0.000000000000000000e+00 0.000000000000000000e+00 0.000000000000000000e+00 1.227757431466667236e-02 4.272982637226666602e-01 5.277707496106667229e-01 3.265341235199999831e-02 0.000000000000000000e+00 0.000000000000000000e+00
0.000000000000000000e+00 0.000000000000000000e+00 0.000000000000000000e+00 0.000000000000000000e+00 0.000000000000000000e+00 1.199854933333328877e-02 4.251990186666663729e-01 5.296063146666669663e-01 3.319611733333342057e-02 0.000000000000000000e+00 0.000000000000000000e+00
0.000000000000000000e+00 0.000000000000000000e+00 0.000000000000000000e+00 0.000000000000000000e+00 0.000000000000000000e+00 1.172378419199998634e-02 4.230972340906665741e-01 5.314341792426666711e-01 3.374480247466669913e-02 0.000000000000000000e+00 0.000000000000000000e+00
0.000000000000000000e+00 0.000000000000000000e+00 0.000000000000000000e+00 0.000000000000000000e+00 0.000000000000000000e+00 1.145324612266660456e-02 4.209930082986662603e-01 5.332542450346671181e-01 3.429950054400012632e-02 0.000000000000000000e+00 0.000000000000000000e+00
0.000000000000000000e+00 0.000000000000000000e+00 0.000000000000000000e+00 0.000000000000000000e+00 0.000000000000000000e+00 1.118690235733330214e-02 4.188864395946664820e-01 5.350664137386669239e-01 3.486024430933339080e-02 0.000000000000000000e+00 0.000000000000000000e+00
0.000000000000000000e+00 0.000000000000000000e+00 0.000000000000000000e+00 0.000000000000000000e+00 0.000000000000000000e+00 1.092472012799999663e-02 4.167776262826666800e-01 5.368705870506667033e-01 3.542706653866666000e-02 0.000000000000000000e+00 0.000000000000000000e+00
0.000000000000000000e+00 0.000000000000000000e+00 0.000000000000000000e+00 0.000000000000000000e+00 0.000000000000000000e+00 1.066666666666662815e-02 4.146666666666662948e-01 5.386666666666670711e-01 3.600000000000009442e-02 0.000000000000000000e+00 0.000000000000000000e+00
0.000000000000000000e+00 0.000000000000000000e+00 0.000000000000000000e+00 0.000000000000000000e+00 0.000000000000000000e+00 1.041270920533332242e-02 4.125536590506664880e-01 5.404545542826668658e-01 3.657907746133336885e-02 0.000000000000000000e+00 0.000000000000000000e+00
0.000000000000000000e+00 0.000000000000000000e+00 0.000000000000000000e+00 0.000000000000000000e+00 0.000000000000000000e+00 1.016281497600001610e-02 4.104387017386667558e-01 5.422341515946665913e-01 3.716433169066663683e-02 0.000000000000000000e+00 0.000000000000000000e+00
0.000000000000000000e+00 0.000000000000000000e+00 0.000000000000000000e+00 0.000000000000000000e+00 0.000000000000000000e+00 9.916951210666638886e-03 4.083218930346664832e-01 5.440053602986668624e-01 3.775579545600007275e-02 0.000000000000000000e+00 0.000000000000000000e+00
0.000000000000000000e+00 0.000000000000000000e+00 0.000000000000000000e+00 0.000000000000000000e+00 0.000000000000000000e+00 9.675085141333333860e-03 4.062033312426666654e-01 5.457680820906666286e-01 3.835350152533333751e-02 0.000000000000000000e+00 0.000000000000000000e+00
0.000000000000000000e+00 0.000000000000000000e+00 0.000000000000000000e+00 0.000000000000000000e+00 0.000000000000000000e+00 9.437183999999957870e-03 4.040831146666663543e-01 5.475222186666669488e-01 3.895748266666677201e-02 0.000000000000000000e+00 0.000000000000000000e+00
0.000000000000000000e+00 0.000000000000000000e+00 0.000000000000000000e+00 0.000000000000000000e+00 0.000000000000000000e+00 9.203215018666650524e-03 4.019613416106666004e-01 5.492676717226667726e-01 3.956777164800003715e-02 0.000000000000000000e+00 0.000000000000000000e+00
0.000000000000000000e+00 0.000000000000000000e+00 0.000000000000000000e+00 0.000000000000000000e+00 0.000000000000000000e+00 8.973145429333341527e-03 3.998381103786667334e-01 5.510043429546666038e-01 4.018440123733330038e-02 0.000000000000000000e+00 0.000000000000000000e+00
0.000000000000000000e+00 0.000000000000000000e+00 0.000000000000000000e+00 0.000000000000000000e+00 0.000000000000000000e+00 8.746942463999976200e-03 3.977135192746663606e-01 5.527321340586668352e-01 4.080740420266673607e-02 0.000000000000000000e+00 0.000000000000000000e+00
0.000000000000000000e+00 0.000000000000000000e+00 0.000000000000000000e+00 0.000000000000000000e+00 0.000000000000000000e+00 8.524573354666668129e-03 3.955876666026666433e-01 5.544509467306667494e-01 4.143681331200000512e-02 0.000000000000000000e+00 0.000000000000000000e+00
0.000000000000000000e+00 0.000000000000000000e+00 0.000000000000000000e+00 0.000000000000000000e+00 0.000000000000000000e+00 8.306005333333296714e-03 3.934606506666663561e-01 5.561606826666669612e-01 4.207266133333344843e-02 0.000000000000000000e+00 0.000000000000000000e+00
0.000000000000000000e+00 0.000000000000000000e+00 0.000000000000000000e+00 0.000000000000000000e+00 0.000000000000000000e+00 8.091205631999985950e-03 3.913325697706665496e-01 5.578612435626667532e-01 4.271498103466671303e-02 0.000000000000000000e+00 0.000000000000000000e+00
0.000000000000000000e+00 0.000000000000000000e+00 0.000000000000000000e+00 0.000000000000000000e+00 0.000000000000000000e+00 7.880141482666675953e-03 3.892035222186668308e-01 5.595525311146665182e-01 4.336380518399997330e-02 0.000000000000000000e+00 0.000000000000000000e+00
0.000000000000000000e+00 0.000000000000000000e+00 0.000000000000000000e+00 0.000000000000000000e+00 0.000000000000000000e+00 7.672780117333305103e-03 3.870736063146663630e-01 5.612344470186668710e-01 4.401916654933341055e-02 0.000000000000000000e+00 0.000000000000000000e+00
0.000000000000000000e+00 0.000000000000000000e+00 0.000000000000000000e+00 0.000000000000000000e+00 0.000000000000000000e+00 7.469088767999995659e-03 3.849429203626666407e-01 5.629068929706666502e-01 4.468109789866667181e-02 0.000000000000000000e+00 0.000000000000000000e+00
0.000000000000000000e+00 0.000000000000000000e+00 0.000000000000000000e+00 0.000000000000000000e+00 0.000000000000000000e+00 7.269034666666633095e-03 3.828115626666662719e-01 5.645697706666670257e-01 4.534963200000011879e-02 0.000000000000000000e+00 0.000000000000000000e+00
0.000000000000000000e+00 0.000000000000000000e+00 0.000000000000000000e+00 0.000000000000000000e+00 0.000000000000000000e+00 7.072585045333322322e-03 3.806796315306664180e-01 5.662229818026668360e-01 4.602480162133337771e-02 0.000000000000000000e+00 0.000000000000000000e+00
0.000000000000000000e+00 0.000000000000000000e+00 0.000000000000000000e+00 0.000000000000000000e+00 0.000000000000000000e+00 6.879707136000010395e-03 3.785472252586667419e-01 5.678664280746665849e-01 4.670663953066664376e-02 0.000000000000000000e+00 0.000000000000000000e+00
0.000000000000000000e+00 0.000000000000000000e+00 0.000000000000000000e+00 0.000000000000000000e+00 0.000000000000000000e+00 6.690368170666642633e-03 3.764144421546664065e-01 5.695000111786667762e-01 4.739517849600009131e-02 0.000000000000000000e+00 0.000000000000000000e+00
0.000000000000000000e+00 0.000000000000000000e+00 0.000000000000000000e+00 0.000000000000000000e+00 0.000000000000000000e+00 6.504535381333330021e-03 3.742813805226666291e-01 5.711236328106666926e-01 4.809045128533334656e-02 0.000000000000000000e+00 0.000000000000000000e+00
0.000000000000000000e+00 0.000000000000000000e+00 0.000000000000000000e+00 0.000000000000000000e+00 0.000000000000000000e+00 6.322175999999964970e-03 3.721481386666662949e-01 5.727371946666669489e-01 4.879249066666679208e-02 0.000000000000000000e+00 0.000000000000000000e+00
0.000000000000000000e+00 0.000000000000000000e+00 0.000000000000000000e+00 0.000000000000000000e+00 0.000000000000000000e+00 6.143257258666651524e-03 3.700148148906665102e-01 5.743405984426668276e-01 4.950132940800004711e-02 0.000000000000000000e+00 0.000000000000000000e+00
0.000000000000000000e+00 0.000000000000000000e+00 0.000000000000000000e+00 0.000000000000000000e+00 0.000000000000000000e+00 5.967746389333337606e-03 3.678815074986667710e-01 5.759337458346666105e-01 5.021700027733330685e-02 0.000000000000000000e+00 0.000000000000000000e+00
0.000000000000000000e+00 0.000000000000000000e+00 0.000000000000000000e+00 0.000000000000000000e+00 0.000000000000000000e+00 5.795610623999979810e-03 3.657483147946663515e-01 5.775165385386669126e-01 5.093953604266676649e-02 0.000000000000000000e+00 0.000000000000000000e+00
0.000000000000000000e+00 0.000000000000000000e+00 0.000000000000000000e+00 0.000000000000000000e+00 0.000000000000000000e+00 5.626817194666664836e-03 3.636153350826666353e-01 5.790888782506666832e-01 5.166896947200001755e-02 0.000000000000000000e+00 0.000000000000000000e+00
0.000000000000000000e+00 0.000000000000000000e+00 0.000000000000000000e+00 0.000000000000000000e+00 0.000000000000000000e+00 5.461333333333302439e-03 3.614826666666662858e-01 5.806506666666668703e-01 5.240533333333347726e-02 0.000000000000000000e+00 0.000000000000000000e+00
0.000000000000000000e+00 0.000000000000000000e+00 0.000000000000000000e+00 0.000000000000000000e+00 0.000000000000000000e+00 5.299126271999987127e-03 3.593504078506665200e-01 5.822018054826667566e-01 5.314866039466672326e-02 0.000000000000000000e+00 0.000000000000000000e+00
0.000000000000000000e+00 0.000000000000000000e+00 0.000000000000000000e+00 0.000000000000000000e+00 0.000000000000000000e+00 5.140163242666672024e-03 3.572186569386667787e-01 5.837421963946666237e-01 5.389898342399997849e-02 0.000000000000000000e+00 0.000000000000000000e+00
0.000000000000000000e+00 0.000000000000000000e+00 0.000000000000000000e+00 0.000000000000000000e+00 0.000000000000000000e+00 4.984411477333310254e-03 3.550875122346663915e-01 5.852717410986668645e-01 5.465633518933343815e-02 0.000000000000000000e+00 0.000000000000000000e+00
0.000000000000000000e+00 0.000000000000000000e+00 0.000000000000000000e+00 0.000000000000000000e+00 0.000000000000000000e+00 4.831838207999993723e-03 3.529570720426665753e-01 5.867903412906666505e-01 5.542074845866667987e-02 0.000000000000000000e+00 0.000000000000000000e+00
0.000000000000000000e+00 0.000000000000000000e+00 0.000000000000000000e+00 0.000000000000000000e+00 0.000000000000000000e+00 4.682410666666639992e-03 3.508274346666662158e-01 5.882978986666670407e-01 5.619225600000014864e-02 0.000000000000000000e+00 0.000000000000000000e+00
0.000000000000000000e+00 0.000000000000000000e+00 0.000000000000000000e+00 0.000000000000000000e+00 0.000000000000000000e+00 4.536096085333322751e-03 3.486986984106664744e-01 5.897943149226667625e-01 5.697089058133339434e-02 0.000000000000000000e+00 0.000000000000000000e+00
0.000000000000000000e+00 0.000000000000000000e+00 0.000000000000000000e+00 0.000000000000000000e+00 0.000000000000000000e+00 4.392861696000005534e-03 3.465709615786666808e-01 5.912794917546666529e-01 5.775668497066664686e-02 0.000000000000000000e+00 0.000000000000000000e+00
0.000000000000000000e+00 0.000000000000000000e+00 0.000000000000000000e+00 0.000000000000000000e+00 0.000000000000000000e+00 4.252674730666647536e-03 3.444443224746663867e-01 5.927533308586667715e-01 5.854967193600011527e-02 0.000000000000000000e+00 0.000000000000000000e+00
0.000000000000000000e+00 0.000000000000000000e+00 0.000000000000000000e+00 0.000000000000000000e+00 0.000000000000000000e+00 4.115502421333329386e-03 3.423188794026666426e-01 5.942157339306667341e-01 5.934988424533335638e-02 0.000000000000000000e+00 0.000000000000000000e+00
0.000000000000000000e+00 0.000000000000000000e+00 0.000000000000000000e+00 0.000000000000000000e+00 0.000000000000000000e+00 3.981311999999972116e-03 3.401947306666662230e-01 5.956666026666669334e-01 6.015735466666682907e-02 0.000000000000000000e+00 0.000000000000000000e+00
0.000000000000000000e+00 0.000000000000000000e+00 0.000000000000000000e+00 0.000000000000000000e+00 0.000000000000000000e+00 3.850070698666653753e-03 3.380719745706665114e-01 5.971058387626668740e-01 6.097211596800006239e-02 0.000000000000000000e+00 0.000000000000000000e+00
0.000000000000000000e+00 0.000000000000000000e+00 0.000000000000000000e+00 0.000000000000000000e+00 0.000000000000000000e+00 3.721745749333334793e-03 3.359507094186667264e-01 5.985333439146666157e-01 6.179420091733330705e-02 0.000000000000000000e+00 0.000000000000000000e+00
0.000000000000000000e+00 0.000000000000000000e+00 0.000000000000000000e+00 0.000000000000000000e+00 0.000000000000000000e+00 3.596304383999983107e-03 3.338310335146663088e-01 5.999490198186668843e-01 6.262364228266678601e-02 0.000000000000000000e+00 0.000000000000000000e+00
0.000000000000000000e+00 0.000000000000000000e+00 0.000000000000000000e+00 0.000000000000000000e+00 0.000000000000000000e+00 3.473713834666663711e-03 3.317130451626665311e-01 6.013527681706667405e-01 6.346047283200002831e-02 0.000000000000000000e+00 0.000000000000000000e+00
0.000000000000000000e+00 0.000000000000000000e+00 0.000000000000000000e+00 0.000000000000000000e+00 0.000000000000000000e+00 3.353941333333309346e-03 3.295968426666662787e-01 6.027444906666669100e-01 6.430472533333350671e-02 0.000000000000000000e+00 0.000000000000000000e+00
0.000000000000000000e+00 0.000000000000000000e+00 0.000000000000000000e+00 0.000000000000000000e+00 0.000000000000000000e+00 3.236954111999988930e-03 3.274825243306664357e-01 6.041240890026667865e-01 6.515643255466675721e-02 0.000000000000000000e+00 0.000000000000000000e+00
0.000000000000000000e+00 0.000000000000000000e+00 0.000000000000000000e+00 0.000000000000000000e+00 0.000000000000000000e+00 3.122719402666668601e-03 3.253701884586667203e-01 6.054914648746665407e-01 6.601562726399999581e-02 0.000000000000000000e+00 0.000000000000000000e+00
0.000000000000000000e+00 0.000000000000000000e+00 0.000000000000000000e+00 0.000000000000000000e+00 0.000000000000000000e+00 3.011204437333315793e-03 3.232599333546663511e-01 6.068465199786668984e-01 6.688234222933346629e-02 0.000000000000000000e+00 0.000000000000000000e+00
0.000000000000000000e+00 0.000000000000000000e+00 0.000000000000000000e+00 0.000000000000000000e+00 0.000000000000000000e+00 2.902376447999994655e-03 3.211518573226666007e-01 6.081891560106666983e-01 6.775661021866669076e-02 0.000000000000000000e+00 0.000000000000000000e+00
0.000000000000000000e+00 0.000000000000000000e+00 0.000000000000000000e+00 0.000000000000000000e+00 0.000000000000000000e+00 2.796202666666646169e-03 3.190460586666661880e-01 6.095192746666668882e-01 6.863846400000019055e-02 0.000000000000000000e+00 0.000000000000000000e+00
0.000000000000000000e+00 0.000000000000000000e+00 0.000000000000000000e+00 0.000000000000000000e+00 0.000000000000000000e+00 2.692650325333324508e-03 3.169426356906664410e-01 6.108367776426668616e-01 6.952793634133341838e-02 0.000000000000000000e+00 0.000000000000000000e+00
0.000000000000000000e+00 0.000000000000000000e+00 0.000000000000000000e+00 0.000000000000000000e+00 0.000000000000000000e+00 2.591686656000002312e-03 3.148416866986666340e-01 6.121415666346666784e-01 7.042506001066665966e-02 0.000000000000000000e+00 0.000000000000000000e+00
0.000000000000000000e+00 0.000000000000000000e+00 0.000000000000000000e+00 0.000000000000000000e+00 0.000000000000000000e+00 2.493278890666651790e-03 3.127433099946663742e-01 6.134335433386668424e-01 7.132986777600013040e-02 0.000000000000000000e+00 0.000000000000000000e+00
0.000000000000000000e+00 0.000000000000000000e+00 0.000000000000000000e+00 0.000000000000000000e+00 0.000000000000000000e+00 2.397394261333329283e-03 3.106476038826666008e-01 6.147126094506667471e-01 7.224239240533336659e-02 0.000000000000000000e+00 0.000000000000000000e+00
0.000000000000000000e+00 0.000000000000000000e+00 0.000000000000000000e+00 0.000000000000000000e+00 0.000000000000000000e+00 2.303999999999979675e-03 3.085546666666662552e-01 6.159786666666668964e-01 7.316266666666686180e-02 0.000000000000000000e+00 0.000000000000000000e+00
0.000000000000000000e+00 0.000000000000000000e+00 0.000000000000000000e+00 0.000000000000000000e+00 0.000000000000000000e+00 2.213063338666656273e-03 3.064645966506664432e-01 6.172316166826667949e-01 7.409072332800009653e-02 0.000000000000000000e+00 0.000000000000000000e+00
0.000000000000000000e+00 0.000000000000000000e+00 0.000000000000000000e+00 0.000000000000000000e+00 0.000000000000000000e+00 2.124551509333333019e-03 3.043774921386667165e-01 6.184713611946666134e-01 7.502659515733332840e-02 0.000000000000000000e+00 0.000000000000000000e+00
0.000000000000000000e+00 0.000000000000000000e+00 0.000000000000000000e+00 0.000000000000000000e+00 0.000000000000000000e+00 2.038431743999987757e-03 3.022934514346662938e-01 6.196978018986669667e-01 7.597031492266681507e-02 0.000000000000000000e+00 0.000000000000000000e+00
0.000000000000000000e+00 0.000000000000000000e+00 0.000000000000000000e+00 0.000000000000000000e+00 0.000000000000000000e+00 1.954671274666663818e-03 3.002125728426665030e-01 6.209108404906666934e-01 7.692191539200005090e-02 0.000000000000000000e+00 0.000000000000000000e+00
0.000000000000000000e+00 0.000000000000000000e+00 0.000000000000000000e+00 0.000000000000000000e+00 0.000000000000000000e+00 1.873237333333316063e-03 2.981349546666662853e-01 6.221103786666669633e-01 7.788142933333352946e-02 0.000000000000000000e+00 0.000000000000000000e+00
0.000000000000000000e+00 0.000000000000000000e+00 0.000000000000000000e+00 0.000000000000000000e+00 0.000000000000000000e+00 1.794097151999991943e-03 2.960606952106664691e-01 6.232963181226667260e-01 7.884888951466677287e-02 0.000000000000000000e+00 0.000000000000000000e+00
0.000000000000000000e+00 0.000000000000000000e+00 0.000000000000000000e+00 0.000000000000000000e+00 0.000000000000000000e+00 1.717217962666666917e-03 2.939898927786667171e-01 6.244685605546667073e-01 7.982432870399999714e-02 0.000000000000000000e+00 0.000000000000000000e+00
0.000000000000000000e+00 0.000000000000000000e+00 0.000000000000000000e+00 0.000000000000000000e+00 0.000000000000000000e+00 1.642566997333320565e-03 2.919226456746663034e-01 6.256270076586668560e-01 8.080777966933350154e-02 0.000000000000000000e+00 0.000000000000000000e+00
0.000000000000000000e+00 0.000000000000000000e+00 0.000000000000000000e+00 0.000000000000000000e+00 0.000000000000000000e+00 1.570111487999995351e-03 2.898590522026666116e-01 6.267715611306666768e-01 8.179927517866672493e-02 0.000000000000000000e+00 0.000000000000000000e+00
0.000000000000000000e+00 0.000000000000000000e+00 0.000000000000000000e+00 0.000000000000000000e+00 0.000000000000000000e+00 1.499818666666652206e-03 2.877992106666661942e-01 6.279021226666668953e-01 8.279884800000023026e-02 0.000000000000000000e+00 0.000000000000000000e+00
0.000000000000000000e+00 0.000000000000000000e+00 0.000000000000000000e+00 0.000000000000000000e+00 0.000000000000000000e+00 1.431655765333326655e-03 2.857432193706664347e-01 6.290185939626667944e-01 8.380653090133344252e-02 0.000000000000000000e+00 0.000000000000000000e+00
0.000000000000000000e+00 0.000000000000000000e+00 0.000000000000000000e+00 0.000000000000000000e+00 0.000000000000000000e+00 1.365590016000000880e-03 2.836911766186666628e-01 6.301208767146666556e-01 8.482235665066666097e-02 0.000000000000000000e+00 0.000000000000000000e+00
0.000000000000000000e+00 0.000000000000000000e+00 0.000000000000000000e+00 0.000000000000000000e+00 0.000000000000000000e+00 1.301588650666656195e-03 2.816431807146663746e-01 6.312088726186668719e-01 8.584635801600017102e-02 0.000000000000000000e+00 0.000000000000000000e+00
0.000000000000000000e+00 0.000000000000000000e+00 0.000000000000000000e+00 0.000000000000000000e+00 0.000000000000000000e+00 1.239618901333329861e-03 2.795993299626665651e-01 6.322824833706667258e-01 8.687856776533339764e-02 0.000000000000000000e+00 0.000000000000000000e+00
0.000000000000000000e+00 0.000000000000000000e+00 0.000000000000000000e+00 0.000000000000000000e+00 0.000000000000000000e+00 1.179647999999986060e-03 2.775597226666662309e-01 6.333416106666668322e-01 8.791901866666690379e-02 0.000000000000000000e+00 0.000000000000000000e+00
0.000000000000000000e+00 0.000000000000000000e+00 0.000000000000000000e+00 0.000000000000000000e+00 0.000000000000000000e+00 1.121643178666659451e-03 2.755244571306664225e-01 6.343861562026666956e-01 8.896774348800012833e-02 0.000000000000000000e+00 0.000000000000000000e+00
0.000000000000000000e+00 0.000000000000000000e+00 0.000000000000000000e+00 0.000000000000000000e+00 0.000000000000000000e+00 1.065571669333332432e-03 2.734936316586666361e-01 6.354160216746667089e-01 9.002477499733334276e-02 0.000000000000000000e+00 0.000000000000000000e+00
0.000000000000000000e+00 0.000000000000000000e+00 0.000000000000000000e+00 0.000000000000000000e+00 0.000000000000000000e+00 1.011400703999991522e-03 2.714673445546662567e-01 6.364311087786669319e-01 9.109014596266684638e-02 0.000000000000000000e+00 0.000000000000000000e+00
0.000000000000000000e+00 0.000000000000000000e+00 0.000000000000000000e+00 0.000000000000000000e+00 0.000000000000000000e+00 9.590975146666641136e-04 2.694456941226665014e-01 6.374313192106667580e-01 9.216388915200006415e-02 0.000000000000000000e+00 0.000000000000000000e+00
0.000000000000000000e+00 0.000000000000000000e+00 0.000000000000000000e+00 0.000000000000000000e+00 0.000000000000000000e+00 9.086293333333362926e-04 2.674287786666667555e-01 6.384165546666666913e-01 9.324603733333326760e-02 0.000000000000000000e+00 0.000000000000000000e+00
0.000000000000000000e+00 0.000000000000000000e+00 0.000000000000000000e+00 0.000000000000000000e+00 0.000000000000000000e+00 8.599633919999943605e-04 2.654166964906664594e-01 6.393867168426667913e-01 9.433662327466678377e-02 0.000000000000000000e+00 0.000000000000000000e+00
0.000000000000000000e+00 0.000000000000000000e+00 0.000000000000000000e+00 0.000000000000000000e+00 0.000000000000000000e+00 8.130669226666662527e-04 2.634095458986666638e-01 6.403417074346666737e-01 9.543567974400000986e-02 0.000000000000000000e+00 0.000000000000000000e+00
0.000000000000000000e+00 0.000000000000000000e+00 0.000000000000000000e+00 0.000000000000000000e+00 0.000000000000000000e+00 7.679071573333249353e-04 2.614074251946663097e-01 6.412814281386668425e-01 9.654323950933352272e-02 0.000000000000000000e+00 0.000000000000000000e+00
0.000000000000000000e+00 0.000000000000000000e+00 0.000000000000000000e+00 0.000000000000000000e+00 0.000000000000000000e+00 7.244513279999967173e-04 2.594104326826665585e-01 6.422057806506666910e-01 9.765933533866674732e-02 0.000000000000000000e+00 0.000000000000000000e+00
0.000000000000000000e+00 0.000000000000000000e+00 0.000000000000000000e+00 0.000000000000000000e+00 0.000000000000000000e+00 6.826666666666680091e-04 2.574186666666667400e-01 6.431146666666666123e-01 9.878399999999995518e-02 0.000000000000000000e+00 0.000000000000000000e+00
0.000000000000000000e+00 0.000000000000000000e+00 0.000000000000000000e+00 0.000000000000000000e+00 0.000000000000000000e+00 6.425204053333290156e-04 2.554322254506664058e-01 6.440079878826667770e-01 9.991726626133347333e-02 0.000000000000000000e+00 0.000000000000000000e+00
0.000000000000000000e+00 0.000000000000000000e+00 0.000000000000000000e+00 0.000000000000000000e+00 0.000000000000000000e+00 6.039797759999998659e-04 2.534512073386666065e-01 6.448856459946666897e-01 1.010591668906666851e-01 0.000000000000000000e+00 0.000000000000000000e+00
0.000000000000000000e+00 0.000000000000000000e+00 0.000000000000000000e+00 0.000000000000000000e+00 0.000000000000000000e+00 5.670120106666601397e-04 2.514757106346663384e-01 6.457475426986667433e-01 1.022097346560001951e-01 0.000000000000000000e+00 0.000000000000000000e+00
0.000000000000000000e+00 0.000000000000000000e+00 0.000000000000000000e+00 0.000000000000000000e+00 0.000000000000000000e+00 5.315843413333309420e-04 2.495058336426665690e-01 6.465935796906667754e-01 1.033690023253334006e-01 0.000000000000000000e+00 0.000000000000000000e+00
0.000000000000000000e+00 0.000000000000000000e+00 0.000000000000000000e+00 0.000000000000000000e+00 0.000000000000000000e+00 4.976640000000012850e-04 2.475416746666667389e-01 6.474236586666666238e-01 1.045370026666666147e-01 0.000000000000000000e+00 0.000000000000000000e+00
0.000000000000000000e+00 0.000000000000000000e+00 0.000000000000000000e+00 0.000000000000000000e+00 0.000000000000000000e+00 4.652182186666622954e-04 2.455833320106664552e-01 6.482376813226666812e-01 1.057137684480001505e-01 0.000000000000000000e+00 0.000000000000000000e+00
0.000000000000000000e+00 0.000000000000000000e+00 0.000000000000000000e+00 0.000000000000000000e+00 0.000000000000000000e+00 4.342142293333324217e-04 2.436309039786666297e-01 6.490355493546666743e-01 1.068993324373333637e-01 0.000000000000000000e+00 0.000000000000000000e+00
0.000000000000000000e+00 0.000000000000000000e+00 0.000000000000000000e+00 0.000000000000000000e+00 0.000000000000000000e+00 4.046192639999949842e-04 2.416844888746662590e-01 6.498171644586667739e-01 1.080937274026668865e-01 0.000000000000000000e+00 0.000000000000000000e+00
0.000000000000000000e+00 0.000000000000000000e+00 0.000000000000000000e+00 0.000000000000000000e+00 0.000000000000000000e+00 3.764005546666649078e-04 2.397441850026665044e-01 6.505824283306667066e-01 1.092969861120000885e-01 0.000000000000000000e+00 0.000000000000000000e+00
0.000000000000000000e+00 0.000000000000000000e+00 0.000000000000000000e+00 0.000000000000000000e+00 0.000000000000000000e+00 3.495253333333346200e-04 2.378100906666666958e-01 6.513312426666666433e-01 1.105091413333332967e-01 0.000000000000000000e+00 0.000000000000000000e+00
0.000000000000000000e+00 0.000000000000000000e+00 0.000000000000000000e+00 0.000000000000000000e+00 0.000000000000000000e+00 3.239608319999967112e-04 2.358823041706664403e-01 6.520635091626667545e-01 1.117302258346668242e-01 0.000000000000000000e+00 0.000000000000000000e+00
0.000000000000000000e+00 0.000000000000000000e+00 0.000000000000000000e+00 0.000000000000000000e+00 0.000000000000000000e+00 2.996742826666661604e-04 2.339609238186666496e-01 6.527791295146666561e-01 1.129602723840000267e-01 0.000000000000000000e+00 0.000000000000000000e+00
0.000000000000000000e+00 0.000000000000000000e+00 0.000000000000000000e+00 0.000000000000000000e+00 0.000000000000000000e+00 2.766329173333288358e-04 2.320460479146662924e-01 6.534780054186667408e-01 1.141993137493335780e-01 0.000000000000000000e+00 0.000000000000000000e+00
0.000000000000000000e+00 0.000000000000000000e+00 0.000000000000000000e+00 0.000000000000000000e+00 0.000000000000000000e+00 2.548039679999980901e-04 2.301377747626665304e-01 6.541600385706667353e-01 1.154473826986667645e-01 0.000000000000000000e+00 0.000000000000000000e+00
0.000000000000000000e+00 0.000000000000000000e+00 0.000000000000000000e+00 0.000000000000000000e+00 0.000000000000000000e+00 2.341546666666670558e-04 2.282362026666667487e-01 6.548251306666665883e-01 1.167045119999999686e-01 0.000000000000000000e+00 0.000000000000000000e+00
0.000000000000000000e+00 0.000000000000000000e+00 0.000000000000000000e+00 0.000000000000000000e+00 0.000000000000000000e+00 2.146522453333309793e-04 2.263414299306663879e-01 6.554731834026668036e-01 1.179707344213335035e-01 0.000000000000000000e+00 0.000000000000000000e+00
0.000000000000000000e+00 0.000000000000000000e+00 0.000000000000000000e+00 0.000000000000000000e+00 0.000000000000000000e+00 1.962639359999997170e-04 2.244535548586666096e-01 6.561040984746666638e-01 1.192460827306666971e-01 0.000000000000000000e+00 0.000000000000000000e+00
0.000000000000000000e+00 0.000000000000000000e+00 0.000000000000000000e+00 0.000000000000000000e+00 0.000000000000000000e+00 1.789569706666634195e-04 2.225726757546663270e-01 6.567177775786667837e-01 1.205305896960002510e-01 0.000000000000000000e+00 0.000000000000000000e+00
0.000000000000000000e+00 0.000000000000000000e+00 0.000000000000000000e+00 0.000000000000000000e+00 0.000000000000000000e+00 1.626985813333320244e-04 2.206988909226665352e-01 6.573141224106666680e-01 1.218242880853334376e-01 0.000000000000000000e+00 0.000000000000000000e+00
0.000000000000000000e+00 0.000000000000000000e+00 0.000000000000000000e+00 0.000000000000000000e+00 0.000000000000000000e+00 1.474560000000003717e-04 2.188322986666667580e-01 6.578930346666667095e-01 1.231272106666666255e-01 0.000000000000000000e+00 0.000000000000000000e+00
0.000000000000000000e+00 0.000000000000000000e+00 0.000000000000000000e+00 0.000000000000000000e+00 0.000000000000000000e+00 1.331964586666645482e-04 2.169729972906664084e-01 6.584544160426666348e-01 1.244393902080001973e-01 0.000000000000000000e+00 0.000000000000000000e+00
0.000000000000000000e+00 0.000000000000000000e+00 0.000000000000000000e+00 0.000000000000000000e+00 0.000000000000000000e+00 1.198871893333327838e-04 2.151210850986666201e-01 6.589981682346666148e-01 1.257608594773333699e-01 0.000000000000000000e+00 0.000000000000000000e+00
0.000000000000000000e+00 0.000000000000000000e+00 0.000000000000000000e+00 0.000000000000000000e+00 0.000000000000000000e+00 1.074954239999977772e-04 2.132766603946662787e-01 6.595241929386668200e-01 1.270916512426669143e-01 0.000000000000000000e+00 0.000000000000000000e+00
0.000000000000000000e+00 0.000000000000000000e+00 0.000000000000000000e+00 0.000000000000000000e+00 0.000000000000000000e+00 9.598839466666582020e-05 2.114398214826664624e-01 6.600323918506667553e-01 1.284317982720001305e-01 0.000000000000000000e+00 0.000000000000000000e+00
0.000000000000000000e+00 0.000000000000000000e+00 0.000000000000000000e+00 0.000000000000000000e+00 0.000000000000000000e+00 8.533333333333367732e-05 2.096106666666667229e-01 6.605226666666667024e-01 1.297813333333333041e-01 0.000000000000000000e+00 0.000000000000000000e+00
0.000000000000000000e+00 0.000000000000000000e+00 0.000000000000000000e+00 0.000000000000000000e+00 0.000000000000000000e+00 7.549747199999862798e-05 2.077892942506664176e-01 6.609949190826667209e-01 1.311402891946668592e-01 0.000000000000000000e+00 0.000000000000000000e+00
0.000000000000000000e+00 0.000000000000000000e+00 0.000000000000000000e+00 0.000000000000000000e+00 0.000000000000000000e+00 6.644804266666636775e-05 2.059758025386665969e-01 6.614490507946666487e-01 1.325086986240000542e-01 0.000000000000000000e+00 0.000000000000000000e+00
0.000000000000000000e+00 0.000000000000000000e+00 0.000000000000000000e+00 0.000000000000000000e+00 0.000000000000000000e+00 5.815227733333164174e-05 2.041702898346663131e-01 6.618849634986667674e-01 1.338865943893336186e-01 0.000000000000000000e+00 0.000000000000000000e+00
0.000000000000000000e+00 0.000000000000000000e+00 0.000000000000000000e+00 0.000000000000000000e+00 0.000000000000000000e+00 5.057740799999925106e-05 2.023728544426665055e-01 6.623025588906665817e-01 1.352740092586668108e-01 0.000000000000000000e+00 0.000000000000000000e+00
0.000000000000000000e+00 0.000000000000000000e+00 0.000000000000000000e+00 0.000000000000000000e+00 0.000000000000000000e+00 4.369066666666671230e-05 2.005835946666666980e-01 6.627017386666667065e-01 1.366709759999999718e-01 0.000000000000000000e+00 0.000000000000000000e+00
0.000000000000000000e+00 0.000000000000000000e+00 0.000000000000000000e+00 0.000000000000000000e+00 0.000000000000000000e+00 3.745928533333251788e-05 1.988026088106663869e-01 6.630824045226667574e-01 1.380775273813335535e-01 0.000000000000000000e+00 0.000000000000000000e+00
0.000000000000000000e+00 0.000000000000000000e+00 0.000000000000000000e+00 0.000000000000000000e+00 0.000000000000000000e+00 3.185049599999985613e-05 1.970299951786665671e-01 6.634444581546667941e-01 1.394936961706667033e-01 0.000000000000000000e+00 0.000000000000000000e+00
0.000000000000000000e+00 0.000000000000000000e+00 0.000000000000000000e+00 0.000000000000000000e+00 0.000000000000000000e+00 2.683153066666568463e-05 1.952658520746663184e-01 6.637878012586667653e-01 1.409195151360002896e-01 0.000000000000000000e+00 0.000000000000000000e+00
0.000000000000000000e+00 0.000000000000000000e+00 0.000000000000000000e+00 0.000000000000000000e+00 0.000000000000000000e+00 2.236962133333292744e-05 1.935102778026665249e-01 6.641123355306667309e-01 1.423550170453334596e-01 0.000000000000000000e+00 0.000000000000000000e+00
0.000000000000000000e+00 0.000000000000000000e+00 0.000000000000000000e+00 0.000000000000000000e+00 0.000000000000000000e+00 1.843200000000004646e-05 1.917633706666667104e-01 6.644179626666666394e-01 1.438002346666666376e-01 0.000000000000000000e+00 0.000000000000000000e+00
0.000000000000000000e+00 0.000000000000000000e+00 0.000000000000000000e+00 0.000000000000000000e+00 0.000000000000000000e+00 1.498589866666613380e-05 1.900252289706663988e-01 6.647045843626666617e-01 1.452552007680002477e-01 0.000000000000000000e+00 0.000000000000000000e+00
0.000000000000000000e+00 0.000000000000000000e+00 0.000000000000000000e+00 0.000000000000000000e+00 0.000000000000000000e+00 1.199854933333317840e-05 1.882959510186666130e-01 6.649721023146666354e-01 1.467199481173334097e-01 0.000000000000000000e+00 0.000000000000000000e+00
0.000000000000000000e+00 0.000000000000000000e+00 0.000000000000000000e+00 0.000000000000000000e+00 0.000000000000000000e+00 9.437183999999528648e-06 1.865756351146662939e-01 6.652204182186667314e-01 1.481945094826669640e-01 0.000000000000000000e+00 0.000000000000000000e+00
0.000000000000000000e+00 0.000000000000000000e+00 0.000000000000000000e+00 0.000000000000000000e+00 0.000000000000000000e+00 7.269034666666489099e-06 1.848643795626664643e-01 6.654494337706666762e-01 1.496789176320001413e-01 0.000000000000000000e+00 0.000000000000000000e+00
0.000000000000000000e+00 0.000000000000000000e+00 0.000000000000000000e+00 0.000000000000000000e+00 0.000000000000000000e+00 5.461333333333366990e-06 1.831622826666666481e-01 6.656590506666666407e-01 1.511732053333333103e-01 0.000000000000000000e+00 0.000000000000000000e+00
0.000000000000000000e+00 0.000000000000000000e+00 0.000000000000000000e+00 0.000000000000000000e+00 0.000000000000000000e+00 3.981311999999789740e-06 1.814694427306664248e-01 6.658491706026666845e-01 1.526774053546668952e-01 0.000000000000000000e+00 0.000000000000000000e+00
0.000000000000000000e+00 0.000000000000000000e+00 0.000000000000000000e+00 0.000000000000000000e+00 0.000000000000000000e+00 2.796202666666615930e-06 1.797859580586666228e-01 6.660196952746666454e-01 1.541915504640000711e-01 0.000000000000000000e+00 0.000000000000000000e+00
0.000000000000000000e+00 0.000000000000000000e+00 0.000000000000000000e+00 0.000000000000000000e+00 0.000000000000000000e+00 1.873237333333150894e-06 1.781119269546662942e-01 6.661705263786665832e-01 1.557156734293336786e-01 0.000000000000000000e+00 0.000000000000000000e+00
0.000000000000000000e+00 0.000000000000000000e+00 0.000000000000000000e+00 0.000000000000000000e+00 0.000000000000000000e+00 1.179647999999930917e-06 1.764474477226664617e-01 6.663015656106665574e-01 1.572498070186668373e-01 0.000000000000000000e+00 0.000000000000000000e+00
0.000000000000000000e+00 0.000000000000000000e+00 0.000000000000000000e+00 0.000000000000000000e+00 0.000000000000000000e+00 6.826666666666637799e-07 1.747926186666666493e-01 6.664127146666665169e-01 1.587939839999999991e-01 0.000000000000000000e+00 0.000000000000000000e+00
0.000000000000000000e+00 0.000000000000000000e+00 0.000000000000000000e+00 0.000000000000000000e+00 0.000000000000000000e+00 3.495253333332936393e-07 1.731475380906663808e-01 6.665038752426666324e-01 1.603482371413335883e-01 0.000000000000000000e+00 0.000000000000000000e+00
0.000000000000000000e+00 0.000000000000000000e+00 0.000000000000000000e+00 0.000000000000000000e+00 0.000000000000000000e+00 1.474559999999939321e-07 1.715123042986665680e-01 6.665749490346666306e-01 1.619125992106667522e-01 0.000000000000000000e+00 0.000000000000000000e+00
0.000000000000000000e+00 0.000000000000000000e+00 0.000000000000000000e+00 0.000000000000000000e+00 0.000000000000000000e+00 4.369066666665222873e-08 1.698870155946663185e-01 6.666258377386666822e-01 1.634871029760003314e-01 0.000000000000000000e+00 0.000000000000000000e+00
0.000000000000000000e+00 0.000000000000000000e+00 0.000000000000000000e+00 0.000000000000000000e+00 0.000000000000000000e+00 5.461333333331528591e-09 1.682717702826664885e-01 6.666564430506666250e-01 1.650717812053335010e-01 0.000000000000000000e+00 0.000000000000000000e+00
0.000000000000000000e+00 0.000000000000000000e+00 0.000000000000000000e+00 0.000000000000000000e+00 0.000000000000000000e+00 0.000000000000000000e+00 1.666666666666666852e-01 6.666666666666667407e-01 1.666666666666666574e-01 0.000000000000000000e+00 0.000000000000000000e+00
0.000000000000000000e+00 0.000000000000000000e+00 0.000000000000000000e+00 0.000000000000000000e+00 0.000000000000000000e+00 0.000000000000000000e+00 1.650717812053330846e-01 6.666564430506666250e-01 1.682717702826669326e-01 5.461333333336076430e-09 0.000000000000000000e+00
0.000000000000000000e+00 0.000000000000000000e+00 0.000000000000000000e+00 0.000000000000000000e+00 0.000000000000000000e+00 0.000000000000000000e+00 1.634871029759999150e-01 6.666258377386666822e-01 1.698870155946667626e-01 4.369066666667042008e-08 0.000000000000000000e+00
0.000000000000000000e+00 0.000000000000000000e+00 0.000000000000000000e+00 0.000000000000000000e+00 0.000000000000000000e+00 0.000000000000000000e+00 1.619125992106663081e-01 6.665749490346666306e-01 1.715123042986670399e-01 1.474560000000331339e-07 0.000000000000000000e+00
0.000000000000000000e+00 0.000000000000000000e+00 0.000000000000000000e+00 0.000000000000000000e+00 0.000000000000000000e+00 0.000000000000000000e+00 1.603482371413331442e-01 6.665038752426666324e-01 1.731475380906668526e-01 3.495253333333633607e-07 0.000000000000000000e+00
0.000000000000000000e+00 0.000000000000000000e+00 0.000000000000000000e+00 0.000000000000000000e+00 0.000000000000000000e+00 0.000000000000000000e+00 1.587939839999999714e-01 6.664127146666666279e-01 1.747926186666666493e-01 6.826666666666685444e-07 0.000000000000000000e+00
0.000000000000000000e+00 0.000000000000000000e+00 0.000000000000000000e+00 0.000000000000000000e+00 0.000000000000000000e+00 0.000000000000000000e+00 1.572498070186664210e-01 6.663015656106666684e-01 1.764474477226669336e-01 1.179648000000101382e-06 0.000000000000000000e+00
0.000000000000000000e+00 0.000000000000000000e+00 0.000000000000000000e+00 0.000000000000000000e+00 0.000000000000000000e+00 0.000000000000000000e+00 1.557156734293332623e-01 6.661705263786666942e-01 1.781119269546667661e-01 1.873237333333382981e-06 0.000000000000000000e+00
0.000000000000000000e+00 0.000000000000000000e+00 0.000000000000000000e+00 0.000000000000000000e+00 0.000000000000000000e+00 0.000000000000000000e+00 1.541915504640000989e-01 6.660196952746666454e-01 1.797859580586665951e-01 2.796202666666615930e-06 0.000000000000000000e+00
0.000000000000000000e+00 0.000000000000000000e+00 0.000000000000000000e+00 0.000000000000000000e+00 0.000000000000000000e+00 0.000000000000000000e+00 1.526774053546665066e-01 6.658491706026665735e-01 1.814694427306668689e-01 3.981312000000158199e-06 0.000000000000000000e+00
0.000000000000000000e+00 0.000000000000000000e+00 0.000000000000000000e+00 0.000000000000000000e+00 0.000000000000000000e+00 0.000000000000000000e+00 1.511732053333333103e-01 6.656590506666666407e-01 1.831622826666666759e-01 5.461333333333348355e-06 0.000000000000000000e+00
0.000000000000000000e+00 0.000000000000000000e+00 0.000000000000000000e+00 0.000000000000000000e+00 0.000000000000000000e+00 0.000000000000000000e+00 1.496789176319997250e-01 6.654494337706666762e-01 1.848643795626669639e-01 7.269034666667015954e-06 0.000000000000000000e+00
0.000000000000000000e+00 0.000000000000000000e+00 0.000000000000000000e+00 0.000000000000000000e+00 0.000000000000000000e+00 0.000000000000000000e+00 1.481945094826665477e-01 6.652204182186667314e-01 1.865756351146667658e-01 9.437184000000155452e-06 0.000000000000000000e+00
0.000000000000000000e+00 0.000000000000000000e+00 0.000000000000000000e+00 0.000000000000000000e+00 0.000000000000000000e+00 0.000000000000000000e+00 1.467199481173333819e-01 6.649721023146667465e-01 1.882959510186666130e-01 1.199854933333321058e-05 0.000000000000000000e+00
0.000000000000000000e+00 0.000000000000000000e+00 0.000000000000000000e+00 0.000000000000000000e+00 0.000000000000000000e+00 0.000000000000000000e+00 1.452552007679998314e-01 6.647045843626666617e-01 1.900252289706668429e-01 1.498589866666706384e-05 0.000000000000000000e+00
0.000000000000000000e+00 0.000000000000000000e+00 0.000000000000000000e+00 0.000000000000000000e+00 0.000000000000000000e+00 0.000000000000000000e+00 1.438002346666666653e-01 6.644179626666666394e-01 1.917633706666666826e-01 1.843200000000004646e-05 0.000000000000000000e+00
0.000000000000000000e+00 0.000000000000000000e+00 0.000000000000000000e+00 0.000000000000000000e+00 0.000000000000000000e+00 0.000000000000000000e+00 1.423550170453330710e-01 6.641123355306666198e-01 1.935102778026669967e-01 2.236962133333408957e-05 0.000000000000000000e+00
0.000000000000000000e+00 0.000000000000000000e+00 0.000000000000000000e+00 0.000000000000000000e+00 0.000000000000000000e+00 0.000000000000000000e+00 1.409195151359999010e-01 6.637878012586665433e-01 1.952658520746667903e-01 2.683153066666699922e-05 0.000000000000000000e+00
0.000000000000000000e+00 0.000000000000000000e+00 0.000000000000000000e+00 0.000000000000000000e+00 0.000000000000000000e+00 0.000000000000000000e+00 1.394936961706667033e-01 6.634444581546666830e-01 1.970299951786666226e-01 3.185049599999978837e-05 0.000000000000000000e+00
0.000000000000000000e+00 0.000000000000000000e+00 0.000000000000000000e+00 0.000000000000000000e+00 0.000000000000000000e+00 0.000000000000000000e+00 1.380775273813331372e-01 6.630824045226666463e-01 1.988026088106668865e-01 3.745928533333408997e-05 0.000000000000000000e+00
0.000000000000000000e+00 0.000000000000000000e+00 0.000000000000000000e+00 0.000000000000000000e+00 0.000000000000000000e+00 0.000000000000000000e+00 1.366709759999999441e-01 6.627017386666667065e-01 2.005835946666666980e-01 4.369066666666678684e-05 0.000000000000000000e+00
0.000000000000000000e+00 0.000000000000000000e+00 0.000000000000000000e+00 0.000000000000000000e+00 0.000000000000000000e+00 0.000000000000000000e+00 1.352740092586664222e-01 6.623025588906665817e-01 2.023728544426670051e-01 5.057740800000133815e-05 0.000000000000000000e+00
0.000000000000000000e+00 0.000000000000000000e+00 0.000000000000000000e+00 0.000000000000000000e+00 0.000000000000000000e+00 0.000000000000000000e+00 1.338865943893332300e-01 6.618849634986666564e-01 2.041702898346668127e-01 5.815227733333393212e-05 0.000000000000000000e+00
0.000000000000000000e+00 0.000000000000000000e+00 0.000000000000000000e+00 0.000000000000000000e+00 0.000000000000000000e+00 0.000000000000000000e+00 1.325086986240000819e-01 6.614490507946666487e-01 2.059758025386665692e-01 6.644804266666636775e-05 0.000000000000000000e+00
0.000000000000000000e+00 0.000000000000000000e+00 0.000000000000000000e+00 0.000000000000000000e+00 0.000000000000000000e+00 0.000000000000000000e+00 1.311402891946664984e-01 6.609949190826664989e-01 2.077892942506669172e-01 7.549747200000124362e-05 0.000000000000000000e+00
0.000000000000000000e+00 0.000000000000000000e+00 0.000000000000000000e+00 0.000000000000000000e+00 0.000000000000000000e+00 0.000000000000000000e+00 1.297813333333333041e-01 6.605226666666665913e-01 2.096106666666667506e-01 8.533333333333355535e-05 0.000000000000000000e+00
0.000000000000000000e+00 0.000000000000000000e+00 0.000000000000000000e+00 0.000000000000000000e+00 0.000000000000000000e+00 0.000000000000000000e+00 1.284317982719997142e-01 6.600323918506665333e-01 2.114398214826670175e-01 9.598839466666877465e-05 0.000000000000000000e+00
0.000000000000000000e+00 0.000000000000000000e+00 0.000000000000000000e+00 0.000000000000000000e+00 0.000000000000000000e+00 0.000000000000000000e+00 1.270916512426665534e-01 6.595241929386665980e-01 2.132766603946668060e-01 1.074954240000009485e-04 0.000000000000000000e+00
0.000000000000000000e+00 0.000000000000000000e+00 0.000000000000000000e+00 0.000000000000000000e+00 0.000000000000000000e+00 0.000000000000000000e+00 1.257608594773333421e-01 6.589981682346667258e-01 2.151210850986666201e-01 1.198871893333329464e-04 0.000000000000000000e+00
0.000000000000000000e+00 0.000000000000000000e+00 0.000000000000000000e+00 0.000000000000000000e+00 0.000000000000000000e+00 0.000000000000000000e+00 1.244393902079998226e-01 6.584544160426666348e-01 2.169729972906669357e-01 1.331964586666685327e-04 0.000000000000000000e+00
0.000000000000000000e+00 0.000000000000000000e+00 0.000000000000000000e+00 0.000000000000000000e+00 0.000000000000000000e+00 0.000000000000000000e+00 1.231272106666666394e-01 6.578930346666667095e-01 2.188322986666667025e-01 1.474560000000003717e-04 0.000000000000000000e+00
0.000000000000000000e+00 0.000000000000000000e+00 0.000000000000000000e+00 0.000000000000000000e+00 0.000000000000000000e+00 0.000000000000000000e+00 1.218242880853330906e-01 6.573141224106664460e-01 2.206988909226670348e-01 1.626985813333363883e-04 0.000000000000000000e+00
0.000000000000000000e+00 0.000000000000000000e+00 0.000000000000000000e+00 0.000000000000000000e+00 0.000000000000000000e+00 0.000000000000000000e+00 1.205305896959998901e-01 6.567177775786665617e-01 2.225726757546668544e-01 1.789569706666681087e-04 0.000000000000000000e+00
0.000000000000000000e+00 0.000000000000000000e+00 0.000000000000000000e+00 0.000000000000000000e+00 0.000000000000000000e+00 0.000000000000000000e+00 1.192460827306666971e-01 6.561040984746666638e-01 2.244535548586666374e-01 1.962639359999995272e-04 0.000000000000000000e+00
0.000000000000000000e+00 0.000000000000000000e+00 0.000000000000000000e+00 0.000000000000000000e+00 0.000000000000000000e+00 0.000000000000000000e+00 1.179707344213331427e-01 6.554731834026665815e-01 2.263414299306669430e-01 2.146522453333359938e-04 0.000000000000000000e+00
0.000000000000000000e+00 0.000000000000000000e+00 0.000000000000000000e+00 0.000000000000000000e+00 0.000000000000000000e+00 0.000000000000000000e+00 1.167045119999999409e-01 6.548251306666666993e-01 2.282362026666667487e-01 2.341546666666672726e-04 0.000000000000000000e+00
0.000000000000000000e+00 0.000000000000000000e+00 0.000000000000000000e+00 0.000000000000000000e+00 0.000000000000000000e+00 0.000000000000000000e+00 1.154473826986664314e-01 6.541600385706665133e-01 2.301377747626670578e-01 2.548039680000042159e-04 0.000000000000000000e+00
0.000000000000000000e+00 0.000000000000000000e+00 0.000000000000000000e+00 0.000000000000000000e+00 0.000000000000000000e+00 0.000000000000000000e+00 1.141993137493332311e-01 6.534780054186666298e-01 2.320460479146668198e-01 2.766329173333353410e-04 0.000000000000000000e+00
0.000000000000000000e+00 0.000000000000000000e+00 0.000000000000000000e+00 0.000000000000000000e+00 0.000000000000000000e+00 0.000000000000000000e+00 1.129602723840000406e-01 6.527791295146667672e-01 2.339609238186666218e-01 2.996742826666661604e-04 0.000000000000000000e+00
0.000000000000000000e+00 0.000000000000000000e+00 0.000000000000000000e+00 0.000000000000000000e+00 0.000000000000000000e+00 0.000000000000000000e+00 1.117302258346664912e-01 6.520635091626665325e-01 2.358823041706669676e-01 3.239608320000036501e-04 0.000000000000000000e+00
0.000000000000000000e+00 0.000000000000000000e+00 0.000000000000000000e+00 0.000000000000000000e+00 0.000000000000000000e+00 0.000000000000000000e+00 1.105091413333332967e-01 6.513312426666666433e-01 2.378100906666667236e-01 3.495253333333342947e-04 0.000000000000000000e+00
0.000000000000000000e+00 0.000000000000000000e+00 0.000000000000000000e+00 0.000000000000000000e+00 0.000000000000000000e+00 0.000000000000000000e+00 1.092969861119997416e-01 6.505824283306664846e-01 2.397441850026670873e-01 3.764005546666722261e-04 0.000000000000000000e+00
0.000000000000000000e+00 0.000000000000000000e+00 0.000000000000000000e+00 0.000000000000000000e+00 0.000000000000000000e+00 0.000000000000000000e+00 1.080937274026665396e-01 6.498171644586665519e-01 2.416844888746668418e-01 4.046192640000026821e-04 0.000000000000000000e+00
0.000000000000000000e+00 0.000000000000000000e+00 0.000000000000000000e+00 0.000000000000000000e+00 0.000000000000000000e+00 0.000000000000000000e+00 1.068993324373333498e-01 6.490355493546666743e-01 2.436309039786666297e-01 4.342142293333327470e-04 0.000000000000000000e+00
0.000000000000000000e+00 0.000000000000000000e+00 0.000000000000000000e+00 0.000000000000000000e+00 0.000000000000000000e+00 0.000000000000000000e+00 1.057137684479998452e-01 6.482376813226665702e-01 2.455833320106669271e-01 4.652182186666714570e-04 0.000000000000000000e+00
0.000000000000000000e+00 0.000000000000000000e+00 0.000000000000000000e+00 0.000000000000000000e+00 0.000000000000000000e+00 0.000000000000000000e+00 1.045370026666666424e-01 6.474236586666666238e-01 2.475416746666667112e-01 4.976640000000012850e-04 0.000000000000000000e+00
0.000000000000000000e+00 0.000000000000000000e+00 0.000000000000000000e+00 0.000000000000000000e+00 0.000000000000000000e+00 0.000000000000000000e+00 1.033690023253330953e-01 6.465935796906664423e-01 2.495058336426670687e-01 5.315843413333405914e-04 0.000000000000000000e+00
0.000000000000000000e+00 0.000000000000000000e+00 0.000000000000000000e+00 0.000000000000000000e+00 0.000000000000000000e+00 0.000000000000000000e+00 1.022097346559998898e-01 6.457475426986665212e-01 2.514757106346668381e-01 5.670120106666702228e-04 0.000000000000000000e+00
0.000000000000000000e+00 0.000000000000000000e+00 0.000000000000000000e+00 0.000000000000000000e+00 0.000000000000000000e+00 0.000000000000000000e+00 1.010591668906666851e-01 6.448856459946665787e-01 2.534512073386666620e-01 6.039797759999995406e-04 0.000000000000000000e+00
0.000000000000000000e+00 0.000000000000000000e+00 0.000000000000000000e+00 0.000000000000000000e+00 0.000000000000000000e+00 0.000000000000000000e+00 9.991726626133315414e-02 6.440079878826665549e-01 2.554322254506669609e-01 6.425204053333394240e-04 0.000000000000000000e+00
0.000000000000000000e+00 0.000000000000000000e+00 0.000000000000000000e+00 0.000000000000000000e+00 0.000000000000000000e+00 0.000000000000000000e+00 9.878399999999994130e-02 6.431146666666667233e-01 2.574186666666667400e-01 6.826666666666684428e-04 0.000000000000000000e+00
0.000000000000000000e+00 0.000000000000000000e+00 0.000000000000000000e+00 0.000000000000000000e+00 0.000000000000000000e+00 0.000000000000000000e+00 9.765933533866644201e-02 6.422057806506664690e-01 2.594104326826670581e-01 7.244513280000090772e-04 0.000000000000000000e+00
0.000000000000000000e+00 0.000000000000000000e+00 0.000000000000000000e+00 0.000000000000000000e+00 0.000000000000000000e+00 0.000000000000000000e+00 9.654323950933323129e-02 6.412814281386666204e-01 2.614074251946668648e-01 7.679071573333378373e-04 0.000000000000000000e+00
0.000000000000000000e+00 0.000000000000000000e+00 0.000000000000000000e+00 0.000000000000000000e+00 0.000000000000000000e+00 0.000000000000000000e+00 9.543567974400002374e-02 6.403417074346666737e-01 2.634095458986666083e-01 8.130669226666662527e-04 0.000000000000000000e+00
0.000000000000000000e+00 0.000000000000000000e+00 0.000000000000000000e+00 0.000000000000000000e+00 0.000000000000000000e+00 0.000000000000000000e+00 9.433662327466649233e-02 6.393867168426664582e-01 2.654166964906670145e-01 8.599633920000075878e-04 0.000000000000000000e+00
0.000000000000000000e+00 0.000000000000000000e+00 0.000000000000000000e+00 0.000000000000000000e+00 0.000000000000000000e+00 0.000000000000000000e+00 9.324603733333326760e-02 6.384165546666665803e-01 2.674287786666668110e-01 9.086293333333358589e-04 0.000000000000000000e+00
0.000000000000000000e+00 0.000000000000000000e+00 0.000000000000000000e+00 0.000000000000000000e+00 0.000000000000000000e+00 0.000000000000000000e+00 9.216388915199975884e-02 6.374313192106664250e-01 2.694456941226671121e-01 9.590975146666777746e-04 0.000000000000000000e+00
0.000000000000000000e+00 0.000000000000000000e+00 0.000000000000000000e+00 0.000000000000000000e+00 0.000000000000000000e+00 0.000000000000000000e+00 9.109014596266654107e-02 6.364311087786665988e-01 2.714673445546668673e-01 1.011400704000005616e-03 0.000000000000000000e+00
0.000000000000000000e+00 0.000000000000000000e+00 0.000000000000000000e+00 0.000000000000000000e+00 0.000000000000000000e+00 0.000000000000000000e+00 9.002477499733332889e-02 6.354160216746667089e-01 2.734936316586666361e-01 1.065571669333333082e-03 0.000000000000000000e+00
0.000000000000000000e+00 0.000000000000000000e+00 0.000000000000000000e+00 0.000000000000000000e+00 0.000000000000000000e+00 0.000000000000000000e+00 8.896774348799985077e-02 6.343861562026664735e-01 2.755244571306669776e-01 1.121643178666675931e-03 0.000000000000000000e+00
0.000000000000000000e+00 0.000000000000000000e+00 0.000000000000000000e+00 0.000000000000000000e+00 0.000000000000000000e+00 0.000000000000000000e+00 8.791901866666662624e-02 6.333416106666667211e-01 2.775597226666667305e-01 1.179648000000002974e-03 0.000000000000000000e+00
0.000000000000000000e+00 0.000000000000000000e+00 0.000000000000000000e+00 0.000000000000000000e+00 0.000000000000000000e+00 0.000000000000000000e+00 8.687856776533310621e-02 6.322824833706663927e-01 2.795993299626671202e-01 1.239618901333346774e-03 0.000000000000000000e+00
0.000000000000000000e+00 0.000000000000000000e+00 0.000000000000000000e+00 0.000000000000000000e+00 0.000000000000000000e+00 0.000000000000000000e+00 8.584635801599989346e-02 6.312088726186664278e-01 2.816431807146668742e-01 1.301588650666673543e-03 0.000000000000000000e+00
0.000000000000000000e+00 0.000000000000000000e+00 0.000000000000000000e+00 0.000000000000000000e+00 0.000000000000000000e+00 0.000000000000000000e+00 8.482235665066666097e-02 6.301208767146666556e-01 2.836911766186666628e-01 1.365590016000000012e-03 0.000000000000000000e+00
0.000000000000000000e+00 0.000000000000000000e+00 0.000000000000000000e+00 0.000000000000000000e+00 0.000000000000000000e+00 0.000000000000000000e+00 8.380653090133315108e-02 6.290185939626664613e-01 2.857432193706669898e-01 1.431655765333344869e-03 0.000000000000000000e+00
0.000000000000000000e+00 0.000000000000000000e+00 0.000000000000000000e+00 0.000000000000000000e+00 0.000000000000000000e+00 0.000000000000000000e+00 8.279884799999992495e-02 6.279021226666665623e-01 2.877992106666668048e-01 1.499818666666670854e-03 0.000000000000000000e+00
0.000000000000000000e+00 0.000000000000000000e+00 0.000000000000000000e+00 0.000000000000000000e+00 0.000000000000000000e+00 0.000000000000000000e+00 8.179927517866646125e-02 6.267715611306664547e-01 2.898590522026671112e-01 1.570111488000015950e-03 0.000000000000000000e+00
0.000000000000000000e+00 0.000000000000000000e+00 0.000000000000000000e+00 0.000000000000000000e+00 0.000000000000000000e+00 0.000000000000000000e+00 8.080777966933322398e-02 6.256270076586665230e-01 2.919226456746669141e-01 1.642566997333341815e-03 0.000000000000000000e+00
0.000000000000000000e+00 0.000000000000000000e+00 0.000000000000000000e+00 0.000000000000000000e+00 0.000000000000000000e+00 0.000000000000000000e+00 7.982432870400001101e-02 6.244685605546667073e-01 2.939898927786666616e-01 1.717217962666666917e-03 0.000000000000000000e+00
0.000000000000000000e+00 0.000000000000000000e+00 0.000000000000000000e+00 0.000000000000000000e+00 0.000000000000000000e+00 0.000000000000000000e+00 7.884888951466649532e-02 6.232963181226663929e-01 2.960606952106670242e-01 1.794097152000013193e-03 0.000000000000000000e+00
0.000000000000000000e+00 0.000000000000000000e+00 0.000000000000000000e+00 0.000000000000000000e+00 0.000000000000000000e+00 0.000000000000000000e+00 7.788142933333327966e-02 6.221103786666665192e-01 2.981349546666668404e-01 1.873237333333338181e-03 0.000000000000000000e+00
0.000000000000000000e+00 0.000000000000000000e+00 0.000000000000000000e+00 0.000000000000000000e+00 0.000000000000000000e+00 0.000000000000000000e+00 7.692191539199975947e-02 6.209108404906664713e-01 3.002125728426671136e-01 1.954671274666685936e-03 0.000000000000000000e+00
0.000000000000000000e+00 0.000000000000000000e+00 0.000000000000000000e+00 0.000000000000000000e+00 0.000000000000000000e+00 0.000000000000000000e+00 7.597031492266653752e-02 6.196978018986665226e-01 3.022934514346669599e-01 2.038431744000010308e-03 0.000000000000000000e+00
0.000000000000000000e+00 0.000000000000000000e+00 0.000000000000000000e+00 0.000000000000000000e+00 0.000000000000000000e+00 0.000000000000000000e+00 7.502659515733331452e-02 6.184713611946666134e-01 3.043774921386667165e-01 2.124551509333334320e-03 0.000000000000000000e+00
0.000000000000000000e+00 0.000000000000000000e+00 0.000000000000000000e+00 0.000000000000000000e+00 0.000000000000000000e+00 0.000000000000000000e+00 7.409072332799984673e-02 6.172316166826664618e-01 3.064645966506670538e-01 2.213063338666682728e-03 0.000000000000000000e+00
0.000000000000000000e+00 0.000000000000000000e+00 0.000000000000000000e+00 0.000000000000000000e+00 0.000000000000000000e+00 0.000000000000000000e+00 7.316266666666661200e-02 6.159786666666665633e-01 3.085546666666667548e-01 2.304000000000006130e-03 0.000000000000000000e+00
0.000000000000000000e+00 0.000000000000000000e+00 0.000000000000000000e+00 0.000000000000000000e+00 0.000000000000000000e+00 0.000000000000000000e+00 7.224239240533338047e-02 6.147126094506667471e-01 3.106476038826665453e-01 2.397394261333329283e-03 0.000000000000000000e+00
0.000000000000000000e+00 0.000000000000000000e+00 0.000000000000000000e+00 0.000000000000000000e+00 0.000000000000000000e+00 0.000000000000000000e+00 7.132986777599988060e-02 6.134335433386663983e-01 3.127433099946669848e-01 2.493278890666678679e-03 0.000000000000000000e+00
0.000000000000000000e+00 0.000000000000000000e+00 0.000000000000000000e+00 0.000000000000000000e+00 0.000000000000000000e+00 0.000000000000000000e+00 7.042506001066665966e-02 6.121415666346665674e-01 3.148416866986666895e-01 2.591686656000001011e-03 0.000000000000000000e+00
0.000000000000000000e+00 0.000000000000000000e+00 0.000000000000000000e+00 0.000000000000000000e+00 0.000000000000000000e+00 0.000000000000000000e+00 6.952793634133315470e-02 6.108367776426664175e-01 3.169426356906670517e-01 2.692650325333352263e-03 0.000000000000000000e+00
0.000000000000000000e+00 0.000000000000000000e+00 0.000000000000000000e+00 0.000000000000000000e+00 0.000000000000000000e+00 0.000000000000000000e+00 6.863846399999992687e-02 6.095192746666665551e-01 3.190460586666667986e-01 2.796202666666674358e-03 0.000000000000000000e+00
0.000000000000000000e+00 0.000000000000000000e+00 0.000000000000000000e+00 0.000000000000000000e+00 0.000000000000000000e+00 0.000000000000000000e+00 6.775661021866669076e-02 6.081891560106666983e-01 3.211518573226666007e-01 2.902376447999995956e-03 0.000000000000000000e+00
0.000000000000000000e+00 0.000000000000000000e+00 0.000000000000000000e+00 0.000000000000000000e+00 0.000000000000000000e+00 0.000000000000000000e+00 6.688234222933323037e-02 6.068465199786665654e-01 3.232599333546669618e-01 3.011204437333347885e-03 0.000000000000000000e+00
0.000000000000000000e+00 0.000000000000000000e+00 0.000000000000000000e+00 0.000000000000000000e+00 0.000000000000000000e+00 0.000000000000000000e+00 6.601562726399999581e-02 6.054914648746666517e-01 3.253701884586666648e-01 3.122719402666668601e-03 0.000000000000000000e+00
0.000000000000000000e+00 0.000000000000000000e+00 0.000000000000000000e+00 0.000000000000000000e+00 0.000000000000000000e+00 0.000000000000000000e+00 6.515643255466650741e-02 6.041240890026663424e-01 3.274825243306670464e-01 3.236954112000021457e-03 0.000000000000000000e+00
0.000000000000000000e+00 0.000000000000000000e+00 0.000000000000000000e+00 0.000000000000000000e+00 0.000000000000000000e+00 0.000000000000000000e+00 6.430472533333327079e-02 6.027444906666664659e-01 3.295968426666667783e-01 3.353941333333342305e-03 0.000000000000000000e+00
0.000000000000000000e+00 0.000000000000000000e+00 0.000000000000000000e+00 0.000000000000000000e+00 0.000000000000000000e+00 0.000000000000000000e+00 6.346047283200002831e-02 6.013527681706666295e-01 3.317130451626665311e-01 3.473713834666661976e-03 0.000000000000000000e+00
0.000000000000000000e+00 0.000000000000000000e+00 0.000000000000000000e+00 0.000000000000000000e+00 0.000000000000000000e+00 0.000000000000000000e+00 6.262364228266655009e-02 5.999490198186665513e-01 3.338310335146669749e-01 3.596304384000016501e-03 0.000000000000000000e+00
0.000000000000000000e+00 0.000000000000000000e+00 0.000000000000000000e+00 0.000000000000000000e+00 0.000000000000000000e+00 0.000000000000000000e+00 6.179420091733330012e-02 5.985333439146666157e-01 3.359507094186667264e-01 3.721745749333336527e-03 0.000000000000000000e+00
0.000000000000000000e+00 0.000000000000000000e+00 0.000000000000000000e+00 0.000000000000000000e+00 0.000000000000000000e+00 0.000000000000000000e+00 6.097211596799985422e-02 5.971058387626664299e-01 3.380719745706670110e-01 3.850070698666691049e-03 0.000000000000000000e+00
0.000000000000000000e+00 0.000000000000000000e+00 0.000000000000000000e+00 0.000000000000000000e+00 0.000000000000000000e+00 0.000000000000000000e+00 6.015735466666660702e-02 5.956666026666666003e-01 3.401947306666668336e-01 3.981312000000010280e-03 0.000000000000000000e+00
0.000000000000000000e+00 0.000000000000000000e+00 0.000000000000000000e+00 0.000000000000000000e+00 0.000000000000000000e+00 0.000000000000000000e+00 5.934988424533336332e-02 5.942157339306667341e-01 3.423188794026666426e-01 4.115502421333329386e-03 0.000000000000000000e+00
0.000000000000000000e+00 0.000000000000000000e+00 0.000000000000000000e+00 0.000000000000000000e+00 0.000000000000000000e+00 0.000000000000000000e+00 5.854967193599989322e-02 5.927533308586663274e-01 3.444443224746669419e-01 4.252674730666684833e-03 0.000000000000000000e+00
0.000000000000000000e+00 0.000000000000000000e+00 0.000000000000000000e+00 0.000000000000000000e+00 0.000000000000000000e+00 0.000000000000000000e+00 5.775668497066664686e-02 5.912794917546665419e-01 3.465709615786667364e-01 4.392861696000003799e-03 0.000000000000000000e+00
0.000000000000000000e+00 0.000000000000000000e+00 0.000000000000000000e+00 0.000000000000000000e+00 0.000000000000000000e+00 0.000000000000000000e+00 5.697089058133317230e-02 5.897943149226664294e-01 3.486986984106670850e-01 4.536096085333361783e-03 0.000000000000000000e+00
0.000000000000000000e+00 0.000000000000000000e+00 0.000000000000000000e+00 0.000000000000000000e+00 0.000000000000000000e+00 0.000000000000000000e+00 5.619225599999992660e-02 5.882978986666665966e-01 3.508274346666668264e-01 4.682410666666679024e-03 0.000000000000000000e+00
0.000000000000000000e+00 0.000000000000000000e+00 0.000000000000000000e+00 0.000000000000000000e+00 0.000000000000000000e+00 0.000000000000000000e+00 5.542074845866667293e-02 5.867903412906666505e-01 3.529570720426665753e-01 4.831838207999996325e-03 0.000000000000000000e+00
0.000000000000000000e+00 0.000000000000000000e+00 0.000000000000000000e+00 0.000000000000000000e+00 0.000000000000000000e+00 0.000000000000000000e+00 5.465633518933323692e-02 5.852717410986665314e-01 3.550875122346669466e-01 4.984411477333355357e-03 0.000000000000000000e+00
0.000000000000000000e+00 0.000000000000000000e+00 0.000000000000000000e+00 0.000000000000000000e+00 0.000000000000000000e+00 0.000000000000000000e+00 5.389898342399997849e-02 5.837421963946666237e-01 3.572186569386667232e-01 5.140163242666672024e-03 0.000000000000000000e+00
0.000000000000000000e+00 0.000000000000000000e+00 0.000000000000000000e+00 0.000000000000000000e+00 0.000000000000000000e+00 0.000000000000000000e+00 5.314866039466651509e-02 5.822018054826663125e-01 3.593504078506671306e-01 5.299126272000032230e-03 0.000000000000000000e+00
0.000000000000000000e+00 0.000000000000000000e+00 0.000000000000000000e+00 0.000000000000000000e+00 0.000000000000000000e+00 0.000000000000000000e+00 5.240533333333326216e-02 5.806506666666664263e-01 3.614826666666668964e-01 5.461333333333347542e-03 0.000000000000000000e+00
0.000000000000000000e+00 0.000000000000000000e+00 0.000000000000000000e+00 0.000000000000000000e+00 0.000000000000000000e+00 0.000000000000000000e+00 5.166896947200001755e-02 5.790888782506666832e-01 3.636153350826666353e-01 5.626817194666662234e-03 0.000000000000000000e+00
0.000000000000000000e+00 0.000000000000000000e+00 0.000000000000000000e+00 0.000000000000000000e+00 0.000000000000000000e+00 0.000000000000000000e+00 5.093953604266655139e-02 5.775165385386664685e-01 3.657483147946669622e-01 5.795610624000024913e-03 0.000000000000000000e+00
0.000000000000000000e+00 0.000000000000000000e+00 0.000000000000000000e+00 0.000000000000000000e+00 0.000000000000000000e+00 0.000000000000000000e+00 5.021700027733329991e-02 5.759337458346666105e-01 3.678815074986667710e-01 5.967746389333340208e-03 0.000000000000000000e+00
0.000000000000000000e+00 0.000000000000000000e+00 0.000000000000000000e+00 0.000000000000000000e+00 0.000000000000000000e+00 0.000000000000000000e+00 4.950132940799986669e-02 5.743405984426663835e-01 3.700148148906671208e-01 6.143257258666702698e-03 0.000000000000000000e+00
0.000000000000000000e+00 0.000000000000000000e+00 0.000000000000000000e+00 0.000000000000000000e+00 0.000000000000000000e+00 0.000000000000000000e+00 4.879249066666661167e-02 5.727371946666666158e-01 3.721481386666668500e-01 6.322176000000017011e-03 0.000000000000000000e+00
0.000000000000000000e+00 0.000000000000000000e+00 0.000000000000000000e+00 0.000000000000000000e+00 0.000000000000000000e+00 0.000000000000000000e+00 4.809045128533335350e-02 5.711236328106668036e-01 3.742813805226666291e-01 6.504535381333330021e-03 0.000000000000000000e+00
0.000000000000000000e+00 0.000000000000000000e+00 0.000000000000000000e+00 0.000000000000000000e+00 0.000000000000000000e+00 0.000000000000000000e+00 4.739517849599989702e-02 5.695000111786664432e-01 3.764144421546670172e-01 6.690368170666694675e-03 0.000000000000000000e+00
0.000000000000000000e+00 0.000000000000000000e+00 0.000000000000000000e+00 0.000000000000000000e+00 0.000000000000000000e+00 0.000000000000000000e+00 4.670663953066664376e-02 5.678664280746665849e-01 3.785472252586667974e-01 6.879707136000007793e-03 0.000000000000000000e+00
0.000000000000000000e+00 0.000000000000000000e+00 0.000000000000000000e+00 0.000000000000000000e+00 0.000000000000000000e+00 0.000000000000000000e+00 4.602480162133318342e-02 5.662229818026662809e-01 3.806796315306671397e-01 7.072585045333374364e-03 0.000000000000000000e+00
0.000000000000000000e+00 0.000000000000000000e+00 0.000000000000000000e+00 0.000000000000000000e+00 0.000000000000000000e+00 0.000000000000000000e+00 4.534963199999993144e-02 5.645697706666665816e-01 3.828115626666668825e-01 7.269034666666686871e-03 0.000000000000000000e+00
0.000000000000000000e+00 0.000000000000000000e+00 0.000000000000000000e+00 0.000000000000000000e+00 0.000000000000000000e+00 0.000000000000000000e+00 4.468109789866666487e-02 5.629068929706666502e-01 3.849429203626666407e-01 7.469088767999998262e-03 0.000000000000000000e+00
0.000000000000000000e+00 0.000000000000000000e+00 0.000000000000000000e+00 0.000000000000000000e+00 0.000000000000000000e+00 0.000000000000000000e+00 4.401916654933324402e-02 5.612344470186664269e-01 3.870736063146669736e-01 7.672780117333364951e-03 0.000000000000000000e+00
0.000000000000000000e+00 0.000000000000000000e+00 0.000000000000000000e+00 0.000000000000000000e+00 0.000000000000000000e+00 0.000000000000000000e+00 4.336380518399998024e-02 5.595525311146667402e-01 3.892035222186667198e-01 7.880141482666675953e-03 0.000000000000000000e+00
0.000000000000000000e+00 0.000000000000000000e+00 0.000000000000000000e+00 0.000000000000000000e+00 0.000000000000000000e+00 0.000000000000000000e+00 4.271498103466652568e-02 5.578612435626661981e-01 3.913325697706671047e-01 8.091205632000044931e-03 0.000000000000000000e+00
0.000000000000000000e+00 0.000000000000000000e+00 0.000000000000000000e+00 0.000000000000000000e+00 0.000000000000000000e+00 0.000000000000000000e+00 4.207266133333326802e-02 5.561606826666665171e-01 3.934606506666669112e-01 8.306005333333355695e-03 0.000000000000000000e+00
0.000000000000000000e+00 0.000000000000000000e+00 0.000000000000000000e+00 0.000000000000000000e+00 0.000000000000000000e+00 0.000000000000000000e+00 4.143681331200000512e-02 5.544509467306666384e-01 3.955876666026666433e-01 8.524573354666664660e-03 0.000000000000000000e+00
0.000000000000000000e+00 0.000000000000000000e+00 0.000000000000000000e+00 0.000000000000000000e+00 0.000000000000000000e+00 0.000000000000000000e+00 4.080740420266655566e-02 5.527321340586663911e-01 3.977135192746670267e-01 8.746942464000036915e-03 0.000000000000000000e+00
0.000000000000000000e+00 0.000000000000000000e+00 0.000000000000000000e+00 0.000000000000000000e+00 0.000000000000000000e+00 0.000000000000000000e+00 4.018440123733329344e-02 5.510043429546666038e-01 3.998381103786667334e-01 8.973145429333343262e-03 0.000000000000000000e+00
0.000000000000000000e+00 0.000000000000000000e+00 0.000000000000000000e+00 0.000000000000000000e+00 0.000000000000000000e+00 0.000000000000000000e+00 3.956777164799987062e-02 5.492676717226663285e-01 4.019613416106671000e-01 9.203215018666716443e-03 0.000000000000000000e+00
0.000000000000000000e+00 0.000000000000000000e+00 0.000000000000000000e+00 0.000000000000000000e+00 0.000000000000000000e+00 0.000000000000000000e+00 3.895748266666660548e-02 5.475222186666666158e-01 4.040831146666668539e-01 9.437184000000023790e-03 0.000000000000000000e+00
0.000000000000000000e+00 0.000000000000000000e+00 0.000000000000000000e+00 0.000000000000000000e+00 0.000000000000000000e+00 0.000000000000000000e+00 3.835350152533333751e-02 5.457680820906667396e-01 4.062033312426666098e-01 9.675085141333333860e-03 0.000000000000000000e+00
0.000000000000000000e+00 0.000000000000000000e+00 0.000000000000000000e+00 0.000000000000000000e+00 0.000000000000000000e+00 0.000000000000000000e+00 3.775579545599989928e-02 5.440053602986663073e-01 4.083218930346670383e-01 9.916951210666706540e-03 0.000000000000000000e+00
0.000000000000000000e+00 0.000000000000000000e+00 0.000000000000000000e+00 0.000000000000000000e+00 0.000000000000000000e+00 0.000000000000000000e+00 3.716433169066663683e-02 5.422341515946665913e-01 4.104387017386667558e-01 1.016281497600001436e-02 0.000000000000000000e+00
0.000000000000000000e+00 0.000000000000000000e+00 0.000000000000000000e+00 0.000000000000000000e+00 0.000000000000000000e+00 0.000000000000000000e+00 3.657907746133320231e-02 5.404545542826663107e-01 4.125536590506672097e-01 1.041270920533338834e-02 0.000000000000000000e+00
0.000000000000000000e+00 0.000000000000000000e+00 0.000000000000000000e+00 0.000000000000000000e+00 0.000000000000000000e+00 0.000000000000000000e+00 3.599999999999993483e-02 5.386666666666665160e-01 4.146666666666669609e-01 1.066666666666669407e-02 0.000000000000000000e+00
0.000000000000000000e+00 0.000000000000000000e+00 0.000000000000000000e+00 0.000000000000000000e+00 0.000000000000000000e+00 0.000000000000000000e+00 3.542706653866666000e-02 5.368705870506667033e-01 4.167776262826666800e-01 1.092472012800000010e-02 0.000000000000000000e+00
0.000000000000000000e+00 0.000000000000000000e+00 0.000000000000000000e+00 0.000000000000000000e+00 0.000000000000000000e+00 0.000000000000000000e+00 3.486024430933324508e-02 5.350664137386663688e-01 4.188864395946669816e-01 1.118690235733337847e-02 0.000000000000000000e+00
0.000000000000000000e+00 0.000000000000000000e+00 0.000000000000000000e+00 0.000000000000000000e+00 0.000000000000000000e+00 0.000000000000000000e+00 3.429950054399997367e-02 5.332542450346665630e-01 4.209930082986667599e-01 1.145324612266668089e-02 0.000000000000000000e+00
0.000000000000000000e+00 0.000000000000000000e+00 0.000000000000000000e+00 0.000000000000000000e+00 0.000000000000000000e+00 0.000000000000000000e+00 3.374480247466653954e-02 5.314341792426661160e-01 4.230972340906671292e-01 1.172378419200006093e-02 0.000000000000000000e+00
0.000000000000000000e+00 0.000000000000000000e+00 0.000000000000000000e+00 0.000000000000000000e+00 0.000000000000000000e+00 0.000000000000000000e+00 3.319611733333327486e-02 5.296063146666664112e-01 4.251990186666669280e-01 1.199854933333336683e-02 0.000000000000000000e+00
0.000000000000000000e+00 0.000000000000000000e+00 0.000000000000000000e+00 0.000000000000000000e+00 0.000000000000000000e+00 0.000000000000000000e+00 3.265341235199999831e-02 5.277707496106666119e-01 4.272982637226667157e-01 1.227757431466666889e-02 0.000000000000000000e+00
0.000000000000000000e+00 0.000000000000000000e+00 0.000000000000000000e+00 0.000000000000000000e+00 0.000000000000000000e+00 0.000000000000000000e+00 3.211665476266657021e-02 5.259275823786664361e-01 4.293948709546669962e-01 1.256089190400004781e-02 0.000000000000000000e+00
0.000000000000000000e+00 0.000000000000000000e+00 0.000000000000000000e+00 0.000000000000000000e+00 0.000000000000000000e+00 0.000000000000000000e+00 3.158581179733329497e-02 5.240769112746666014e-01 4.314887420586667743e-01 1.284853486933335009e-02 0.000000000000000000e+00
0.000000000000000000e+00 0.000000000000000000e+00 0.000000000000000000e+00 0.000000000000000000e+00 0.000000000000000000e+00 0.000000000000000000e+00 3.106085068799988372e-02 5.222188346026662709e-01 4.335797787306671647e-01 1.314053597866673452e-02 0.000000000000000000e+00
0.000000000000000000e+00 0.000000000000000000e+00 0.000000000000000000e+00 0.000000000000000000e+00 0.000000000000000000e+00 0.000000000000000000e+00 3.054173866666661311e-02 5.203534506666664949e-01 4.356678826666668947e-01 1.343692800000003719e-02 0.000000000000000000e+00
0.000000000000000000e+00 0.000000000000000000e+00 0.000000000000000000e+00 0.000000000000000000e+00 0.000000000000000000e+00 0.000000000000000000e+00 3.002844296533333304e-02 5.184808577706666588e-01 4.377529555626666347e-01 1.373774370133333533e-02 0.000000000000000000e+00
0.000000000000000000e+00 0.000000000000000000e+00 0.000000000000000000e+00 0.000000000000000000e+00 0.000000000000000000e+00 0.000000000000000000e+00 2.952093081599991078e-02 5.166011542186663696e-01 4.398348991146670550e-01 1.404301585066672180e-02 0.000000000000000000e+00
0.000000000000000000e+00 0.000000000000000000e+00 0.000000000000000000e+00 0.000000000000000000e+00 0.000000000000000000e+00 0.000000000000000000e+00 2.901916945066662992e-02 5.147144383146664559e-01 4.419136150186668832e-01 1.435277721600002228e-02 0.000000000000000000e+00
0.000000000000000000e+00 0.000000000000000000e+00 0.000000000000000000e+00 0.000000000000000000e+00 0.000000000000000000e+00 0.000000000000000000e+00 2.852312610133320853e-02 5.128208083626661917e-01 4.439890049706671782e-01 1.466706056533340595e-02 0.000000000000000000e+00
0.000000000000000000e+00 0.000000000000000000e+00 0.000000000000000000e+00 0.000000000000000000e+00 0.000000000000000000e+00 0.000000000000000000e+00 2.803276799999993713e-02 5.109203626666665166e-01 4.460609706666669450e-01 1.498589866666670545e-02 0.000000000000000000e+00
0.000000000000000000e+00 0.000000000000000000e+00 0.000000000000000000e+00 0.000000000000000000e+00 0.000000000000000000e+00 0.000000000000000000e+00 2.754806237866665522e-02 5.090131995306667045e-01 4.481294138026667428e-01 1.530932428800000321e-02 0.000000000000000000e+00
0.000000000000000000e+00 0.000000000000000000e+00 0.000000000000000000e+00 0.000000000000000000e+00 0.000000000000000000e+00 0.000000000000000000e+00 2.706897646933325435e-02 5.070994172586663629e-01 4.501942360746670202e-01 1.563737019733339381e-02 0.000000000000000000e+00
0.000000000000000000e+00 0.000000000000000000e+00 0.000000000000000000e+00 0.000000000000000000e+00 0.000000000000000000e+00 0.000000000000000000e+00 2.659547750399997301e-02 5.051791141546665420e-01 4.522553391786667820e-01 1.597006916266668908e-02 0.000000000000000000e+00
0.000000000000000000e+00 0.000000000000000000e+00 0.000000000000000000e+00 0.000000000000000000e+00 0.000000000000000000e+00 0.000000000000000000e+00 2.612753271466669233e-02 5.032523885226667382e-01 4.543126248106665876e-01 1.630745395199998532e-02 0.000000000000000000e+00
0.000000000000000000e+00 0.000000000000000000e+00 0.000000000000000000e+00 0.000000000000000000e+00 0.000000000000000000e+00 0.000000000000000000e+00 2.566510933333327263e-02 5.013193386666663365e-01 4.563659946666669409e-01 1.664955733333337712e-02 0.000000000000000000e+00
0.000000000000000000e+00 0.000000000000000000e+00 0.000000000000000000e+00 0.000000000000000000e+00 0.000000000000000000e+00 0.000000000000000000e+00 2.520817459199999055e-02 4.993800628906665540e-01 4.584153504426666803e-01 1.699641207466667456e-02 0.000000000000000000e+00
0.000000000000000000e+00 0.000000000000000000e+00 0.000000000000000000e+00 0.000000000000000000e+00 0.000000000000000000e+00 0.000000000000000000e+00 2.475669572266657806e-02 4.974346594986662762e-01 4.604605938346670313e-01 1.734805094400006589e-02 0.000000000000000000e+00
0.000000000000000000e+00 0.000000000000000000e+00 0.000000000000000000e+00 0.000000000000000000e+00 0.000000000000000000e+00 0.000000000000000000e+00 2.431063995733329444e-02 4.954832267946665536e-01 4.625016265386668324e-01 1.770450670933336121e-02 0.000000000000000000e+00
0.000000000000000000e+00 0.000000000000000000e+00 0.000000000000000000e+00 0.000000000000000000e+00 0.000000000000000000e+00 0.000000000000000000e+00 2.386997452800001043e-02 4.935258630826667714e-01 4.645383502506665874e-01 1.806581213866665162e-02 0.000000000000000000e+00
0.000000000000000000e+00 0.000000000000000000e+00 0.000000000000000000e+00 0.000000000000000000e+00 0.000000000000000000e+00 0.000000000000000000e+00 2.343466666666661063e-02 4.915626666666664812e-01 4.665706666666669111e-01 1.843200000000004904e-02 0.000000000000000000e+00
0.000000000000000000e+00 0.000000000000000000e+00 0.000000000000000000e+00 0.000000000000000000e+00 0.000000000000000000e+00 0.000000000000000000e+00 2.300468360533332660e-02 4.895937358506666781e-01 4.685984774826666976e-01 1.880310306133334275e-02 0.000000000000000000e+00
0.000000000000000000e+00 0.000000000000000000e+00 0.000000000000000000e+00 0.000000000000000000e+00 0.000000000000000000e+00 0.000000000000000000e+00 2.257999257599991802e-02 4.876191689386661920e-01 4.706216843946670059e-01 1.917915409066673835e-02 0.000000000000000000e+00
0.000000000000000000e+00 0.000000000000000000e+00 0.000000000000000000e+00 0.000000000000000000e+00 0.000000000000000000e+00 0.000000000000000000e+00 2.216056081066663033e-02 4.856390642346664621e-01 4.726401890986668408e-01 1.956018585600003204e-02 0.000000000000000000e+00
0.000000000000000000e+00 0.000000000000000000e+00 0.000000000000000000e+00 0.000000000000000000e+00 0.000000000000000000e+00 0.000000000000000000e+00 2.174635554133334814e-02 4.836535200426666514e-01 4.746538932906665953e-01 1.994623112533332188e-02 0.000000000000000000e+00
0.000000000000000000e+00 0.000000000000000000e+00 0.000000000000000000e+00 0.000000000000000000e+00 0.000000000000000000e+00 0.000000000000000000e+00 2.133734399999994216e-02 4.816626346666664227e-01 4.766626986666669397e-01 2.033732266666671978e-02 0.000000000000000000e+00
0.000000000000000000e+00 0.000000000000000000e+00 0.000000000000000000e+00 0.000000000000000000e+00 0.000000000000000000e+00 0.000000000000000000e+00 2.093349341866665089e-02 4.796665064106666598e-01 4.786665069226667124e-01 2.073349324800000809e-02 0.000000000000000000e+00
0.000000000000000000e+00 0.000000000000000000e+00 0.000000000000000000e+00 0.000000000000000000e+00 0.000000000000000000e+00 0.000000000000000000e+00 2.053477102933325832e-02 4.776652335786662484e-01 4.806652197546670835e-01 2.113477563733341322e-02 0.000000000000000000e+00
0.000000000000000000e+00 0.000000000000000000e+00 0.000000000000000000e+00 0.000000000000000000e+00 0.000000000000000000e+00 0.000000000000000000e+00 2.014114406399997170e-02 4.756589144746664610e-01 4.826587388586668359e-01 2.154120260266670014e-02 0.000000000000000000e+00
0.000000000000000000e+00 0.000000000000000000e+00 0.000000000000000000e+00 0.000000000000000000e+00 0.000000000000000000e+00 0.000000000000000000e+00 1.975257975466668259e-02 4.736476474026667383e-01 4.846469659306665845e-01 2.195280691199998774e-02 0.000000000000000000e+00
0.000000000000000000e+00 0.000000000000000000e+00 0.000000000000000000e+00 0.000000000000000000e+00 0.000000000000000000e+00 0.000000000000000000e+00 1.936904533333327905e-02 4.716315306666664098e-01 4.866298026666668886e-01 2.236962133333339486e-02 0.000000000000000000e+00
0.000000000000000000e+00 0.000000000000000000e+00 0.000000000000000000e+00 0.000000000000000000e+00 0.000000000000000000e+00 0.000000000000000000e+00 1.899050803199998916e-02 4.696106625706666371e-01 4.886071507626666977e-01 2.279167863466668303e-02 0.000000000000000000e+00
0.000000000000000000e+00 0.000000000000000000e+00 0.000000000000000000e+00 0.000000000000000000e+00 0.000000000000000000e+00 0.000000000000000000e+00 1.861693508266658650e-02 4.675851414186662502e-01 4.905789119146670707e-01 2.321901158400008561e-02 0.000000000000000000e+00
0.000000000000000000e+00 0.000000000000000000e+00 0.000000000000000000e+00 0.000000000000000000e+00 0.000000000000000000e+00 0.000000000000000000e+00 1.824829371733329569e-02 4.655550655146665218e-01 4.925449878186668462e-01 2.365165294933337103e-02 0.000000000000000000e+00
0.000000000000000000e+00 0.000000000000000000e+00 0.000000000000000000e+00 0.000000000000000000e+00 0.000000000000000000e+00 0.000000000000000000e+00 1.788455116800000133e-02 4.635205331626666703e-01 4.945052801706666390e-01 2.408963549866665818e-02 0.000000000000000000e+00
0.000000000000000000e+00 0.000000000000000000e+00 0.000000000000000000e+00 0.000000000000000000e+00 0.000000000000000000e+00 0.000000000000000000e+00 1.752567466666661924e-02 4.614816426666663585e-01 4.964596906666669529e-01 2.453299200000006244e-02 0.000000000000000000e+00
0.000000000000000000e+00 0.000000000000000000e+00 0.000000000000000000e+00 0.000000000000000000e+00 0.000000000000000000e+00 0.000000000000000000e+00 1.717163144533332547e-02 4.594384923306665813e-01 4.984081210026667930e-01 2.498175522133334880e-02 0.000000000000000000e+00
0.000000000000000000e+00 0.000000000000000000e+00 0.000000000000000000e+00 0.000000000000000000e+00 0.000000000000000000e+00 0.000000000000000000e+00 1.682238873599992829e-02 4.573911804586662799e-01 5.003504728746669405e-01 2.543595793066675756e-02 0.000000000000000000e+00
0.000000000000000000e+00 0.000000000000000000e+00 0.000000000000000000e+00 0.000000000000000000e+00 0.000000000000000000e+00 0.000000000000000000e+00 1.647791377066663496e-02 4.553398053546665047e-01 5.022866479786667337e-01 2.589563289600004675e-02 0.000000000000000000e+00
0.000000000000000000e+00 0.000000000000000000e+00 0.000000000000000000e+00 0.000000000000000000e+00 0.000000000000000000e+00 0.000000000000000000e+00 1.613817378133334049e-02 4.532844653226667520e-01 5.042165480106666209e-01 2.636081288533332831e-02 0.000000000000000000e+00
0.000000000000000000e+00 0.000000000000000000e+00 0.000000000000000000e+00 0.000000000000000000e+00 0.000000000000000000e+00 0.000000000000000000e+00 1.580313599999994684e-02 4.512252586666663512e-01 5.061400746666669948e-01 2.683153066666673844e-02 0.000000000000000000e+00
0.000000000000000000e+00 0.000000000000000000e+00 0.000000000000000000e+00 0.000000000000000000e+00 0.000000000000000000e+00 0.000000000000000000e+00 1.547276765866664912e-02 4.491622836906666305e-01 5.080571296426668049e-01 2.730781900800002132e-02 0.000000000000000000e+00
0.000000000000000000e+00 0.000000000000000000e+00 0.000000000000000000e+00 0.000000000000000000e+00 0.000000000000000000e+00 0.000000000000000000e+00 1.514703598933326949e-02 4.470956386986661979e-01 5.099676146346671102e-01 2.778971067733343459e-02 0.000000000000000000e+00
0.000000000000000000e+00 0.000000000000000000e+00 0.000000000000000000e+00 0.000000000000000000e+00 0.000000000000000000e+00 0.000000000000000000e+00 1.482590822399997184e-02 4.450254219946664369e-01 5.118714313386668602e-01 2.827723844266671546e-02 0.000000000000000000e+00
0.000000000000000000e+00 0.000000000000000000e+00 0.000000000000000000e+00 0.000000000000000000e+00 0.000000000000000000e+00 0.000000000000000000e+00 1.450935159466667373e-02 4.429517318826666217e-01 5.137684814506666697e-01 2.877043507199999323e-02 0.000000000000000000e+00
0.000000000000000000e+00 0.000000000000000000e+00 0.000000000000000000e+00 0.000000000000000000e+00 0.000000000000000000e+00 0.000000000000000000e+00 1.419733333333328407e-02 4.408746666666663594e-01 5.156586666666669316e-01 2.926933333333341103e-02 0.000000000000000000e+00
0.000000000000000000e+00 0.000000000000000000e+00 0.000000000000000000e+00 0.000000000000000000e+00 0.000000000000000000e+00 0.000000000000000000e+00 1.388982067199998581e-02 4.387943246506665895e-01 5.175418886826667064e-01 2.977396599466669222e-02 0.000000000000000000e+00
0.000000000000000000e+00 0.000000000000000000e+00 0.000000000000000000e+00 0.000000000000000000e+00 0.000000000000000000e+00 0.000000000000000000e+00 1.358678084266659938e-02 4.367108041386661976e-01 5.194180491946670530e-01 3.028436582400010485e-02 0.000000000000000000e+00
0.000000000000000000e+00 0.000000000000000000e+00 0.000000000000000000e+00 0.000000000000000000e+00 0.000000000000000000e+00 0.000000000000000000e+00 1.328818107733329909e-02 4.346242034346664562e-01 5.212870498986668100e-01 3.080056558933338615e-02 0.000000000000000000e+00
0.000000000000000000e+00 0.000000000000000000e+00 0.000000000000000000e+00 0.000000000000000000e+00 0.000000000000000000e+00 0.000000000000000000e+00 1.299398860799999902e-02 4.325346208426666950e-01 5.231487924906667031e-01 3.132259805866666191e-02 0.000000000000000000e+00
0.000000000000000000e+00 0.000000000000000000e+00 0.000000000000000000e+00 0.000000000000000000e+00 0.000000000000000000e+00 0.000000000000000000e+00 1.270417066666662542e-02 4.304421546666662990e-01 5.250031786666669031e-01 3.185049600000008224e-02 0.000000000000000000e+00
0.000000000000000000e+00 0.000000000000000000e+00 0.000000000000000000e+00 0.000000000000000000e+00 0.000000000000000000e+00 0.000000000000000000e+00 1.241869448533332310e-02 4.283469032106665408e-01 5.268501101226668037e-01 3.238429218133336007e-02 0.000000000000000000e+00
0.000000000000000000e+00 0.000000000000000000e+00 0.000000000000000000e+00 0.000000000000000000e+00 0.000000000000000000e+00 0.000000000000000000e+00 1.213752729599994022e-02 4.262489647786662506e-01 5.286894885546670197e-01 3.292401937066678080e-02 0.000000000000000000e+00
0.000000000000000000e+00 0.000000000000000000e+00 0.000000000000000000e+00 0.000000000000000000e+00 0.000000000000000000e+00 0.000000000000000000e+00 1.186063633066663722e-02 4.241484376746664786e-01 5.305212156586668337e-01 3.346971033600006085e-02 0.000000000000000000e+00
0.000000000000000000e+00 0.000000000000000000e+00 0.000000000000000000e+00 0.000000000000000000e+00 0.000000000000000000e+00 0.000000000000000000e+00 1.158798882133333340e-02 4.220454202026667212e-01 5.323451931306666385e-01 3.402139784533333294e-02 0.000000000000000000e+00
0.000000000000000000e+00 0.000000000000000000e+00 0.000000000000000000e+00 0.000000000000000000e+00 0.000000000000000000e+00 0.000000000000000000e+00 1.131955199999995325e-02 4.199400106666663079e-01 5.341613226666669378e-01 3.457911466666675759e-02 0.000000000000000000e+00
0.000000000000000000e+00 0.000000000000000000e+00 0.000000000000000000e+00 0.000000000000000000e+00 0.000000000000000000e+00 0.000000000000000000e+00 1.105529309866664853e-02 4.178323073706665669e-01 5.359695059626667923e-01 3.514289356800003039e-02 0.000000000000000000e+00
0.000000000000000000e+00 0.000000000000000000e+00 0.000000000000000000e+00 0.000000000000000000e+00 0.000000000000000000e+00 0.000000000000000000e+00 1.079517934933327955e-02 4.157224086186661616e-01 5.377696447146671499e-01 3.571276731733345755e-02 0.000000000000000000e+00
0.000000000000000000e+00 0.000000000000000000e+00 0.000000000000000000e+00 0.000000000000000000e+00 0.000000000000000000e+00 0.000000000000000000e+00 1.053917798399997378e-02 4.136104127146663645e-01 5.395616406186669600e-01 3.628876868266673467e-02 0.000000000000000000e+00
0.000000000000000000e+00 0.000000000000000000e+00 0.000000000000000000e+00 0.000000000000000000e+00 0.000000000000000000e+00 0.000000000000000000e+00 1.028725623466666961e-02 4.114964179626666163e-01 5.413453953706666155e-01 3.687093043200000142e-02 0.000000000000000000e+00
0.000000000000000000e+00 0.000000000000000000e+00 0.000000000000000000e+00 0.000000000000000000e+00 0.000000000000000000e+00 0.000000000000000000e+00 1.003938133333329152e-02 4.093805226666663577e-01 5.431208106666669533e-01 3.745928533333343219e-02 0.000000000000000000e+00
0.000000000000000000e+00 0.000000000000000000e+00 0.000000000000000000e+00 0.000000000000000000e+00 0.000000000000000000e+00 0.000000000000000000e+00 9.795520511999986080e-03 4.072628251306665836e-01 5.448877882026667008e-01 3.805386615466670869e-02 0.000000000000000000e+00
0.000000000000000000e+00 0.000000000000000000e+00 0.000000000000000000e+00 0.000000000000000000e+00 0.000000000000000000e+00 0.000000000000000000e+00 9.555641002666610123e-03 4.051434236586661797e-01 5.466462296746670280e-01 3.865470566400013713e-02 0.000000000000000000e+00
0.000000000000000000e+00 0.000000000000000000e+00 0.000000000000000000e+00 0.000000000000000000e+00 0.000000000000000000e+00 0.000000000000000000e+00 9.319710037333303262e-03 4.030224165546663628e-01 5.483960367786668844e-01 3.926183662933339924e-02 0.000000000000000000e+00
0.000000000000000000e+00 0.000000000000000000e+00 0.000000000000000000e+00 0.000000000000000000e+00 0.000000000000000000e+00 0.000000000000000000e+00 9.087694847999996939e-03 4.008999021226666848e-01 5.501371112106666628e-01 3.987529181866666939e-02 0.000000000000000000e+00
0.000000000000000000e+00 0.000000000000000000e+00 0.000000000000000000e+00 0.000000000000000000e+00 0.000000000000000000e+00 0.000000000000000000e+00 8.859562666666629532e-03 3.987759786666662531e-01 5.518693546666669780e-01 4.049510400000010807e-02 0.000000000000000000e+00
0.000000000000000000e+00 0.000000000000000000e+00 0.000000000000000000e+00 0.000000000000000000e+00 0.000000000000000000e+00 0.000000000000000000e+00 8.635280725333321569e-03 3.966507444906665070e-01 5.535926688426667797e-01 4.112130594133337619e-02 0.000000000000000000e+00
0.000000000000000000e+00 0.000000000000000000e+00 0.000000000000000000e+00 0.000000000000000000e+00 0.000000000000000000e+00 0.000000000000000000e+00 8.414816255999948980e-03 3.945242978986662208e-01 5.553069554346670156e-01 4.175393041066681465e-02 0.000000000000000000e+00
0.000000000000000000e+00 0.000000000000000000e+00 0.000000000000000000e+00 0.000000000000000000e+00 0.000000000000000000e+00 0.000000000000000000e+00 8.198136490666640963e-03 3.923967371946664451e-01 5.570121161386667463e-01 4.239301017600007743e-02 0.000000000000000000e+00
0.000000000000000000e+00 0.000000000000000000e+00 0.000000000000000000e+00 0.000000000000000000e+00 0.000000000000000000e+00 0.000000000000000000e+00 7.985208661333332431e-03 3.902681606826666760e-01 5.587080526506666978e-01 4.303857800533333888e-02 0.000000000000000000e+00
0.000000000000000000e+00 0.000000000000000000e+00 0.000000000000000000e+00 0.000000000000000000e+00 0.000000000000000000e+00 0.000000000000000000e+00 7.775999999999961762e-03 3.881386666666662988e-01 5.603946666666670406e-01 4.369066666666678034e-02 0.000000000000000000e+00
0.000000000000000000e+00 0.000000000000000000e+00 0.000000000000000000e+00 0.000000000000000000e+00 0.000000000000000000e+00 0.000000000000000000e+00 7.570477738666650351e-03 3.860083534506665304e-01 5.620718598826668355e-01 4.434930892800004187e-02 0.000000000000000000e+00
0.000000000000000000e+00 0.000000000000000000e+00 0.000000000000000000e+00 0.000000000000000000e+00 0.000000000000000000e+00 0.000000000000000000e+00 7.368609109333288873e-03 3.838773193386662008e-01 5.637395339946671413e-01 4.501453755733349216e-02 0.000000000000000000e+00
0.000000000000000000e+00 0.000000000000000000e+00 0.000000000000000000e+00 0.000000000000000000e+00 0.000000000000000000e+00 0.000000000000000000e+00 7.170361343999977904e-03 3.817456626346664161e-01 5.653975906986669075e-01 4.568638532266675045e-02 0.000000000000000000e+00
0.000000000000000000e+00 0.000000000000000000e+00 0.000000000000000000e+00 0.000000000000000000e+00 0.000000000000000000e+00 0.000000000000000000e+00 6.975701674666665367e-03 3.796134816426666170e-01 5.670459316906667491e-01 4.636488499200001195e-02 0.000000000000000000e+00
0.000000000000000000e+00 0.000000000000000000e+00 0.000000000000000000e+00 0.000000000000000000e+00 0.000000000000000000e+00 0.000000000000000000e+00 6.784597333333298314e-03 3.774808746666663550e-01 5.686844586666669477e-01 4.705006933333346492e-02 0.000000000000000000e+00
0.000000000000000000e+00 0.000000000000000000e+00 0.000000000000000000e+00 0.000000000000000000e+00 0.000000000000000000e+00 0.000000000000000000e+00 6.597015551999986863e-03 3.753479400106665143e-01 5.703130733226667859e-01 4.774197111466672167e-02 0.000000000000000000e+00
0.000000000000000000e+00 0.000000000000000000e+00 0.000000000000000000e+00 0.000000000000000000e+00 0.000000000000000000e+00 0.000000000000000000e+00 6.412923562666673731e-03 3.732147759786668129e-01 5.719316773546665456e-01 4.844062310399997739e-02 0.000000000000000000e+00
0.000000000000000000e+00 0.000000000000000000e+00 0.000000000000000000e+00 0.000000000000000000e+00 0.000000000000000000e+00 0.000000000000000000e+00 6.232288597333307707e-03 3.710814808746663584e-01 5.735401724586668415e-01 4.914605806933342036e-02 0.000000000000000000e+00
0.000000000000000000e+00 0.000000000000000000e+00 0.000000000000000000e+00 0.000000000000000000e+00 0.000000000000000000e+00 0.000000000000000000e+00 6.055077887999994572e-03 3.689481530026666456e-01 5.751384603306667342e-01 4.985830877866667676e-02 0.000000000000000000e+00
0.000000000000000000e+00 0.000000000000000000e+00 0.000000000000000000e+00 0.000000000000000000e+00 0.000000000000000000e+00 0.000000000000000000e+00 5.881258666666636277e-03 3.668148906666662823e-01 5.767264426666669497e-01 5.057740800000013609e-02 0.000000000000000000e+00
0.000000000000000000e+00 0.000000000000000000e+00 0.000000000000000000e+00 0.000000000000000000e+00 0.000000000000000000e+00 0.000000000000000000e+00 5.710798165333322990e-03 3.646817921706664856e-01 5.783040211626667704e-01 5.130338850133338985e-02 0.000000000000000000e+00
0.000000000000000000e+00 0.000000000000000000e+00 0.000000000000000000e+00 0.000000000000000000e+00 0.000000000000000000e+00 0.000000000000000000e+00 5.543663616000007836e-03 3.625489558186666961e-01 5.798710975146665891e-01 5.203628305066664017e-02 0.000000000000000000e+00
0.000000000000000000e+00 0.000000000000000000e+00 0.000000000000000000e+00 0.000000000000000000e+00 0.000000000000000000e+00 0.000000000000000000e+00 5.379822250666644809e-03 3.604164799146664100e-01 5.814275734186669098e-01 5.277612441600010307e-02 0.000000000000000000e+00
0.000000000000000000e+00 0.000000000000000000e+00 0.000000000000000000e+00 0.000000000000000000e+00 0.000000000000000000e+00 0.000000000000000000e+00 5.219241301333329280e-03 3.582844627626666223e-01 5.829733505706666818e-01 5.352294536533334923e-02 0.000000000000000000e+00
0.000000000000000000e+00 0.000000000000000000e+00 0.000000000000000000e+00 0.000000000000000000e+00 0.000000000000000000e+00 0.000000000000000000e+00 5.061887999999968406e-03 3.561530026666662740e-01 5.845083306666669642e-01 5.427677866666680978e-02 0.000000000000000000e+00
0.000000000000000000e+00 0.000000000000000000e+00 0.000000000000000000e+00 0.000000000000000000e+00 0.000000000000000000e+00 0.000000000000000000e+00 4.907729578666652354e-03 3.540221979306665268e-01 5.860324154026668175e-01 5.503765708800006234e-02 0.000000000000000000e+00
0.000000000000000000e+00 0.000000000000000000e+00 0.000000000000000000e+00 0.000000000000000000e+00 0.000000000000000000e+00 0.000000000000000000e+00 4.756733269333335984e-03 3.518921468586667101e-01 5.875455064746666345e-01 5.580561339733330906e-02 0.000000000000000000e+00
0.000000000000000000e+00 0.000000000000000000e+00 0.000000000000000000e+00 0.000000000000000000e+00 0.000000000000000000e+00 0.000000000000000000e+00 4.608866303999981963e-03 3.497629477546663201e-01 5.890475055786669190e-01 5.658068036266677286e-02 0.000000000000000000e+00
0.000000000000000000e+00 0.000000000000000000e+00 0.000000000000000000e+00 0.000000000000000000e+00 0.000000000000000000e+00 0.000000000000000000e+00 4.464095914666663979e-03 3.476346989226665740e-01 5.905383144106667315e-01 5.736289075200001752e-02 0.000000000000000000e+00
0.000000000000000000e+00 0.000000000000000000e+00 0.000000000000000000e+00 0.000000000000000000e+00 0.000000000000000000e+00 0.000000000000000000e+00 4.322389333333305668e-03 3.455074986666663017e-01 5.920178346666669089e-01 5.815227733333349497e-02 0.000000000000000000e+00
0.000000000000000000e+00 0.000000000000000000e+00 0.000000000000000000e+00 0.000000000000000000e+00 0.000000000000000000e+00 0.000000000000000000e+00 4.183713791999988524e-03 3.433814452906664982e-01 5.934859680426667339e-01 5.894887287466674120e-02 0.000000000000000000e+00
0.000000000000000000e+00 0.000000000000000000e+00 0.000000000000000000e+00 0.000000000000000000e+00 0.000000000000000000e+00 0.000000000000000000e+00 4.048036522666670009e-03 3.412566370986667708e-01 5.949426162346665992e-01 5.975271014399998609e-02 0.000000000000000000e+00
0.000000000000000000e+00 0.000000000000000000e+00 0.000000000000000000e+00 0.000000000000000000e+00 0.000000000000000000e+00 0.000000000000000000e+00 3.915324757333313657e-03 3.391331723946663934e-01 5.963876809386668976e-01 6.056382190933344567e-02 0.000000000000000000e+00
0.000000000000000000e+00 0.000000000000000000e+00 0.000000000000000000e+00 0.000000000000000000e+00 0.000000000000000000e+00 0.000000000000000000e+00 3.785545727999994024e-03 3.370111494826665832e-01 5.978210638506666896e-01 6.138224093866669756e-02 0.000000000000000000e+00
0.000000000000000000e+00 0.000000000000000000e+00 0.000000000000000000e+00 0.000000000000000000e+00 0.000000000000000000e+00 0.000000000000000000e+00 3.658666666666642985e-03 3.348906666666662257e-01 5.992426666666669233e-01 6.220800000000017288e-02 0.000000000000000000e+00
0.000000000000000000e+00 0.000000000000000000e+00 0.000000000000000000e+00 0.000000000000000000e+00 0.000000000000000000e+00 0.000000000000000000e+00 3.534654805333323387e-03 3.327718222506664270e-01 6.006523910826668811e-01 6.304113186133340763e-02 0.000000000000000000e+00
0.000000000000000000e+00 0.000000000000000000e+00 0.000000000000000000e+00 0.000000000000000000e+00 0.000000000000000000e+00 0.000000000000000000e+00 3.413477376000003966e-03 3.306547145386666831e-01 6.020501387946666227e-01 6.388166929066665944e-02 0.000000000000000000e+00
0.000000000000000000e+00 0.000000000000000000e+00 0.000000000000000000e+00 0.000000000000000000e+00 0.000000000000000000e+00 0.000000000000000000e+00 3.295101610666649559e-03 3.285394418346663792e-01 6.034358114986668742e-01 6.472964505600012353e-02 0.000000000000000000e+00
0.000000000000000000e+00 0.000000000000000000e+00 0.000000000000000000e+00 0.000000000000000000e+00 0.000000000000000000e+00 0.000000000000000000e+00 3.179494741333329082e-03 3.264261024426666213e-01 6.048093108906666959e-01 6.558509192533337750e-02 0.000000000000000000e+00
0.000000000000000000e+00 0.000000000000000000e+00 0.000000000000000000e+00 0.000000000000000000e+00 0.000000000000000000e+00 0.000000000000000000e+00 3.066623999999976147e-03 3.243147946666662396e-01 6.061705386666669249e-01 6.644804266666684556e-02 0.000000000000000000e+00
0.000000000000000000e+00 0.000000000000000000e+00 0.000000000000000000e+00 0.000000000000000000e+00 0.000000000000000000e+00 0.000000000000000000e+00 2.956456618666654899e-03 3.222056168106664509e-01 6.075193965226668436e-01 6.731853004800007756e-02 0.000000000000000000e+00
0.000000000000000000e+00 0.000000000000000000e+00 0.000000000000000000e+00 0.000000000000000000e+00 0.000000000000000000e+00 0.000000000000000000e+00 2.848959829333334078e-03 3.200986671786666959e-01 6.088557861546666228e-01 6.819658683733331728e-02 0.000000000000000000e+00
0.000000000000000000e+00 0.000000000000000000e+00 0.000000000000000000e+00 0.000000000000000000e+00 0.000000000000000000e+00 0.000000000000000000e+00 2.744100863999985457e-03 3.179940440746663044e-01 6.101796092586668774e-01 6.908224580266680848e-02 0.000000000000000000e+00
0.000000000000000000e+00 0.000000000000000000e+00 0.000000000000000000e+00 0.000000000000000000e+00 0.000000000000000000e+00 0.000000000000000000e+00 2.641846954666664075e-03 3.158918458026665488e-01 6.114907675306666679e-01 6.997553971200004552e-02 0.000000000000000000e+00
0.000000000000000000e+00 0.000000000000000000e+00 0.000000000000000000e+00 0.000000000000000000e+00 0.000000000000000000e+00 0.000000000000000000e+00 2.542165333333312651e-03 3.137921706666662591e-01 6.127891626666669422e-01 7.087650133333352198e-02 0.000000000000000000e+00
0.000000000000000000e+00 0.000000000000000000e+00 0.000000000000000000e+00 0.000000000000000000e+00 0.000000000000000000e+00 0.000000000000000000e+00 2.445023231999990561e-03 3.116951169706664859e-01 6.140746963626668720e-01 7.178516343466674610e-02 0.000000000000000000e+00
0.000000000000000000e+00 0.000000000000000000e+00 0.000000000000000000e+00 0.000000000000000000e+00 0.000000000000000000e+00 0.000000000000000000e+00 2.350387882666667844e-03 3.096007830186667253e-01 6.153472703146666278e-01 7.270155878399998939e-02 0.000000000000000000e+00
0.000000000000000000e+00 0.000000000000000000e+00 0.000000000000000000e+00 0.000000000000000000e+00 0.000000000000000000e+00 0.000000000000000000e+00 2.258226517333318008e-03 3.075092671146663625e-01 6.166067862186668247e-01 7.362572014933348175e-02 0.000000000000000000e+00
0.000000000000000000e+00 0.000000000000000000e+00 0.000000000000000000e+00 0.000000000000000000e+00 0.000000000000000000e+00 0.000000000000000000e+00 2.168506367999994792e-03 3.054206675626665590e-01 6.178531457706666341e-01 7.455768029866671753e-02 0.000000000000000000e+00
0.000000000000000000e+00 0.000000000000000000e+00 0.000000000000000000e+00 0.000000000000000000e+00 0.000000000000000000e+00 0.000000000000000000e+00 2.081194666666649155e-03 3.033350826666662003e-01 6.190862506666670040e-01 7.549747200000019032e-02 0.000000000000000000e+00
0.000000000000000000e+00 0.000000000000000000e+00 0.000000000000000000e+00 0.000000000000000000e+00 0.000000000000000000e+00 0.000000000000000000e+00 1.996258645333325726e-03 3.012526107306664480e-01 6.203060026026667728e-01 7.644512802133343610e-02 0.000000000000000000e+00
0.000000000000000000e+00 0.000000000000000000e+00 0.000000000000000000e+00 0.000000000000000000e+00 0.000000000000000000e+00 0.000000000000000000e+00 1.913665536000001485e-03 2.991733500586666317e-01 6.215123032746666665e-01 7.740068113066667088e-02 0.000000000000000000e+00
0.000000000000000000e+00 0.000000000000000000e+00 0.000000000000000000e+00 0.000000000000000000e+00 0.000000000000000000e+00 0.000000000000000000e+00 1.833382570666654060e-03 2.970973989546663585e-01 6.227050543786668557e-01 7.836416409600015232e-02 0.000000000000000000e+00
0.000000000000000000e+00 0.000000000000000000e+00 0.000000000000000000e+00 0.000000000000000000e+00 0.000000000000000000e+00 0.000000000000000000e+00 1.755376981333329383e-03 2.950248557226665680e-01 6.238841576106666231e-01 7.933560968533338864e-02 0.000000000000000000e+00
0.000000000000000000e+00 0.000000000000000000e+00 0.000000000000000000e+00 0.000000000000000000e+00 0.000000000000000000e+00 0.000000000000000000e+00 1.679615999999982748e-03 2.929558186666662012e-01 6.250495146666669166e-01 8.031505066666688730e-02 0.000000000000000000e+00
0.000000000000000000e+00 0.000000000000000000e+00 0.000000000000000000e+00 0.000000000000000000e+00 0.000000000000000000e+00 0.000000000000000000e+00 1.606066858666657920e-03 2.908903860906664751e-01 6.262010272426667967e-01 8.130251980800011491e-02 0.000000000000000000e+00
0.000000000000000000e+00 0.000000000000000000e+00 0.000000000000000000e+00 0.000000000000000000e+00 0.000000000000000000e+00 0.000000000000000000e+00 1.534696789333332744e-03 2.888286562986666639e-01 6.273385970346666562e-01 8.229804987733332911e-02 0.000000000000000000e+00
0.000000000000000000e+00 0.000000000000000000e+00 0.000000000000000000e+00 0.000000000000000000e+00 0.000000000000000000e+00 0.000000000000000000e+00 1.465473023999989619e-03 2.867707275946662637e-01 6.284621257386668880e-01 8.330167364266682917e-02 0.000000000000000000e+00
0.000000000000000000e+00 0.000000000000000000e+00 0.000000000000000000e+00 0.000000000000000000e+00 0.000000000000000000e+00 0.000000000000000000e+00 1.398362794666663852e-03 2.847166982826665471e-01 6.295715150506667745e-01 8.431342387200005395e-02 0.000000000000000000e+00
0.000000000000000000e+00 0.000000000000000000e+00 0.000000000000000000e+00 0.000000000000000000e+00 0.000000000000000000e+00 0.000000000000000000e+00 1.333333333333319194e-03 2.826666666666662331e-01 6.306666666666669308e-01 8.533333333333355253e-02 0.000000000000000000e+00
0.000000000000000000e+00 0.000000000000000000e+00 0.000000000000000000e+00 0.000000000000000000e+00 0.000000000000000000e+00 0.000000000000000000e+00 1.270351871999993122e-03 2.806207310506664832e-01 6.317474822826667502e-01 8.636143479466676376e-02 0.000000000000000000e+00
0.000000000000000000e+00 0.000000000000000000e+00 0.000000000000000000e+00 0.000000000000000000e+00 0.000000000000000000e+00 0.000000000000000000e+00 1.209385642666666733e-03 2.785789897386666825e-01 6.328138635946667367e-01 8.739776102400000080e-02 0.000000000000000000e+00
0.000000000000000000e+00 0.000000000000000000e+00 0.000000000000000000e+00 0.000000000000000000e+00 0.000000000000000000e+00 0.000000000000000000e+00 1.150401877333322642e-03 2.765415410346663827e-01 6.338657122986668391e-01 8.844234478933350740e-02 0.000000000000000000e+00
0.000000000000000000e+00 0.000000000000000000e+00 0.000000000000000000e+00 0.000000000000000000e+00 0.000000000000000000e+00 0.000000000000000000e+00 1.093367807999996158e-03 2.745084832426665233e-01 6.349029300906666728e-01 8.949521885866673632e-02 0.000000000000000000e+00
0.000000000000000000e+00 0.000000000000000000e+00 0.000000000000000000e+00 0.000000000000000000e+00 0.000000000000000000e+00 0.000000000000000000e+00 1.038250666666654934e-03 2.724799146666661565e-01 6.359254186666669639e-01 9.055641600000025049e-02 0.000000000000000000e+00
0.000000000000000000e+00 0.000000000000000000e+00 0.000000000000000000e+00 0.000000000000000000e+00 0.000000000000000000e+00 0.000000000000000000e+00 9.850176853333277721e-04 2.704559336106663880e-01 6.369330797226668839e-01 9.162596898133344714e-02 0.000000000000000000e+00
0.000000000000000000e+00 0.000000000000000000e+00 0.000000000000000000e+00 0.000000000000000000e+00 0.000000000000000000e+00 0.000000000000000000e+00 9.336360960000003248e-04 2.684366383786666033e-01 6.379258149546667145e-01 9.270391057066666718e-02 0.000000000000000000e+00
0.000000000000000000e+00 0.000000000000000000e+00 0.000000000000000000e+00 0.000000000000000000e+00 0.000000000000000000e+00 0.000000000000000000e+00 8.840731306666581345e-04 2.664221272746663538e-01 6.389035260586668485e-01 9.379027353600018213e-02 0.000000000000000000e+00
0.000000000000000000e+00 0.000000000000000000e+00 0.000000000000000000e+00 0.000000000000000000e+00 0.000000000000000000e+00 0.000000000000000000e+00 8.362960213333303292e-04 2.644124986026665791e-01 6.398661147306666797e-01 9.488509064533338921e-02 0.000000000000000000e+00
0.000000000000000000e+00 0.000000000000000000e+00 0.000000000000000000e+00 0.000000000000000000e+00 0.000000000000000000e+00 0.000000000000000000e+00 7.902719999999891160e-04 2.624078506666661648e-01 6.408134826666668227e-01 9.598839466666693465e-02 0.000000000000000000e+00
0.000000000000000000e+00 0.000000000000000000e+00 0.000000000000000000e+00 0.000000000000000000e+00 0.000000000000000000e+00 0.000000000000000000e+00 7.459682986666609124e-04 2.604082817706664388e-01 6.417455315626667822e-01 9.710021836800014627e-02 0.000000000000000000e+00
0.000000000000000000e+00 0.000000000000000000e+00 0.000000000000000000e+00 0.000000000000000000e+00 0.000000000000000000e+00 0.000000000000000000e+00 7.033521493333323455e-04 2.584138902186666198e-01 6.426621631146666180e-01 9.822059451733335111e-02 0.000000000000000000e+00
0.000000000000000000e+00 0.000000000000000000e+00 0.000000000000000000e+00 0.000000000000000000e+00 0.000000000000000000e+00 0.000000000000000000e+00 6.623907839999934035e-04 2.564247743146662595e-01 6.435632790186668339e-01 9.934955588266687621e-02 0.000000000000000000e+00
0.000000000000000000e+00 0.000000000000000000e+00 0.000000000000000000e+00 0.000000000000000000e+00 0.000000000000000000e+00 0.000000000000000000e+00 6.230514346666644323e-04 2.544410323626665194e-01 6.444487809706667125e-01 1.004871352320000771e-01 0.000000000000000000e+00
0.000000000000000000e+00 0.000000000000000000e+00 0.000000000000000000e+00 0.000000000000000000e+00 0.000000000000000000e+00 0.000000000000000000e+00 5.853013333333245780e-04 2.524627626666662294e-01 6.453185706666668686e-01 1.016333653333336001e-01 0.000000000000000000e+00
0.000000000000000000e+00 0.000000000000000000e+00 0.000000000000000000e+00 0.000000000000000000e+00 0.000000000000000000e+00 0.000000000000000000e+00 5.491077119999955959e-04 2.504900635306664958e-01 6.461725498026666958e-01 1.027882789546668008e-01 0.000000000000000000e+00
0.000000000000000000e+00 0.000000000000000000e+00 0.000000000000000000e+00 0.000000000000000000e+00 0.000000000000000000e+00 0.000000000000000000e+00 5.144378026666661732e-04 2.485230332586666757e-01 6.470106200746665870e-01 1.039519088640000061e-01 0.000000000000000000e+00
0.000000000000000000e+00 0.000000000000000000e+00 0.000000000000000000e+00 0.000000000000000000e+00 0.000000000000000000e+00 0.000000000000000000e+00 4.812588373333270028e-04 2.465617701546663210e-01 6.478326831786667128e-01 1.051242878293335570e-01 0.000000000000000000e+00
0.000000000000000000e+00 0.000000000000000000e+00 0.000000000000000000e+00 0.000000000000000000e+00 0.000000000000000000e+00 0.000000000000000000e+00 4.495380479999974005e-04 2.446063725226665375e-01 6.486386408106668000e-01 1.063054486186667674e-01 0.000000000000000000e+00
0.000000000000000000e+00 0.000000000000000000e+00 0.000000000000000000e+00 0.000000000000000000e+00 0.000000000000000000e+00 0.000000000000000000e+00 4.192426666666598735e-04 2.426569386666661554e-01 6.494283946666667973e-01 1.074954240000002975e-01 0.000000000000000000e+00
0.000000000000000000e+00 0.000000000000000000e+00 0.000000000000000000e+00 0.000000000000000000e+00 0.000000000000000000e+00 0.000000000000000000e+00 3.903399253333299972e-04 2.407135668906664194e-01 6.502018464426668753e-01 1.086942467413334890e-01 0.000000000000000000e+00
0.000000000000000000e+00 0.000000000000000000e+00 0.000000000000000000e+00 0.000000000000000000e+00 0.000000000000000000e+00 0.000000000000000000e+00 3.627970559999997655e-04 2.387763554986666314e-01 6.509588978346667609e-01 1.099019496106666827e-01 0.000000000000000000e+00
0.000000000000000000e+00 0.000000000000000000e+00 0.000000000000000000e+00 0.000000000000000000e+00 0.000000000000000000e+00 0.000000000000000000e+00 3.365812906666618772e-04 2.368454027946663154e-01 6.516994505386668468e-01 1.111185653760002195e-01 0.000000000000000000e+00
0.000000000000000000e+00 0.000000000000000000e+00 0.000000000000000000e+00 0.000000000000000000e+00 0.000000000000000000e+00 0.000000000000000000e+00 3.116598613333314738e-04 2.349208070826665773e-01 6.524234062506667486e-01 1.123441268053334136e-01 0.000000000000000000e+00
0.000000000000000000e+00 0.000000000000000000e+00 0.000000000000000000e+00 0.000000000000000000e+00 0.000000000000000000e+00 0.000000000000000000e+00 2.880000000000007662e-04 2.330026666666667190e-01 6.531306666666666372e-01 1.135786666666666195e-01 0.000000000000000000e+00
0.000000000000000000e+00 0.000000000000000000e+00 0.000000000000000000e+00 0.000000000000000000e+00 0.000000000000000000e+00 0.000000000000000000e+00 2.655689386666634831e-04 2.310910798506664032e-01 6.538211334826666832e-01 1.148222177280001782e-01 0.000000000000000000e+00
0.000000000000000000e+00 0.000000000000000000e+00 0.000000000000000000e+00 0.000000000000000000e+00 0.000000000000000000e+00 0.000000000000000000e+00 2.443339093333325978e-04 2.291861449386666250e-01 6.544947083946666133e-01 1.160748127573333621e-01 0.000000000000000000e+00
0.000000000000000000e+00 0.000000000000000000e+00 0.000000000000000000e+00 0.000000000000000000e+00 0.000000000000000000e+00 0.000000000000000000e+00 2.242621439999964992e-04 2.272879602346662697e-01 6.551512930986667094e-01 1.173364845226669145e-01 0.000000000000000000e+00
0.000000000000000000e+00 0.000000000000000000e+00 0.000000000000000000e+00 0.000000000000000000e+00 0.000000000000000000e+00 0.000000000000000000e+00 2.053208746666653959e-04 2.253966240426664991e-01 6.557907892906666980e-01 1.186072657920000939e-01 0.000000000000000000e+00
0.000000000000000000e+00 0.000000000000000000e+00 0.000000000000000000e+00 0.000000000000000000e+00 0.000000000000000000e+00 0.000000000000000000e+00 1.874773333333340465e-04 2.235122346666666704e-01 6.564130986666666390e-01 1.198871893333332966e-01 0.000000000000000000e+00
0.000000000000000000e+00 0.000000000000000000e+00 0.000000000000000000e+00 0.000000000000000000e+00 0.000000000000000000e+00 0.000000000000000000e+00 1.706987519999977518e-04 2.216348904106664186e-01 6.570181229226668140e-01 1.211762879146668498e-01 0.000000000000000000e+00
0.000000000000000000e+00 0.000000000000000000e+00 0.000000000000000000e+00 0.000000000000000000e+00 0.000000000000000000e+00 0.000000000000000000e+00 1.549523626666662326e-04 2.197646895786666554e-01 6.576057637546667278e-01 1.224745943040000257e-01 0.000000000000000000e+00
0.000000000000000000e+00 0.000000000000000000e+00 0.000000000000000000e+00 0.000000000000000000e+00 0.000000000000000000e+00 0.000000000000000000e+00 1.402053973333303714e-04 2.179017304746662664e-01 6.581759228586667732e-01 1.237821412693336093e-01 0.000000000000000000e+00
0.000000000000000000e+00 0.000000000000000000e+00 0.000000000000000000e+00 0.000000000000000000e+00 0.000000000000000000e+00 0.000000000000000000e+00 1.264250879999987234e-04 2.160461114026665241e-01 6.587285019306667877e-01 1.250989615786667897e-01 0.000000000000000000e+00
0.000000000000000000e+00 0.000000000000000000e+00 0.000000000000000000e+00 0.000000000000000000e+00 0.000000000000000000e+00 0.000000000000000000e+00 1.135786666666668333e-04 2.141979306666667304e-01 6.592634026666666092e-01 1.264250879999999633e-01 0.000000000000000000e+00
0.000000000000000000e+00 0.000000000000000000e+00 0.000000000000000000e+00 0.000000000000000000e+00 0.000000000000000000e+00 0.000000000000000000e+00 1.016333653333318179e-04 2.123572865706663815e-01 6.597805267626668524e-01 1.277605533013335126e-01 0.000000000000000000e+00
0.000000000000000000e+00 0.000000000000000000e+00 0.000000000000000000e+00 0.000000000000000000e+00 0.000000000000000000e+00 0.000000000000000000e+00 9.055641599999976585e-05 2.105242774186665833e-01 6.602797759146668000e-01 1.291053902506667239e-01 0.000000000000000000e+00
0.000000000000000000e+00 0.000000000000000000e+00 0.000000000000000000e+00 0.000000000000000000e+00 0.000000000000000000e+00 0.000000000000000000e+00 8.031505066666469038e-05 2.086990015146663324e-01 6.607610518186668447e-01 1.304596316160002711e-01 0.000000000000000000e+00
0.000000000000000000e+00 0.000000000000000000e+00 0.000000000000000000e+00 0.000000000000000000e+00 0.000000000000000000e+00 0.000000000000000000e+00 7.087650133333251747e-05 2.068815571626665129e-01 6.612242561706667132e-01 1.318233101653334405e-01 0.000000000000000000e+00
0.000000000000000000e+00 0.000000000000000000e+00 0.000000000000000000e+00 0.000000000000000000e+00 0.000000000000000000e+00 0.000000000000000000e+00 6.220800000000016063e-05 2.050720426666667318e-01 6.616692906666665763e-01 1.331964586666666284e-01 0.000000000000000000e+00
0.000000000000000000e+00 0.000000000000000000e+00 0.000000000000000000e+00 0.000000000000000000e+00 0.000000000000000000e+00 0.000000000000000000e+00 5.427677866666546174e-05 2.032705563306664021e-01 6.620960570026666048e-01 1.345791098880002312e-01 0.000000000000000000e+00
0.000000000000000000e+00 0.000000000000000000e+00 0.000000000000000000e+00 0.000000000000000000e+00 0.000000000000000000e+00 0.000000000000000000e+00 4.705006933333299828e-05 2.014771964586666020e-01 6.625044568746666362e-01 1.359712965973333965e-01 0.000000000000000000e+00
0.000000000000000000e+00 0.000000000000000000e+00 0.000000000000000000e+00 0.000000000000000000e+00 0.000000000000000000e+00 0.000000000000000000e+00 4.049510399999879608e-05 1.996920613546662449e-01 6.628943919786667305e-01 1.373730515626669646e-01 0.000000000000000000e+00
0.000000000000000000e+00 0.000000000000000000e+00 0.000000000000000000e+00 0.000000000000000000e+00 0.000000000000000000e+00 0.000000000000000000e+00 3.457911466666619934e-05 1.979152493226664644e-01 6.632657640106667252e-01 1.387844075520001386e-01 0.000000000000000000e+00
0.000000000000000000e+00 0.000000000000000000e+00 0.000000000000000000e+00 0.000000000000000000e+00 0.000000000000000000e+00 0.000000000000000000e+00 2.926933333333347006e-05 1.961468586666666736e-01 6.636184746666666801e-01 1.402053973333333148e-01 0.000000000000000000e+00
0.000000000000000000e+00 0.000000000000000000e+00 0.000000000000000000e+00 0.000000000000000000e+00 0.000000000000000000e+00 0.000000000000000000e+00 2.453299199999932088e-05 1.943869876906663963e-01 6.639524256426667659e-01 1.416360536746668897e-01 0.000000000000000000e+00
0.000000000000000000e+00 0.000000000000000000e+00 0.000000000000000000e+00 0.000000000000000000e+00 0.000000000000000000e+00 0.000000000000000000e+00 2.033732266666650305e-05 1.926357346986666275e-01 6.642675186346667093e-01 1.430764093440000384e-01 0.000000000000000000e+00
0.000000000000000000e+00 0.000000000000000000e+00 0.000000000000000000e+00 0.000000000000000000e+00 0.000000000000000000e+00 0.000000000000000000e+00 1.664955733333257047e-05 1.908931979946662805e-01 6.645636553386666812e-01 1.445264971093336570e-01 0.000000000000000000e+00
0.000000000000000000e+00 0.000000000000000000e+00 0.000000000000000000e+00 0.000000000000000000e+00 0.000000000000000000e+00 0.000000000000000000e+00 1.343692799999966963e-05 1.891594758826664890e-01 6.648407374506666301e-01 1.459863497386668374e-01 0.000000000000000000e+00
0.000000000000000000e+00 0.000000000000000000e+00 0.000000000000000000e+00 0.000000000000000000e+00 0.000000000000000000e+00 0.000000000000000000e+00 1.066666666666666562e-05 1.874346666666666661e-01 6.650986666666666158e-01 1.474560000000000037e-01 0.000000000000000000e+00
0.000000000000000000e+00 0.000000000000000000e+00 0.000000000000000000e+00 0.000000000000000000e+00 0.000000000000000000e+00 0.000000000000000000e+00 8.306005333333019836e-06 1.857188686506663911e-01 6.653373446826666981e-01 1.489354806613335525e-01 0.000000000000000000e+00
0.000000000000000000e+00 0.000000000000000000e+00 0.000000000000000000e+00 0.000000000000000000e+00 0.000000000000000000e+00 0.000000000000000000e+00 6.322175999999937722e-06 1.840121801386665756e-01 6.655566731946667147e-01 1.504248244906667420e-01 0.000000000000000000e+00
0.000000000000000000e+00 0.000000000000000000e+00 0.000000000000000000e+00 0.000000000000000000e+00 0.000000000000000000e+00 0.000000000000000000e+00 4.682410666666350436e-06 1.823146994346663274e-01 6.657565538986667253e-01 1.519240642560003018e-01 0.000000000000000000e+00
0.000000000000000000e+00 0.000000000000000000e+00 0.000000000000000000e+00 0.000000000000000000e+00 0.000000000000000000e+00 0.000000000000000000e+00 3.353941333333210578e-06 1.806265248426665304e-01 6.659368884906666786e-01 1.534332327253334627e-01 0.000000000000000000e+00
0.000000000000000000e+00 0.000000000000000000e+00 0.000000000000000000e+00 0.000000000000000000e+00 0.000000000000000000e+00 0.000000000000000000e+00 2.304000000000005808e-06 1.789477546666666807e-01 6.660975786666667453e-01 1.549523626666666487e-01 0.000000000000000000e+00
0.000000000000000000e+00 0.000000000000000000e+00 0.000000000000000000e+00 0.000000000000000000e+00 0.000000000000000000e+00 0.000000000000000000e+00 1.499818666666547350e-06 1.772784872106663856e-01 6.662385261226666522e-01 1.564814868480002563e-01 0.000000000000000000e+00
0.000000000000000000e+00 0.000000000000000000e+00 0.000000000000000000e+00 0.000000000000000000e+00 0.000000000000000000e+00 0.000000000000000000e+00 9.086293333333025612e-07 1.756188207786665567e-01 6.663596325546665700e-01 1.580206380373334329e-01 0.000000000000000000e+00
0.000000000000000000e+00 0.000000000000000000e+00 0.000000000000000000e+00 0.000000000000000000e+00 0.000000000000000000e+00 0.000000000000000000e+00 4.976639999999314717e-07 1.739688536746662739e-01 6.664607996586666694e-01 1.595698490026670191e-01 0.000000000000000000e+00
0.000000000000000000e+00 0.000000000000000000e+00 0.000000000000000000e+00 0.000000000000000000e+00 0.000000000000000000e+00 0.000000000000000000e+00 2.341546666666473292e-07 1.723286842026664489e-01 6.665419291306666771e-01 1.611291525120001622e-01 0.000000000000000000e+00
0.000000000000000000e+00 0.000000000000000000e+00 0.000000000000000000e+00 0.000000000000000000e+00 0.000000000000000000e+00 0.000000000000000000e+00 8.533333333333474596e-08 1.706984106666666612e-01 6.666029226666667640e-01 1.626985813333333142e-01 0.000000000000000000e+00
0.000000000000000000e+00 0.000000000000000000e+00 0.000000000000000000e+00 0.000000000000000000e+00 0.000000000000000000e+00 0.000000000000000000e+00 1.843199999999390786e-08 1.690781313706664346e-01 6.666436819626666566e-01 1.642781682346669270e-01 0.000000000000000000e+00
0.000000000000000000e+00 0.000000000000000000e+00 0.000000000000000000e+00 0.000000000000000000e+00 0.000000000000000000e+00 0.000000000000000000e+00 6.826666666664410739e-10 1.674679446186665976e-01 6.666641087146667477e-01 1.658679459840000647e-01 0.000000000000000000e+00
0.000000000000000000e+00 0.000000000000000000e+00 0.000000000000000000e+00 0.000000000000000000e+00 0.000000000000000000e+00 0.000000000000000000e+00 0.000000000000000000e+00 1.658679459839996484e-01 6.666641087146666367e-01 1.674679446186670417e-01 6.826666666675780336e-10
0.000000000000000000e+00 0.000000000000000000e+00 0.000000000000000000e+00 0.000000000000000000e+00 0.000000000000000000e+00 0.000000000000000000e+00 0.000000000000000000e+00 1.642781682346664829e-01 6.666436819626666566e-01 1.690781313706668787e-01 1.843200000000414174e-08
0.000000000000000000e+00 0.000000000000000000e+00 0.000000000000000000e+00 0.000000000000000000e+00 0.000000000000000000e+00 0.000000000000000000e+00 0.000000000000000000e+00 1.626985813333333142e-01 6.666029226666666530e-01 1.706984106666666889e-01 8.533333333333356805e-08
0.000000000000000000e+00 0.000000000000000000e+00 0.000000000000000000e+00 0.000000000000000000e+00 0.000000000000000000e+00 0.000000000000000000e+00 0.000000000000000000e+00 1.611291525119997181e-01 6.665419291306666771e-01 1.723286842026669208e-01 2.341546666667007188e-07
0.000000000000000000e+00 0.000000000000000000e+00 0.000000000000000000e+00 0.000000000000000000e+00 0.000000000000000000e+00 0.000000000000000000e+00 0.000000000000000000e+00 1.595698490026665473e-01 6.664607996586666694e-01 1.739688536746667735e-01 4.976640000000197749e-07
0.000000000000000000e+00 0.000000000000000000e+00 0.000000000000000000e+00 0.000000000000000000e+00 0.000000000000000000e+00 0.000000000000000000e+00 0.000000000000000000e+00 1.580206380373330166e-01 6.663596325546665700e-01 1.756188207786670008e-01 9.086293333334458156e-07
0.000000000000000000e+00 0.000000000000000000e+00 0.000000000000000000e+00 0.000000000000000000e+00 0.000000000000000000e+00 0.000000000000000000e+00 0.000000000000000000e+00 1.564814868479998400e-01 6.662385261226666522e-01 1.772784872106668574e-01 1.499818666666747461e-06
0.000000000000000000e+00 0.000000000000000000e+00 0.000000000000000000e+00 0.000000000000000000e+00 0.000000000000000000e+00 0.000000000000000000e+00 0.000000000000000000e+00 1.549523626666666765e-01 6.660975786666667453e-01 1.789477546666666530e-01 2.304000000000005808e-06
0.000000000000000000e+00 0.000000000000000000e+00 0.000000000000000000e+00 0.000000000000000000e+00 0.000000000000000000e+00 0.000000000000000000e+00 0.000000000000000000e+00 1.534332327253330741e-01 6.659368884906666786e-01 1.806265248426669745e-01 3.353941333333539651e-06
0.000000000000000000e+00 0.000000000000000000e+00 0.000000000000000000e+00 0.000000000000000000e+00 0.000000000000000000e+00 0.000000000000000000e+00 0.000000000000000000e+00 1.519240642559999133e-01 6.657565538986666143e-01 1.823146994346667715e-01 4.682410666666761247e-06
0.000000000000000000e+00 0.000000000000000000e+00 0.000000000000000000e+00 0.000000000000000000e+00 0.000000000000000000e+00 0.000000000000000000e+00 0.000000000000000000e+00 1.504248244906662979e-01 6.655566731946667147e-01 1.840121801386670475e-01 6.322176000000417143e-06
0.000000000000000000e+00 0.000000000000000000e+00 0.000000000000000000e+00 0.000000000000000000e+00 0.000000000000000000e+00 0.000000000000000000e+00 0.000000000000000000e+00 1.489354806613331361e-01 6.653373446826666981e-01 1.857188686506668629e-01 8.306005333333595818e-06
0.000000000000000000e+00 0.000000000000000000e+00 0.000000000000000000e+00 0.000000000000000000e+00 0.000000000000000000e+00 0.000000000000000000e+00 0.000000000000000000e+00 1.474559999999999760e-01 6.650986666666667269e-01 1.874346666666666661e-01 1.066666666666669442e-05
0.000000000000000000e+00 0.000000000000000000e+00 0.000000000000000000e+00 0.000000000000000000e+00 0.000000000000000000e+00 0.000000000000000000e+00 0.000000000000000000e+00 1.459863497386664211e-01 6.648407374506666301e-01 1.891594758826669609e-01 1.343692800000053360e-05
0.000000000000000000e+00 0.000000000000000000e+00 0.000000000000000000e+00 0.000000000000000000e+00 0.000000000000000000e+00 0.000000000000000000e+00 0.000000000000000000e+00 1.445264971093332407e-01 6.645636553386666812e-01 1.908931979946667801e-01 1.664955733333356658e-05
0.000000000000000000e+00 0.000000000000000000e+00 0.000000000000000000e+00 0.000000000000000000e+00 0.000000000000000000e+00 0.000000000000000000e+00 0.000000000000000000e+00 1.430764093439996498e-01 6.642675186346664873e-01 1.926357346986670993e-01 2.033732266666759403e-05
0.000000000000000000e+00 0.000000000000000000e+00 0.000000000000000000e+00 0.000000000000000000e+00 0.000000000000000000e+00 0.000000000000000000e+00 0.000000000000000000e+00 1.416360536746665011e-01 6.639524256426665438e-01 1.943869876906668681e-01 2.453299200000055754e-05
0.000000000000000000e+00 0.000000000000000000e+00 0.000000000000000000e+00 0.000000000000000000e+00 0.000000000000000000e+00 0.000000000000000000e+00 0.000000000000000000e+00 1.402053973333333148e-01 6.636184746666666801e-01 1.961468586666667013e-01 2.926933333333340908e-05
0.000000000000000000e+00 0.000000000000000000e+00 0.000000000000000000e+00 0.000000000000000000e+00 0.000000000000000000e+00 0.000000000000000000e+00 0.000000000000000000e+00 1.387844075519997222e-01 6.632657640106666141e-01 1.979152493226669918e-01 3.457911466666769689e-05
0.000000000000000000e+00 0.000000000000000000e+00 0.000000000000000000e+00 0.000000000000000000e+00 0.000000000000000000e+00 0.000000000000000000e+00 0.000000000000000000e+00 1.373730515626665483e-01 6.628943919786667305e-01 1.996920613546667722e-01 4.049510400000045626e-05
0.000000000000000000e+00 0.000000000000000000e+00 0.000000000000000000e+00 0.000000000000000000e+00 0.000000000000000000e+00 0.000000000000000000e+00 0.000000000000000000e+00 1.359712965973330079e-01 6.625044568746665252e-01 2.014771964586670738e-01 4.705006933333498372e-05
0.000000000000000000e+00 0.000000000000000000e+00 0.000000000000000000e+00 0.000000000000000000e+00 0.000000000000000000e+00 0.000000000000000000e+00 0.000000000000000000e+00 1.345791098879998426e-01 6.620960570026666048e-01 2.032705563306668739e-01 5.427677866666765725e-05
0.000000000000000000e+00 0.000000000000000000e+00 0.000000000000000000e+00 0.000000000000000000e+00 0.000000000000000000e+00 0.000000000000000000e+00 0.000000000000000000e+00 1.331964586666666561e-01 6.616692906666667984e-01 2.050720426666667040e-01 6.220800000000016063e-05
0.000000000000000000e+00 0.000000000000000000e+00 0.000000000000000000e+00 0.000000000000000000e+00 0.000000000000000000e+00 0.000000000000000000e+00 0.000000000000000000e+00 1.318233101653330797e-01 6.612242561706664912e-01 2.068815571626670402e-01 7.087650133333502469e-05
0.000000000000000000e+00 0.000000000000000000e+00 0.000000000000000000e+00 0.000000000000000000e+00 0.000000000000000000e+00 0.000000000000000000e+00 0.000000000000000000e+00 1.304596316159998826e-01 6.607610518186666226e-01 2.086990015146668320e-01 8.031505066666742799e-05
0.000000000000000000e+00 0.000000000000000000e+00 0.000000000000000000e+00 0.000000000000000000e+00 0.000000000000000000e+00 0.000000000000000000e+00 0.000000000000000000e+00 1.291053902506663076e-01 6.602797759146665779e-01 2.105242774186671384e-01 9.055641600000261188e-05
0.000000000000000000e+00 0.000000000000000000e+00 0.000000000000000000e+00 0.000000000000000000e+00 0.000000000000000000e+00 0.000000000000000000e+00 0.000000000000000000e+00 1.277605533013331240e-01 6.597805267626666303e-01 2.123572865706669366e-01 1.016333653333348808e-04
0.000000000000000000e+00 0.000000000000000000e+00 0.000000000000000000e+00 0.000000000000000000e+00 0.000000000000000000e+00 0.000000000000000000e+00 0.000000000000000000e+00 1.264250879999999355e-01 6.592634026666666092e-01 2.141979306666667304e-01 1.135786666666669824e-04
0.000000000000000000e+00 0.000000000000000000e+00 0.000000000000000000e+00 0.000000000000000000e+00 0.000000000000000000e+00 0.000000000000000000e+00 0.000000000000000000e+00 1.250989615786664289e-01 6.587285019306665657e-01 2.160461114026669960e-01 1.264250880000025452e-04
0.000000000000000000e+00 0.000000000000000000e+00 0.000000000000000000e+00 0.000000000000000000e+00 0.000000000000000000e+00 0.000000000000000000e+00 0.000000000000000000e+00 1.237821412693332346e-01 6.581759228586666621e-01 2.179017304746667938e-01 1.402053973333344914e-04
0.000000000000000000e+00 0.000000000000000000e+00 0.000000000000000000e+00 0.000000000000000000e+00 0.000000000000000000e+00 0.000000000000000000e+00 0.000000000000000000e+00 1.224745943040000395e-01 6.576057637546667278e-01 2.197646895786666277e-01 1.549523626666662326e-04
0.000000000000000000e+00 0.000000000000000000e+00 0.000000000000000000e+00 0.000000000000000000e+00 0.000000000000000000e+00 0.000000000000000000e+00 0.000000000000000000e+00 1.211762879146664751e-01 6.570181229226665920e-01 2.216348904106669460e-01 1.706987520000022784e-04
0.000000000000000000e+00 0.000000000000000000e+00 0.000000000000000000e+00 0.000000000000000000e+00 0.000000000000000000e+00 0.000000000000000000e+00 0.000000000000000000e+00 1.198871893333332966e-01 6.564130986666665279e-01 2.235122346666667259e-01 1.874773333333338567e-04
0.000000000000000000e+00 0.000000000000000000e+00 0.000000000000000000e+00 0.000000000000000000e+00 0.000000000000000000e+00 0.000000000000000000e+00 0.000000000000000000e+00 1.186072657919997331e-01 6.557907892906664760e-01 2.253966240426670264e-01 2.053208746666702748e-04
0.000000000000000000e+00 0.000000000000000000e+00 0.000000000000000000e+00 0.000000000000000000e+00 0.000000000000000000e+00 0.000000000000000000e+00 0.000000000000000000e+00 1.173364845226665537e-01 6.551512930986665983e-01 2.272879602346667971e-01 2.242621440000016491e-04
0.000000000000000000e+00 0.000000000000000000e+00 0.000000000000000000e+00 0.000000000000000000e+00 0.000000000000000000e+00 0.000000000000000000e+00 0.000000000000000000e+00 1.160748127573333482e-01 6.544947083946667243e-01 2.291861449386666250e-01 2.443339093333328146e-04
0.000000000000000000e+00 0.000000000000000000e+00 0.000000000000000000e+00 0.000000000000000000e+00 0.000000000000000000e+00 0.000000000000000000e+00 0.000000000000000000e+00 1.148222177279998452e-01 6.538211334826665722e-01 2.310910798506669028e-01 2.655689386666698257e-04
0.000000000000000000e+00 0.000000000000000000e+00 0.000000000000000000e+00 0.000000000000000000e+00 0.000000000000000000e+00 0.000000000000000000e+00 0.000000000000000000e+00 1.135786666666666472e-01 6.531306666666666372e-01 2.330026666666666912e-01 2.880000000000007662e-04
0.000000000000000000e+00 0.000000000000000000e+00 0.000000000000000000e+00 0.000000000000000000e+00 0.000000000000000000e+00 0.000000000000000000e+00 0.000000000000000000e+00 1.123441268053330805e-01 6.524234062506665266e-01 2.349208070826670769e-01 3.116598613333382501e-04
0.000000000000000000e+00 0.000000000000000000e+00 0.000000000000000000e+00 0.000000000000000000e+00 0.000000000000000000e+00 0.000000000000000000e+00 0.000000000000000000e+00 1.111185653759998865e-01 6.516994505386666248e-01 2.368454027946668705e-01 3.365812906666690329e-04
0.000000000000000000e+00 0.000000000000000000e+00 0.000000000000000000e+00 0.000000000000000000e+00 0.000000000000000000e+00 0.000000000000000000e+00 0.000000000000000000e+00 1.099019496106666827e-01 6.509588978346666499e-01 2.387763554986666592e-01 3.627970559999994945e-04
0.000000000000000000e+00 0.000000000000000000e+00 0.000000000000000000e+00 0.000000000000000000e+00 0.000000000000000000e+00 0.000000000000000000e+00 0.000000000000000000e+00 1.086942467413331559e-01 6.502018464426665423e-01 2.407135668906669468e-01 3.903399253333374782e-04
0.000000000000000000e+00 0.000000000000000000e+00 0.000000000000000000e+00 0.000000000000000000e+00 0.000000000000000000e+00 0.000000000000000000e+00 0.000000000000000000e+00 1.074954239999999506e-01 6.494283946666665752e-01 2.426569386666667383e-01 4.192426666666677882e-04
0.000000000000000000e+00 0.000000000000000000e+00 0.000000000000000000e+00 0.000000000000000000e+00 0.000000000000000000e+00 0.000000000000000000e+00 0.000000000000000000e+00 1.063054486186664344e-01 6.486386408106665780e-01 2.446063725226670649e-01 4.495380480000063994e-04
0.000000000000000000e+00 0.000000000000000000e+00 0.000000000000000000e+00 0.000000000000000000e+00 0.000000000000000000e+00 0.000000000000000000e+00 0.000000000000000000e+00 1.051242878293332239e-01 6.478326831786666018e-01 2.465617701546668761e-01 4.812588373333363811e-04
0.000000000000000000e+00 0.000000000000000000e+00 0.000000000000000000e+00 0.000000000000000000e+00 0.000000000000000000e+00 0.000000000000000000e+00 0.000000000000000000e+00 1.039519088640000338e-01 6.470106200746666980e-01 2.485230332586666202e-01 5.144378026666661732e-04
0.000000000000000000e+00 0.000000000000000000e+00 0.000000000000000000e+00 0.000000000000000000e+00 0.000000000000000000e+00 0.000000000000000000e+00 0.000000000000000000e+00 1.027882789546664954e-01 6.461725498026664738e-01 2.504900635306669399e-01 5.491077120000053538e-04
0.000000000000000000e+00 0.000000000000000000e+00 0.000000000000000000e+00 0.000000000000000000e+00 0.000000000000000000e+00 0.000000000000000000e+00 0.000000000000000000e+00 1.016333653333332809e-01 6.453185706666666466e-01 2.524627626666667846e-01 5.853013333333348779e-04
0.000000000000000000e+00 0.000000000000000000e+00 0.000000000000000000e+00 0.000000000000000000e+00 0.000000000000000000e+00 0.000000000000000000e+00 0.000000000000000000e+00 1.004871352319997441e-01 6.444487809706664905e-01 2.544410323626670745e-01 6.230514346666747322e-04
0.000000000000000000e+00 0.000000000000000000e+00 0.000000000000000000e+00 0.000000000000000000e+00 0.000000000000000000e+00 0.000000000000000000e+00 0.000000000000000000e+00 9.934955588266654314e-02 6.435632790186666119e-01 2.564247743146668701e-01 6.623907840000040287e-04
0.000000000000000000e+00 0.000000000000000000e+00 0.000000000000000000e+00 0.000000000000000000e+00 0.000000000000000000e+00 0.000000000000000000e+00 0.000000000000000000e+00 9.822059451733333724e-02 6.426621631146667291e-01 2.584138902186666198e-01 7.033521493333327792e-04
0.000000000000000000e+00 0.000000000000000000e+00 0.000000000000000000e+00 0.000000000000000000e+00 0.000000000000000000e+00 0.000000000000000000e+00 0.000000000000000000e+00 9.710021836799982708e-02 6.417455315626665602e-01 2.604082817706669939e-01 7.459682986666734891e-04
0.000000000000000000e+00 0.000000000000000000e+00 0.000000000000000000e+00 0.000000000000000000e+00 0.000000000000000000e+00 0.000000000000000000e+00 0.000000000000000000e+00 9.598839466666662934e-02 6.408134826666667117e-01 2.624078506666667754e-01 7.902720000000021264e-04
0.000000000000000000e+00 0.000000000000000000e+00 0.000000000000000000e+00 0.000000000000000000e+00 0.000000000000000000e+00 0.000000000000000000e+00 0.000000000000000000e+00 9.488509064533309778e-02 6.398661147306664576e-01 2.644124986026671342e-01 8.362960213333434480e-04
0.000000000000000000e+00 0.000000000000000000e+00 0.000000000000000000e+00 0.000000000000000000e+00 0.000000000000000000e+00 0.000000000000000000e+00 0.000000000000000000e+00 9.379027353599989070e-02 6.389035260586665155e-01 2.664221272746668534e-01 8.840731306666717955e-04
0.000000000000000000e+00 0.000000000000000000e+00 0.000000000000000000e+00 0.000000000000000000e+00 0.000000000000000000e+00 0.000000000000000000e+00 0.000000000000000000e+00 9.270391057066666718e-02 6.379258149546666035e-01 2.684366383786666588e-01 9.336360959999997827e-04
0.000000000000000000e+00 0.000000000000000000e+00 0.000000000000000000e+00 0.000000000000000000e+00 0.000000000000000000e+00 0.000000000000000000e+00 0.000000000000000000e+00 9.162596898133314183e-02 6.369330797226665508e-01 2.704559336106669987e-01 9.850176853333416499e-04
0.000000000000000000e+00 0.000000000000000000e+00 0.000000000000000000e+00 0.000000000000000000e+00 0.000000000000000000e+00 0.000000000000000000e+00 0.000000000000000000e+00 9.055641599999994518e-02 6.359254186666666309e-01 2.724799146666667671e-01 1.038250666666669462e-03
0.000000000000000000e+00 0.000000000000000000e+00 0.000000000000000000e+00 0.000000000000000000e+00 0.000000000000000000e+00 0.000000000000000000e+00 0.000000000000000000e+00 8.949521885866644488e-02 6.349029300906664508e-01 2.745084832426670784e-01 1.093367808000012204e-03
0.000000000000000000e+00 0.000000000000000000e+00 0.000000000000000000e+00 0.000000000000000000e+00 0.000000000000000000e+00 0.000000000000000000e+00 0.000000000000000000e+00 8.844234478933322985e-02 6.338657122986666170e-01 2.765415410346668823e-01 1.150401877333339555e-03
0.000000000000000000e+00 0.000000000000000000e+00 0.000000000000000000e+00 0.000000000000000000e+00 0.000000000000000000e+00 0.000000000000000000e+00 0.000000000000000000e+00 8.739776102400001467e-02 6.328138635946667367e-01 2.785789897386666825e-01 1.209385642666666733e-03
0.000000000000000000e+00 0.000000000000000000e+00 0.000000000000000000e+00 0.000000000000000000e+00 0.000000000000000000e+00 0.000000000000000000e+00 0.000000000000000000e+00 8.636143479466650008e-02 6.317474822826664171e-01 2.806207310506669828e-01 1.270351872000010035e-03
0.000000000000000000e+00 0.000000000000000000e+00 0.000000000000000000e+00 0.000000000000000000e+00 0.000000000000000000e+00 0.000000000000000000e+00 0.000000000000000000e+00 8.533333333333327497e-02 6.306666666666665977e-01 2.826666666666668437e-01 1.333333333333336758e-03
0.000000000000000000e+00 0.000000000000000000e+00 0.000000000000000000e+00 0.000000000000000000e+00 0.000000000000000000e+00 0.000000000000000000e+00 0.000000000000000000e+00 8.431342387199976252e-02 6.295715150506664415e-01 2.847166982826671577e-01 1.398362794666681416e-03
0.000000000000000000e+00 0.000000000000000000e+00 0.000000000000000000e+00 0.000000000000000000e+00 0.000000000000000000e+00 0.000000000000000000e+00 0.000000000000000000e+00 8.330167364266653773e-02 6.284621257386665549e-01 2.867707275946668743e-01 1.465473024000007616e-03
0.000000000000000000e+00 0.000000000000000000e+00 0.000000000000000000e+00 0.000000000000000000e+00 0.000000000000000000e+00 0.000000000000000000e+00 0.000000000000000000e+00 8.229804987733331523e-02 6.273385970346666562e-01 2.888286562986666639e-01 1.534696789333333611e-03
0.000000000000000000e+00 0.000000000000000000e+00 0.000000000000000000e+00 0.000000000000000000e+00 0.000000000000000000e+00 0.000000000000000000e+00 0.000000000000000000e+00 8.130251980799983735e-02 6.262010272426665747e-01 2.908903860906670302e-01 1.606066858666679170e-03
0.000000000000000000e+00 0.000000000000000000e+00 0.000000000000000000e+00 0.000000000000000000e+00 0.000000000000000000e+00 0.000000000000000000e+00 0.000000000000000000e+00 8.031505066666660975e-02 6.250495146666665836e-01 2.929558186666667563e-01 1.679616000000004649e-03
0.000000000000000000e+00 0.000000000000000000e+00 0.000000000000000000e+00 0.000000000000000000e+00 0.000000000000000000e+00 0.000000000000000000e+00 0.000000000000000000e+00 7.933560968533311109e-02 6.238841576106664011e-01 2.950248557226671786e-01 1.755376981333350633e-03
0.000000000000000000e+00 0.000000000000000000e+00 0.000000000000000000e+00 0.000000000000000000e+00 0.000000000000000000e+00 0.000000000000000000e+00 0.000000000000000000e+00 7.836416409599988864e-02 6.227050543786665227e-01 2.970973989546669136e-01 1.833382570666675744e-03
0.000000000000000000e+00 0.000000000000000000e+00 0.000000000000000000e+00 0.000000000000000000e+00 0.000000000000000000e+00 0.000000000000000000e+00 0.000000000000000000e+00 7.740068113066667088e-02 6.215123032746665555e-01 2.991733500586666872e-01 1.913665536000000401e-03
0.000000000000000000e+00 0.000000000000000000e+00 0.000000000000000000e+00 0.000000000000000000e+00 0.000000000000000000e+00 0.000000000000000000e+00 0.000000000000000000e+00 7.644512802133315854e-02 6.203060026026664397e-01 3.012526107306670031e-01 1.996258645333347844e-03
0.000000000000000000e+00 0.000000000000000000e+00 0.000000000000000000e+00 0.000000000000000000e+00 0.000000000000000000e+00 0.000000000000000000e+00 0.000000000000000000e+00 7.549747199999992664e-02 6.190862506666665599e-01 3.033350826666668110e-01 2.081194666666672140e-03
0.000000000000000000e+00 0.000000000000000000e+00 0.000000000000000000e+00 0.000000000000000000e+00 0.000000000000000000e+00 0.000000000000000000e+00 0.000000000000000000e+00 7.455768029866645386e-02 6.178531457706664121e-01 3.054206675626671696e-01 2.168506368000020380e-03
0.000000000000000000e+00 0.000000000000000000e+00 0.000000000000000000e+00 0.000000000000000000e+00 0.000000000000000000e+00 0.000000000000000000e+00 0.000000000000000000e+00 7.362572014933323195e-02 6.166067862186664916e-01 3.075092671146668621e-01 2.258226517333344462e-03
0.000000000000000000e+00 0.000000000000000000e+00 0.000000000000000000e+00 0.000000000000000000e+00 0.000000000000000000e+00 0.000000000000000000e+00 0.000000000000000000e+00 7.270155878400000327e-02 6.153472703146667389e-01 3.096007830186666698e-01 2.350387882666667844e-03
0.000000000000000000e+00 0.000000000000000000e+00 0.000000000000000000e+00 0.000000000000000000e+00 0.000000000000000000e+00 0.000000000000000000e+00 0.000000000000000000e+00 7.178516343466649630e-02 6.140746963626664279e-01 3.116951169706670410e-01 2.445023232000017015e-03
0.000000000000000000e+00 0.000000000000000000e+00 0.000000000000000000e+00 0.000000000000000000e+00 0.000000000000000000e+00 0.000000000000000000e+00 0.000000000000000000e+00 7.087650133333327218e-02 6.127891626666664981e-01 3.137921706666668142e-01 2.542165333333339973e-03
0.000000000000000000e+00 0.000000000000000000e+00 0.000000000000000000e+00 0.000000000000000000e+00 0.000000000000000000e+00 0.000000000000000000e+00 0.000000000000000000e+00 6.997553971199978184e-02 6.114907675306664459e-01 3.158918458026671594e-01 2.641846954666690964e-03
0.000000000000000000e+00 0.000000000000000000e+00 0.000000000000000000e+00 0.000000000000000000e+00 0.000000000000000000e+00 0.000000000000000000e+00 0.000000000000000000e+00 6.908224580266654480e-02 6.101796092586665443e-01 3.179940440746669150e-01 2.744100864000013646e-03
0.000000000000000000e+00 0.000000000000000000e+00 0.000000000000000000e+00 0.000000000000000000e+00 0.000000000000000000e+00 0.000000000000000000e+00 0.000000000000000000e+00 6.819658683733331728e-02 6.088557861546666228e-01 3.200986671786666959e-01 2.848959829333335379e-03
0.000000000000000000e+00 0.000000000000000000e+00 0.000000000000000000e+00 0.000000000000000000e+00 0.000000000000000000e+00 0.000000000000000000e+00 0.000000000000000000e+00 6.731853004799984164e-02 6.075193965226665105e-01 3.222056168106670615e-01 2.956456618666686558e-03
0.000000000000000000e+00 0.000000000000000000e+00 0.000000000000000000e+00 0.000000000000000000e+00 0.000000000000000000e+00 0.000000000000000000e+00 0.000000000000000000e+00 6.644804266666660963e-02 6.061705386666667028e-01 3.243147946666667947e-01 3.066624000000007805e-03
0.000000000000000000e+00 0.000000000000000000e+00 0.000000000000000000e+00 0.000000000000000000e+00 0.000000000000000000e+00 0.000000000000000000e+00 0.000000000000000000e+00 6.558509192533312770e-02 6.048093108906662518e-01 3.264261024426671765e-01 3.179494741333361175e-03
0.000000000000000000e+00 0.000000000000000000e+00 0.000000000000000000e+00 0.000000000000000000e+00 0.000000000000000000e+00 0.000000000000000000e+00 0.000000000000000000e+00 6.472964505599988760e-02 6.034358114986664301e-01 3.285394418346669898e-01 3.295101610666681651e-03
0.000000000000000000e+00 0.000000000000000000e+00 0.000000000000000000e+00 0.000000000000000000e+00 0.000000000000000000e+00 0.000000000000000000e+00 0.000000000000000000e+00 6.388166929066665944e-02 6.020501387946666227e-01 3.306547145386667386e-01 3.413477376000002665e-03
0.000000000000000000e+00 0.000000000000000000e+00 0.000000000000000000e+00 0.000000000000000000e+00 0.000000000000000000e+00 0.000000000000000000e+00 0.000000000000000000e+00 6.304113186133315783e-02 6.006523910826664370e-01 3.327718222506670931e-01 3.534654805333356780e-03
0.000000000000000000e+00 0.000000000000000000e+00 0.000000000000000000e+00 0.000000000000000000e+00 0.000000000000000000e+00 0.000000000000000000e+00 0.000000000000000000e+00 6.220799999999992308e-02 5.992426666666665902e-01 3.348906666666668364e-01 3.658666666666676379e-03
0.000000000000000000e+00 0.000000000000000000e+00 0.000000000000000000e+00 0.000000000000000000e+00 0.000000000000000000e+00 0.000000000000000000e+00 0.000000000000000000e+00 6.138224093866647552e-02 5.978210638506663566e-01 3.370111494826671938e-01 3.785545728000031321e-03
0.000000000000000000e+00 0.000000000000000000e+00 0.000000000000000000e+00 0.000000000000000000e+00 0.000000000000000000e+00 0.000000000000000000e+00 0.000000000000000000e+00 6.056382190933323056e-02 5.963876809386665645e-01 3.391331723946669485e-01 3.915324757333350954e-03
0.000000000000000000e+00 0.000000000000000000e+00 0.000000000000000000e+00 0.000000000000000000e+00 0.000000000000000000e+00 0.000000000000000000e+00 0.000000000000000000e+00 5.975271014399999303e-02 5.949426162346667102e-01 3.412566370986667152e-01 4.048036522666670009e-03
0.000000000000000000e+00 0.000000000000000000e+00 0.000000000000000000e+00 0.000000000000000000e+00 0.000000000000000000e+00 0.000000000000000000e+00 0.000000000000000000e+00 5.894887287466651221e-02 5.934859680426662898e-01 3.433814452906671089e-01 4.183713792000026688e-03
0.000000000000000000e+00 0.000000000000000000e+00 0.000000000000000000e+00 0.000000000000000000e+00 0.000000000000000000e+00 0.000000000000000000e+00 0.000000000000000000e+00 5.815227733333326599e-02 5.920178346666664648e-01 3.455074986666668568e-01 4.322389333333344699e-03
0.000000000000000000e+00 0.000000000000000000e+00 0.000000000000000000e+00 0.000000000000000000e+00 0.000000000000000000e+00 0.000000000000000000e+00 0.000000000000000000e+00 5.736289075200001752e-02 5.905383144106666204e-01 3.476346989226666295e-01 4.464095914666662245e-03
0.000000000000000000e+00 0.000000000000000000e+00 0.000000000000000000e+00 0.000000000000000000e+00 0.000000000000000000e+00 0.000000000000000000e+00 0.000000000000000000e+00 5.658068036266655082e-02 5.890475055786664749e-01 3.497629477546669308e-01 4.608866304000020127e-03
0.000000000000000000e+00 0.000000000000000000e+00 0.000000000000000000e+00 0.000000000000000000e+00 0.000000000000000000e+00 0.000000000000000000e+00 0.000000000000000000e+00 5.580561339733330212e-02 5.875455064746666345e-01 3.518921468586667101e-01 4.756733269333338586e-03
0.000000000000000000e+00 0.000000000000000000e+00 0.000000000000000000e+00 0.000000000000000000e+00 0.000000000000000000e+00 0.000000000000000000e+00 0.000000000000000000e+00 5.503765708799986112e-02 5.860324154026664845e-01 3.540221979306670819e-01 4.907729578666696589e-03
0.000000000000000000e+00 0.000000000000000000e+00 0.000000000000000000e+00 0.000000000000000000e+00 0.000000000000000000e+00 0.000000000000000000e+00 0.000000000000000000e+00 5.427677866666660855e-02 5.845083306666665202e-01 3.561530026666668292e-01 5.061888000000013509e-03
0.000000000000000000e+00 0.000000000000000000e+00 0.000000000000000000e+00 0.000000000000000000e+00 0.000000000000000000e+00 0.000000000000000000e+00 0.000000000000000000e+00 5.352294536533335617e-02 5.829733505706666818e-01 3.582844627626666223e-01 5.219241301333329280e-03
0.000000000000000000e+00 0.000000000000000000e+00 0.000000000000000000e+00 0.000000000000000000e+00 0.000000000000000000e+00 0.000000000000000000e+00 0.000000000000000000e+00 5.277612441599989490e-02 5.814275734186663547e-01 3.604164799146669651e-01 5.379822250666689912e-03
0.000000000000000000e+00 0.000000000000000000e+00 0.000000000000000000e+00 0.000000000000000000e+00 0.000000000000000000e+00 0.000000000000000000e+00 0.000000000000000000e+00 5.203628305066664017e-02 5.798710975146665891e-01 3.625489558186667516e-01 5.543663616000005234e-03
0.000000000000000000e+00 0.000000000000000000e+00 0.000000000000000000e+00 0.000000000000000000e+00 0.000000000000000000e+00 0.000000000000000000e+00 0.000000000000000000e+00 5.130338850133318168e-02 5.783040211626663263e-01 3.646817921706670962e-01 5.710798165333367225e-03
0.000000000000000000e+00 0.000000000000000000e+00 0.000000000000000000e+00 0.000000000000000000e+00 0.000000000000000000e+00 0.000000000000000000e+00 0.000000000000000000e+00 5.057740799999992792e-02 5.767264426666665056e-01 3.668148906666668374e-01 5.881258666666683114e-03
0.000000000000000000e+00 0.000000000000000000e+00 0.000000000000000000e+00 0.000000000000000000e+00 0.000000000000000000e+00 0.000000000000000000e+00 0.000000000000000000e+00 4.985830877866667676e-02 5.751384603306667342e-01 3.689481530026666456e-01 6.055077887999997174e-03
0.000000000000000000e+00 0.000000000000000000e+00 0.000000000000000000e+00 0.000000000000000000e+00 0.000000000000000000e+00 0.000000000000000000e+00 0.000000000000000000e+00 4.914605806933323301e-02 5.735401724586663974e-01 3.710814808746669691e-01 6.232288597333359749e-03
0.000000000000000000e+00 0.000000000000000000e+00 0.000000000000000000e+00 0.000000000000000000e+00 0.000000000000000000e+00 0.000000000000000000e+00 0.000000000000000000e+00 4.844062310399998433e-02 5.719316773546666566e-01 3.732147759786667574e-01 6.412923562666673731e-03
0.000000000000000000e+00 0.000000000000000000e+00 0.000000000000000000e+00 0.000000000000000000e+00 0.000000000000000000e+00 0.000000000000000000e+00 0.000000000000000000e+00 4.774197111466652738e-02 5.703130733226662308e-01 3.753479400106671249e-01 6.597015552000038037e-03
0.000000000000000000e+00 0.000000000000000000e+00 0.000000000000000000e+00 0.000000000000000000e+00 0.000000000000000000e+00 0.000000000000000000e+00 0.000000000000000000e+00 4.705006933333327063e-02 5.686844586666663925e-01 3.774808746666668546e-01 6.784597333333351223e-03
0.000000000000000000e+00 0.000000000000000000e+00 0.000000000000000000e+00 0.000000000000000000e+00 0.000000000000000000e+00 0.000000000000000000e+00 0.000000000000000000e+00 4.636488499200001195e-02 5.670459316906666380e-01 3.796134816426666725e-01 6.975701674666663632e-03
0.000000000000000000e+00 0.000000000000000000e+00 0.000000000000000000e+00 0.000000000000000000e+00 0.000000000000000000e+00 0.000000000000000000e+00 0.000000000000000000e+00 4.568638532266655616e-02 5.653975906986663524e-01 3.817456626346670268e-01 7.170361344000030814e-03
0.000000000000000000e+00 0.000000000000000000e+00 0.000000000000000000e+00 0.000000000000000000e+00 0.000000000000000000e+00 0.000000000000000000e+00 0.000000000000000000e+00 4.501453755733329787e-02 5.637395339946665862e-01 3.838773193386667559e-01 7.368609109333342649e-03
0.000000000000000000e+00 0.000000000000000000e+00 0.000000000000000000e+00 0.000000000000000000e+00 0.000000000000000000e+00 0.000000000000000000e+00 0.000000000000000000e+00 4.434930892799986840e-02 5.620718598826663914e-01 3.860083534506670855e-01 7.570477738666710199e-03
0.000000000000000000e+00 0.000000000000000000e+00 0.000000000000000000e+00 0.000000000000000000e+00 0.000000000000000000e+00 0.000000000000000000e+00 0.000000000000000000e+00 4.369066666666660687e-02 5.603946666666664855e-01 3.881386666666668539e-01 7.776000000000021610e-03
0.000000000000000000e+00 0.000000000000000000e+00 0.000000000000000000e+00 0.000000000000000000e+00 0.000000000000000000e+00 0.000000000000000000e+00 0.000000000000000000e+00 4.303857800533334582e-02 5.587080526506666978e-01 3.902681606826666760e-01 7.985208661333332431e-03
0.000000000000000000e+00 0.000000000000000000e+00 0.000000000000000000e+00 0.000000000000000000e+00 0.000000000000000000e+00 0.000000000000000000e+00 0.000000000000000000e+00 4.239301017599989702e-02 5.570121161386663022e-01 3.923967371946669447e-01 8.198136490666699944e-03
0.000000000000000000e+00 0.000000000000000000e+00 0.000000000000000000e+00 0.000000000000000000e+00 0.000000000000000000e+00 0.000000000000000000e+00 0.000000000000000000e+00 4.175393041066663424e-02 5.553069554346665715e-01 3.945242978986667759e-01 8.414816256000009695e-03
0.000000000000000000e+00 0.000000000000000000e+00 0.000000000000000000e+00 0.000000000000000000e+00 0.000000000000000000e+00 0.000000000000000000e+00 0.000000000000000000e+00 4.112130594133318884e-02 5.535926688426663356e-01 3.966507444906671176e-01 8.635280725333382285e-03
0.000000000000000000e+00 0.000000000000000000e+00 0.000000000000000000e+00 0.000000000000000000e+00 0.000000000000000000e+00 0.000000000000000000e+00 0.000000000000000000e+00 4.049510399999992766e-02 5.518693546666664229e-01 3.987759786666668638e-01 8.859562666666690248e-03
0.000000000000000000e+00 0.000000000000000000e+00 0.000000000000000000e+00 0.000000000000000000e+00 0.000000000000000000e+00 0.000000000000000000e+00 0.000000000000000000e+00 3.987529181866666245e-02 5.501371112106666628e-01 4.008999021226666848e-01 9.087694847999998674e-03
0.000000000000000000e+00 0.000000000000000000e+00 0.000000000000000000e+00 0.000000000000000000e+00 0.000000000000000000e+00 0.000000000000000000e+00 0.000000000000000000e+00 3.926183662933323965e-02 5.483960367786664403e-01 4.030224165546669735e-01 9.319710037333370917e-03
0.000000000000000000e+00 0.000000000000000000e+00 0.000000000000000000e+00 0.000000000000000000e+00 0.000000000000000000e+00 0.000000000000000000e+00 0.000000000000000000e+00 3.865470566399997060e-02 5.466462296746665839e-01 4.051434236586667348e-01 9.555641002666679512e-03
0.000000000000000000e+00 0.000000000000000000e+00 0.000000000000000000e+00 0.000000000000000000e+00 0.000000000000000000e+00 0.000000000000000000e+00 0.000000000000000000e+00 3.805386615466653522e-02 5.448877882026661457e-01 4.072628251306671388e-01 9.795520512000053734e-03
0.000000000000000000e+00 0.000000000000000000e+00 0.000000000000000000e+00 0.000000000000000000e+00 0.000000000000000000e+00 0.000000000000000000e+00 0.000000000000000000e+00 3.745928533333327259e-02 5.431208106666665092e-01 4.093805226666669128e-01 1.003938133333336091e-02
0.000000000000000000e+00 0.000000000000000000e+00 0.000000000000000000e+00 0.000000000000000000e+00 0.000000000000000000e+00 0.000000000000000000e+00 0.000000000000000000e+00 3.687093043200000142e-02 5.413453953706666155e-01 4.114964179626666718e-01 1.028725623466666614e-02
0.000000000000000000e+00 0.000000000000000000e+00 0.000000000000000000e+00 0.000000000000000000e+00 0.000000000000000000e+00 0.000000000000000000e+00 0.000000000000000000e+00 3.628876868266656119e-02 5.395616406186664049e-01 4.136104127146670306e-01 1.053917798400004144e-02
0.000000000000000000e+00 0.000000000000000000e+00 0.000000000000000000e+00 0.000000000000000000e+00 0.000000000000000000e+00 0.000000000000000000e+00 0.000000000000000000e+00 3.571276731733329102e-02 5.377696447146664838e-01 4.157224086186667722e-01 1.079517934933334547e-02
0.000000000000000000e+00 0.000000000000000000e+00 0.000000000000000000e+00 0.000000000000000000e+00 0.000000000000000000e+00 0.000000000000000000e+00 0.000000000000000000e+00 3.514289356799987774e-02 5.359695059626662372e-01 4.178323073706670665e-01 1.105529309866672485e-02
0.000000000000000000e+00 0.000000000000000000e+00 0.000000000000000000e+00 0.000000000000000000e+00 0.000000000000000000e+00 0.000000000000000000e+00 0.000000000000000000e+00 3.457911466666660494e-02 5.341613226666664938e-01 4.199400106666669186e-01 1.131955200000003131e-02
0.000000000000000000e+00 0.000000000000000000e+00 0.000000000000000000e+00 0.000000000000000000e+00 0.000000000000000000e+00 0.000000000000000000e+00 0.000000000000000000e+00 3.402139784533333988e-02 5.323451931306667495e-01 4.220454202026666657e-01 1.158798882133333340e-02
0.000000000000000000e+00 0.000000000000000000e+00 0.000000000000000000e+00 0.000000000000000000e+00 0.000000000000000000e+00 0.000000000000000000e+00 0.000000000000000000e+00 3.346971033599990819e-02 5.305212156586662786e-01 4.241484376746670337e-01 1.186063633066671355e-02
0.000000000000000000e+00 0.000000000000000000e+00 0.000000000000000000e+00 0.000000000000000000e+00 0.000000000000000000e+00 0.000000000000000000e+00 0.000000000000000000e+00 3.292401937066663509e-02 5.286894885546664646e-01 4.262489647786668057e-01 1.213752729600001828e-02
0.000000000000000000e+00 0.000000000000000000e+00 0.000000000000000000e+00 0.000000000000000000e+00 0.000000000000000000e+00 0.000000000000000000e+00 0.000000000000000000e+00 3.238429218133320742e-02 5.268501101226662486e-01 4.283469032106671515e-01 1.241869448533339769e-02
0.000000000000000000e+00 0.000000000000000000e+00 0.000000000000000000e+00 0.000000000000000000e+00 0.000000000000000000e+00 0.000000000000000000e+00 0.000000000000000000e+00 3.185049599999992959e-02 5.250031786666664591e-01 4.304421546666669096e-01 1.270417066666670002e-02
0.000000000000000000e+00 0.000000000000000000e+00 0.000000000000000000e+00 0.000000000000000000e+00 0.000000000000000000e+00 0.000000000000000000e+00 0.000000000000000000e+00 3.132259805866665497e-02 5.231487924906667031e-01 4.325346208426666950e-01 1.299398860800000076e-02
0.000000000000000000e+00 0.000000000000000000e+00 0.000000000000000000e+00 0.000000000000000000e+00 0.000000000000000000e+00 0.000000000000000000e+00 0.000000000000000000e+00 3.080056558933325084e-02 5.212870498986663659e-01 4.346242034346670113e-01 1.328818107733338583e-02
0.000000000000000000e+00 0.000000000000000000e+00 0.000000000000000000e+00 0.000000000000000000e+00 0.000000000000000000e+00 0.000000000000000000e+00 0.000000000000000000e+00 3.028436582399997301e-02 5.194180491946666089e-01 4.367108041386668082e-01 1.358678084266668612e-02
0.000000000000000000e+00 0.000000000000000000e+00 0.000000000000000000e+00 0.000000000000000000e+00 0.000000000000000000e+00 0.000000000000000000e+00 0.000000000000000000e+00 2.977396599466654997e-02 5.175418886826661513e-01 4.387943246506671446e-01 1.388982067200007081e-02
0.000000000000000000e+00 0.000000000000000000e+00 0.000000000000000000e+00 0.000000000000000000e+00 0.000000000000000000e+00 0.000000000000000000e+00 0.000000000000000000e+00 2.926933333333326878e-02 5.156586666666663765e-01 4.408746666666669700e-01 1.419733333333337254e-02
0.000000000000000000e+00 0.000000000000000000e+00 0.000000000000000000e+00 0.000000000000000000e+00 0.000000000000000000e+00 0.000000000000000000e+00 0.000000000000000000e+00 2.877043507199999323e-02 5.137684814506665587e-01 4.429517318826666772e-01 1.450935159466667027e-02
0.000000000000000000e+00 0.000000000000000000e+00 0.000000000000000000e+00 0.000000000000000000e+00 0.000000000000000000e+00 0.000000000000000000e+00 0.000000000000000000e+00 2.827723844266657321e-02 5.118714313386663051e-01 4.450254219946670475e-01 1.482590822400005684e-02
0.000000000000000000e+00 0.000000000000000000e+00 0.000000000000000000e+00 0.000000000000000000e+00 0.000000000000000000e+00 0.000000000000000000e+00 0.000000000000000000e+00 2.778971067733329234e-02 5.099676146346665551e-01 4.470956386986668085e-01 1.514703598933335622e-02
0.000000000000000000e+00 0.000000000000000000e+00 0.000000000000000000e+00 0.000000000000000000e+00 0.000000000000000000e+00 0.000000000000000000e+00 0.000000000000000000e+00 2.730781900799989295e-02 5.080571296426662498e-01 4.491622836906670746e-01 1.547276765866674453e-02
0.000000000000000000e+00 0.000000000000000000e+00 0.000000000000000000e+00 0.000000000000000000e+00 0.000000000000000000e+00 0.000000000000000000e+00 0.000000000000000000e+00 2.683153066666661007e-02 5.061400746666664396e-01 4.512252586666669618e-01 1.580313600000004051e-02
0.000000000000000000e+00 0.000000000000000000e+00 0.000000000000000000e+00 0.000000000000000000e+00 0.000000000000000000e+00 0.000000000000000000e+00 0.000000000000000000e+00 2.636081288533333178e-02 5.042165480106666209e-01 4.532844653226666409e-01 1.613817378133334049e-02
0.000000000000000000e+00 0.000000000000000000e+00 0.000000000000000000e+00 0.000000000000000000e+00 0.000000000000000000e+00 0.000000000000000000e+00 0.000000000000000000e+00 2.589563289599991144e-02 5.022866479786662897e-01 4.553398053546670599e-01 1.647791377066673210e-02
0.000000000000000000e+00 0.000000000000000000e+00 0.000000000000000000e+00 0.000000000000000000e+00 0.000000000000000000e+00 0.000000000000000000e+00 0.000000000000000000e+00 2.543595793066663266e-02 5.003504728746664965e-01 4.573911804586668350e-01 1.682238873600002890e-02
0.000000000000000000e+00 0.000000000000000000e+00 0.000000000000000000e+00 0.000000000000000000e+00 0.000000000000000000e+00 0.000000000000000000e+00 0.000000000000000000e+00 2.498175522133321697e-02 4.984081210026661823e-01 4.594384923306671364e-01 1.717163144533341915e-02
0.000000000000000000e+00 0.000000000000000000e+00 0.000000000000000000e+00 0.000000000000000000e+00 0.000000000000000000e+00 0.000000000000000000e+00 0.000000000000000000e+00 2.453299199999993407e-02 4.964596906666663978e-01 4.614816426666669136e-01 1.752567466666671292e-02
0.000000000000000000e+00 0.000000000000000000e+00 0.000000000000000000e+00 0.000000000000000000e+00 0.000000000000000000e+00 0.000000000000000000e+00 0.000000000000000000e+00 2.408963549866665471e-02 4.945052801706666390e-01 4.635205331626666703e-01 1.788455116800000480e-02
0.000000000000000000e+00 0.000000000000000000e+00 0.000000000000000000e+00 0.000000000000000000e+00 0.000000000000000000e+00 0.000000000000000000e+00 0.000000000000000000e+00 2.365165294933325307e-02 4.925449878186662911e-01 4.655550655146670769e-01 1.824829371733340325e-02
0.000000000000000000e+00 0.000000000000000000e+00 0.000000000000000000e+00 0.000000000000000000e+00 0.000000000000000000e+00 0.000000000000000000e+00 0.000000000000000000e+00 2.321901158399997112e-02 4.905789119146665711e-01 4.675851414186668054e-01 1.861693508266669406e-02
0.000000000000000000e+00 0.000000000000000000e+00 0.000000000000000000e+00 0.000000000000000000e+00 0.000000000000000000e+00 0.000000000000000000e+00 0.000000000000000000e+00 2.279167863466656160e-02 4.886071507626660870e-01 4.696106625706671922e-01 1.899050803200009324e-02
0.000000000000000000e+00 0.000000000000000000e+00 0.000000000000000000e+00 0.000000000000000000e+00 0.000000000000000000e+00 0.000000000000000000e+00 0.000000000000000000e+00 2.236962133333327690e-02 4.866298026666663334e-01 4.716315306666669649e-01 1.936904533333338660e-02
0.000000000000000000e+00 0.000000000000000000e+00 0.000000000000000000e+00 0.000000000000000000e+00 0.000000000000000000e+00 0.000000000000000000e+00 0.000000000000000000e+00 2.195280691199998774e-02 4.846469659306665845e-01 4.736476474026667383e-01 1.975257975466667912e-02
0.000000000000000000e+00 0.000000000000000000e+00 0.000000000000000000e+00 0.000000000000000000e+00 0.000000000000000000e+00 0.000000000000000000e+00 0.000000000000000000e+00 2.154120260266658218e-02 4.826587388586662253e-01 4.756589144746670716e-01 2.014114406400007232e-02
0.000000000000000000e+00 0.000000000000000000e+00 0.000000000000000000e+00 0.000000000000000000e+00 0.000000000000000000e+00 0.000000000000000000e+00 0.000000000000000000e+00 2.113477563733329873e-02 4.806652197546665839e-01 4.776652335786668591e-01 2.053477102933336587e-02
0.000000000000000000e+00 0.000000000000000000e+00 0.000000000000000000e+00 0.000000000000000000e+00 0.000000000000000000e+00 0.000000000000000000e+00 0.000000000000000000e+00 2.073349324799990401e-02 4.786665069226661573e-01 4.796665064106672149e-01 2.093349341866676538e-02
0.000000000000000000e+00 0.000000000000000000e+00 0.000000000000000000e+00 0.000000000000000000e+00 0.000000000000000000e+00 0.000000000000000000e+00 0.000000000000000000e+00 2.033732266666661570e-02 4.766626986666663846e-01 4.816626346666669223e-01 2.133734400000005665e-02
0.000000000000000000e+00 0.000000000000000000e+00 0.000000000000000000e+00 0.000000000000000000e+00 0.000000000000000000e+00 0.000000000000000000e+00 0.000000000000000000e+00 1.994623112533332535e-02 4.746538932906665398e-01 4.836535200426667624e-01 2.174635554133334814e-02
0.000000000000000000e+00 0.000000000000000000e+00 0.000000000000000000e+00 0.000000000000000000e+00 0.000000000000000000e+00 0.000000000000000000e+00 0.000000000000000000e+00 1.956018585599992449e-02 4.726401890986662857e-01 4.856390642346670172e-01 2.216056081066675176e-02
0.000000000000000000e+00 0.000000000000000000e+00 0.000000000000000000e+00 0.000000000000000000e+00 0.000000000000000000e+00 0.000000000000000000e+00 0.000000000000000000e+00 1.917915409066663426e-02 4.706216843946665618e-01 4.876191689386667472e-01 2.257999257600003945e-02
0.000000000000000000e+00 0.000000000000000000e+00 0.000000000000000000e+00 0.000000000000000000e+00 0.000000000000000000e+00 0.000000000000000000e+00 0.000000000000000000e+00 1.880310306133334275e-02 4.685984774826666976e-01 4.895937358506666226e-01 2.300468360533332313e-02
0.000000000000000000e+00 0.000000000000000000e+00 0.000000000000000000e+00 0.000000000000000000e+00 0.000000000000000000e+00 0.000000000000000000e+00 0.000000000000000000e+00 1.843199999999994149e-02 4.665706666666663560e-01 4.915626666666669253e-01 2.343466666666672860e-02
0.000000000000000000e+00 0.000000000000000000e+00 0.000000000000000000e+00 0.000000000000000000e+00 0.000000000000000000e+00 0.000000000000000000e+00 0.000000000000000000e+00 1.806581213866664815e-02 4.645383502506665874e-01 4.935258630826667714e-01 2.386997452800001390e-02
0.000000000000000000e+00 0.000000000000000000e+00 0.000000000000000000e+00 0.000000000000000000e+00 0.000000000000000000e+00 0.000000000000000000e+00 0.000000000000000000e+00 1.770450670933326406e-02 4.625016265386662218e-01 4.954832267946670532e-01 2.431063995733342281e-02
0.000000000000000000e+00 0.000000000000000000e+00 0.000000000000000000e+00 0.000000000000000000e+00 0.000000000000000000e+00 0.000000000000000000e+00 0.000000000000000000e+00 1.734805094399997222e-02 4.604605938346664207e-01 4.974346594986668868e-01 2.475669572266670643e-02
0.000000000000000000e+00 0.000000000000000000e+00 0.000000000000000000e+00 0.000000000000000000e+00 0.000000000000000000e+00 0.000000000000000000e+00 0.000000000000000000e+00 1.699641207466667803e-02 4.584153504426666803e-01 4.993800628906666095e-01 2.520817459199999055e-02
0.000000000000000000e+00 0.000000000000000000e+00 0.000000000000000000e+00 0.000000000000000000e+00 0.000000000000000000e+00 0.000000000000000000e+00 0.000000000000000000e+00 1.664955733333328344e-02 4.563659946666663858e-01 5.013193386666668916e-01 2.566510933333340100e-02
0.000000000000000000e+00 0.000000000000000000e+00 0.000000000000000000e+00 0.000000000000000000e+00 0.000000000000000000e+00 0.000000000000000000e+00 0.000000000000000000e+00 1.630745395199998532e-02 4.543126248106665876e-01 5.032523885226667382e-01 2.612753271466668886e-02
0.000000000000000000e+00 0.000000000000000000e+00 0.000000000000000000e+00 0.000000000000000000e+00 0.000000000000000000e+00 0.000000000000000000e+00 0.000000000000000000e+00 1.597006916266659540e-02 4.522553391786662269e-01 5.051791141546669861e-01 2.659547750400009444e-02
0.000000000000000000e+00 0.000000000000000000e+00 0.000000000000000000e+00 0.000000000000000000e+00 0.000000000000000000e+00 0.000000000000000000e+00 0.000000000000000000e+00 1.563737019733329667e-02 4.501942360746664651e-01 5.070994172586669180e-01 2.706897646933337925e-02
0.000000000000000000e+00 0.000000000000000000e+00 0.000000000000000000e+00 0.000000000000000000e+00 0.000000000000000000e+00 0.000000000000000000e+00 0.000000000000000000e+00 1.530932428799999974e-02 4.481294138026667428e-01 5.090131995306667045e-01 2.754806237866665869e-02
0.000000000000000000e+00 0.000000000000000000e+00 0.000000000000000000e+00 0.000000000000000000e+00 0.000000000000000000e+00 0.000000000000000000e+00 0.000000000000000000e+00 1.498589866666662045e-02 4.460609706666663343e-01 5.109203626666669606e-01 2.803276800000007243e-02
0.000000000000000000e+00 0.000000000000000000e+00 0.000000000000000000e+00 0.000000000000000000e+00 0.000000000000000000e+00 0.000000000000000000e+00 0.000000000000000000e+00 1.466706056533332442e-02 4.439890049706665676e-01 5.128208083626668579e-01 2.852312610133335424e-02
0.000000000000000000e+00 0.000000000000000000e+00 0.000000000000000000e+00 0.000000000000000000e+00 0.000000000000000000e+00 0.000000000000000000e+00 0.000000000000000000e+00 1.435277721599993554e-02 4.419136150186662726e-01 5.147144383146670110e-01 2.901916945066677217e-02
0.000000000000000000e+00 0.000000000000000000e+00 0.000000000000000000e+00 0.000000000000000000e+00 0.000000000000000000e+00 0.000000000000000000e+00 0.000000000000000000e+00 1.404301585066663506e-02 4.398348991146664999e-01 5.166011542186668137e-01 2.952093081600005303e-02
0.000000000000000000e+00 0.000000000000000000e+00 0.000000000000000000e+00 0.000000000000000000e+00 0.000000000000000000e+00 0.000000000000000000e+00 0.000000000000000000e+00 1.373774370133333533e-02 4.377529555626666902e-01 5.184808577706665478e-01 3.002844296533332957e-02
0.000000000000000000e+00 0.000000000000000000e+00 0.000000000000000000e+00 0.000000000000000000e+00 0.000000000000000000e+00 0.000000000000000000e+00 0.000000000000000000e+00 1.343692799999995045e-02 4.356678826666663396e-01 5.203534506666669390e-01 3.054173866666674841e-02
0.000000000000000000e+00 0.000000000000000000e+00 0.000000000000000000e+00 0.000000000000000000e+00 0.000000000000000000e+00 0.000000000000000000e+00 0.000000000000000000e+00 1.314053597866664778e-02 4.335797787306665541e-01 5.222188346026668260e-01 3.106085068800002597e-02
0.000000000000000000e+00 0.000000000000000000e+00 0.000000000000000000e+00 0.000000000000000000e+00 0.000000000000000000e+00 0.000000000000000000e+00 0.000000000000000000e+00 1.284853486933327377e-02 4.314887420586661637e-01 5.240769112746670455e-01 3.158581179733344763e-02
0.000000000000000000e+00 0.000000000000000000e+00 0.000000000000000000e+00 0.000000000000000000e+00 0.000000000000000000e+00 0.000000000000000000e+00 0.000000000000000000e+00 1.256089190399997321e-02 4.293948709546663856e-01 5.259275823786668802e-01 3.211665476266672287e-02
0.000000000000000000e+00 0.000000000000000000e+00 0.000000000000000000e+00 0.000000000000000000e+00 0.000000000000000000e+00 0.000000000000000000e+00 0.000000000000000000e+00 1.227757431466667236e-02 4.272982637226666602e-01 5.277707496106667229e-01 3.265341235199999831e-02
0.000000000000000000e+00 0.000000000000000000e+00 0.000000000000000000e+00 0.000000000000000000e+00 0.000000000000000000e+00 0.000000000000000000e+00 0.000000000000000000e+00 1.199854933333328877e-02 4.251990186666663729e-01 5.296063146666669663e-01 3.319611733333342057e-02
0.000000000000000000e+00 0.000000000000000000e+00 0.000000000000000000e+00 0.000000000000000000e+00 0.000000000000000000e+00 0.000000000000000000e+00 0.000000000000000000e+00 1.172378419199998634e-02 4.230972340906665741e-01 5.314341792426666711e-01 3.374480247466669913e-02
0.000000000000000000e+00 0.000000000000000000e+00 0.000000000000000000e+00 0.000000000000000000e+00 0.000000000000000000e+00 0.000000000000000000e+00 0.000000000000000000e+00 1.145324612266660456e-02 4.209930082986662603e-01 5.332542450346671181e-01 3.429950054400012632e-02
0.000000000000000000e+00 0.000000000000000000e+00 0.000000000000000000e+00 0.000000000000000000e+00 0.000000000000000000e+00 0.000000000000000000e+00 0.000000000000000000e+00 1.118690235733330214e-02 4.188864395946664820e-01 5.350664137386669239e-01 3.486024430933339080e-02
0.000000000000000000e+00 0.000000000000000000e+00 0.000000000000000000e+00 0.000000000000000000e+00 0.000000000000000000e+00 0.000000000000000000e+00 0.000000000000000000e+00 1.092472012799999663e-02 4.167776262826666800e-01 5.368705870506667033e-01 3.542706653866666000e-02
0.000000000000000000e+00 0.000000000000000000e+00 0.000000000000000000e+00 0.000000000000000000e+00 0.000000000000000000e+00 0.000000000000000000e+00 0.000000000000000000e+00 1.066666666666662815e-02 4.146666666666662948e-01 5.386666666666670711e-01 3.600000000000009442e-02
0.000000000000000000e+00 0.000000000000000000e+00 0.000000000000000000e+00 0.000000000000000000e+00 0.000000000000000000e+00 0.000000000000000000e+00 0.000000000000000000e+00 1.041270920533332242e-02 4.125536590506664880e-01 5.404545542826668658e-01 3.657907746133336885e-02
0.000000000000000000e+00 0.000000000000000000e+00 0.000000000000000000e+00 0.000000000000000000e+00 0.000000000000000000e+00 0.000000000000000000e+00 0.000000000000000000e+00 1.016281497599994497e-02 4.104387017386662562e-01 5.422341515946670354e-01 3.716433169066680337e-02
0.000000000000000000e+00 0.000000000000000000e+00 0.000000000000000000e+00 0.000000000000000000e+00 0.000000000000000000e+00 0.000000000000000000e+00 0.000000000000000000e+00 9.916951210666638886e-03 4.083218930346664832e-01 5.440053602986668624e-01 3.775579545600007275e-02
0.000000000000000000e+00 0.000000000000000000e+00 0.000000000000000000e+00 0.000000000000000000e+00 0.000000000000000000e+00 0.000000000000000000e+00 0.000000000000000000e+00 9.675085141333333860e-03 4.062033312426666654e-01 5.457680820906666286e-01 3.835350152533333751e-02
0.000000000000000000e+00 0.000000000000000000e+00 0.000000000000000000e+00 0.000000000000000000e+00 0.000000000000000000e+00 0.000000000000000000e+00 0.000000000000000000e+00 9.437183999999957870e-03 4.040831146666663543e-01 5.475222186666669488e-01 3.895748266666677201e-02
0.000000000000000000e+00 0.000000000000000000e+00 0.000000000000000000e+00 0.000000000000000000e+00 0.000000000000000000e+00 0.000000000000000000e+00 0.000000000000000000e+00 9.203215018666650524e-03 4.019613416106666004e-01 5.492676717226667726e-01 3.956777164800003715e-02
0.000000000000000000e+00 0.000000000000000000e+00 0.000000000000000000e+00 0.000000000000000000e+00 0.000000000000000000e+00 0.000000000000000000e+00 0.000000000000000000e+00 8.973145429333284281e-03 3.998381103786661228e-01 5.510043429546671589e-01 4.018440123733347386e-02
0.000000000000000000e+00 0.000000000000000000e+00 0.000000000000000000e+00 0.000000000000000000e+00 0.000000000000000000e+00 0.000000000000000000e+00 0.000000000000000000e+00 8.746942463999976200e-03 3.977135192746663606e-01 5.527321340586668352e-01 4.080740420266673607e-02
0.000000000000000000e+00 0.000000000000000000e+00 0.000000000000000000e+00 0.000000000000000000e+00 0.000000000000000000e+00 0.000000000000000000e+00 0.000000000000000000e+00 8.524573354666668129e-03 3.955876666026666433e-01 5.544509467306667494e-01 4.143681331200000512e-02
0.000000000000000000e+00 0.000000000000000000e+00 0.000000000000000000e+00 0.000000000000000000e+00 0.000000000000000000e+00 0.000000000000000000e+00 0.000000000000000000e+00 8.306005333333296714e-03 3.934606506666663561e-01 5.561606826666669612e-01 4.207266133333344843e-02
0.000000000000000000e+00 0.000000000000000000e+00 0.000000000000000000e+00 0.000000000000000000e+00 0.000000000000000000e+00 0.000000000000000000e+00 0.000000000000000000e+00 8.091205631999985950e-03 3.913325697706665496e-01 5.578612435626667532e-01 4.271498103466671303e-02
0.000000000000000000e+00 0.000000000000000000e+00 0.000000000000000000e+00 0.000000000000000000e+00 0.000000000000000000e+00 0.000000000000000000e+00 0.000000000000000000e+00 7.880141482666615238e-03 3.892035222186662202e-01 5.595525311146670733e-01 4.336380518400014678e-02
0.000000000000000000e+00 0.000000000000000000e+00 0.000000000000000000e+00 0.000000000000000000e+00 0.000000000000000000e+00 0.000000000000000000e+00 0.000000000000000000e+00 7.672780117333305103e-03 3.870736063146663630e-01 5.612344470186668710e-01 4.401916654933341055e-02
0.000000000000000000e+00 0.000000000000000000e+00 0.000000000000000000e+00 0.000000000000000000e+00 0.000000000000000000e+00 0.000000000000000000e+00 0.000000000000000000e+00 7.469088767999995659e-03 3.849429203626666407e-01 5.629068929706666502e-01 4.468109789866667181e-02
0.000000000000000000e+00 0.000000000000000000e+00 0.000000000000000000e+00 0.000000000000000000e+00 0.000000000000000000e+00 0.000000000000000000e+00 0.000000000000000000e+00 7.269034666666633095e-03 3.828115626666662719e-01 5.645697706666670257e-01 4.534963200000011879e-02
0.000000000000000000e+00 0.000000000000000000e+00 0.000000000000000000e+00 0.000000000000000000e+00 0.000000000000000000e+00 0.000000000000000000e+00 0.000000000000000000e+00 7.072585045333322322e-03 3.806796315306664180e-01 5.662229818026668360e-01 4.602480162133337771e-02
0.000000000000000000e+00 0.000000000000000000e+00 0.000000000000000000e+00 0.000000000000000000e+00 0.000000000000000000e+00 0.000000000000000000e+00 0.000000000000000000e+00 6.879707135999954884e-03 3.785472252586661868e-01 5.678664280746670290e-01 4.670663953066683111e-02
0.000000000000000000e+00 0.000000000000000000e+00 0.000000000000000000e+00 0.000000000000000000e+00 0.000000000000000000e+00 0.000000000000000000e+00 0.000000000000000000e+00 6.690368170666642633e-03 3.764144421546664065e-01 5.695000111786667762e-01 4.739517849600009131e-02
0.000000000000000000e+00 0.000000000000000000e+00 0.000000000000000000e+00 0.000000000000000000e+00 0.000000000000000000e+00 0.000000000000000000e+00 0.000000000000000000e+00 6.504535381333330021e-03 3.742813805226666291e-01 5.711236328106666926e-01 4.809045128533334656e-02
0.000000000000000000e+00 0.000000000000000000e+00 0.000000000000000000e+00 0.000000000000000000e+00 0.000000000000000000e+00 0.000000000000000000e+00 0.000000000000000000e+00 6.322175999999964970e-03 3.721481386666662949e-01 5.727371946666669489e-01 4.879249066666679208e-02
0.000000000000000000e+00 0.000000000000000000e+00 0.000000000000000000e+00 0.000000000000000000e+00 0.000000000000000000e+00 0.000000000000000000e+00 0.000000000000000000e+00 6.143257258666651524e-03 3.700148148906665102e-01 5.743405984426668276e-01 4.950132940800004711e-02
0.000000000000000000e+00 0.000000000000000000e+00 0.000000000000000000e+00 0.000000000000000000e+00 0.000000000000000000e+00 0.000000000000000000e+00 0.000000000000000000e+00 5.967746389333293371e-03 3.678815074986661049e-01 5.759337458346670546e-01 5.021700027733350807e-02
0.000000000000000000e+00 0.000000000000000000e+00 0.000000000000000000e+00 0.000000000000000000e+00 0.000000000000000000e+00 0.000000000000000000e+00 0.000000000000000000e+00 5.795610623999979810e-03 3.657483147946663515e-01 5.775165385386669126e-01 5.093953604266676649e-02
0.000000000000000000e+00 0.000000000000000000e+00 0.000000000000000000e+00 0.000000000000000000e+00 0.000000000000000000e+00 0.000000000000000000e+00 0.000000000000000000e+00 5.626817194666664836e-03 3.636153350826666353e-01 5.790888782506666832e-01 5.166896947200001755e-02
0.000000000000000000e+00 0.000000000000000000e+00 0.000000000000000000e+00 0.000000000000000000e+00 0.000000000000000000e+00 0.000000000000000000e+00 0.000000000000000000e+00 5.461333333333302439e-03 3.614826666666662858e-01 5.806506666666668703e-01 5.240533333333347726e-02
0.000000000000000000e+00 0.000000000000000000e+00 0.000000000000000000e+00 0.000000000000000000e+00 0.000000000000000000e+00 0.000000000000000000e+00 0.000000000000000000e+00 5.299126271999987127e-03 3.593504078506665200e-01 5.822018054826667566e-01 5.314866039466672326e-02
0.000000000000000000e+00 0.000000000000000000e+00 0.000000000000000000e+00 0.000000000000000000e+00 0.000000000000000000e+00 0.000000000000000000e+00 0.000000000000000000e+00 5.140163242666626053e-03 3.572186569386661681e-01 5.837421963946670678e-01 5.389898342400017972e-02
0.000000000000000000e+00 0.000000000000000000e+00 0.000000000000000000e+00 0.000000000000000000e+00 0.000000000000000000e+00 0.000000000000000000e+00 0.000000000000000000e+00 4.984411477333310254e-03 3.550875122346663915e-01 5.852717410986668645e-01 5.465633518933343815e-02
0.000000000000000000e+00 0.000000000000000000e+00 0.000000000000000000e+00 0.000000000000000000e+00 0.000000000000000000e+00 0.000000000000000000e+00 0.000000000000000000e+00 4.831838207999993723e-03 3.529570720426665753e-01 5.867903412906666505e-01 5.542074845866667987e-02
0.000000000000000000e+00 0.000000000000000000e+00 0.000000000000000000e+00 0.000000000000000000e+00 0.000000000000000000e+00 0.000000000000000000e+00 0.000000000000000000e+00 4.682410666666639992e-03 3.508274346666662158e-01 5.882978986666670407e-01 5.619225600000014864e-02
0.000000000000000000e+00 0.000000000000000000e+00 0.000000000000000000e+00 0.000000000000000000e+00 0.000000000000000000e+00 0.000000000000000000e+00 0.000000000000000000e+00 4.536096085333322751e-03 3.486986984106664744e-01 5.897943149226667625e-01 5.697089058133339434e-02
0.000000000000000000e+00 0.000000000000000000e+00 0.000000000000000000e+00 0.000000000000000000e+00 0.000000000000000000e+00 0.000000000000000000e+00 0.000000000000000000e+00 4.392861695999964768e-03 3.465709615786661812e-01 5.912794917546669859e-01 5.775668497066686891e-02
0.000000000000000000e+00 0.000000000000000000e+00 0.000000000000000000e+00 0.000000000000000000e+00 0.000000000000000000e+00 0.000000000000000000e+00 0.000000000000000000e+00 4.252674730666647536e-03 3.444443224746663867e-01 5.927533308586667715e-01 5.854967193600011527e-02
0.000000000000000000e+00 0.000000000000000000e+00 0.000000000000000000e+00 0.000000000000000000e+00 0.000000000000000000e+00 0.000000000000000000e+00 0.000000000000000000e+00 4.115502421333329386e-03 3.423188794026666426e-01 5.942157339306667341e-01 5.934988424533335638e-02
0.000000000000000000e+00 0.000000000000000000e+00 0.000000000000000000e+00 0.000000000000000000e+00 0.000000000000000000e+00 0.000000000000000000e+00 0.000000000000000000e+00 3.981311999999972116e-03 3.401947306666662230e-01 5.956666026666669334e-01 6.015735466666682907e-02
0.000000000000000000e+00 0.000000000000000000e+00 0.000000000000000000e+00 0.000000000000000000e+00 0.000000000000000000e+00 0.000000000000000000e+00 0.000000000000000000e+00 3.850070698666653753e-03 3.380719745706665114e-01 5.971058387626668740e-01 6.097211596800006239e-02
0.000000000000000000e+00 0.000000000000000000e+00 0.000000000000000000e+00 0.000000000000000000e+00 0.000000000000000000e+00 0.000000000000000000e+00 0.000000000000000000e+00 3.721745749333334793e-03 3.359507094186667264e-01 5.985333439146666157e-01 6.179420091733330705e-02
0.000000000000000000e+00 0.000000000000000000e+00 0.000000000000000000e+00 0.000000000000000000e+00 0.000000000000000000e+00 0.000000000000000000e+00 0.000000000000000000e+00 3.596304383999983107e-03 3.338310335146663088e-01 5.999490198186668843e-01 6.262364228266678601e-02
0.000000000000000000e+00 0.000000000000000000e+00 0.000000000000000000e+00 0.000000000000000000e+00 0.000000000000000000e+00 0.000000000000000000e+00 0.000000000000000000e+00 3.473713834666663711e-03 3.317130451626665311e-01 6.013527681706667405e-01 6.346047283200002831e-02
0.000000000000000000e+00 0.000000000000000000e+00 0.000000000000000000e+00 0.000000000000000000e+00 0.000000000000000000e+00 0.000000000000000000e+00 0.000000000000000000e+00 3.353941333333309346e-03 3.295968426666662787e-01 6.027444906666669100e-01 6.430472533333350671e-02
0.000000000000000000e+00 0.000000000000000000e+00 0.000000000000000000e+00 0.000000000000000000e+00 0.000000000000000000e+00 0.000000000000000000e+00 0.000000000000000000e+00 3.236954111999988930e-03 3.274825243306664357e-01 6.041240890026667865e-01 6.515643255466675721e-02
0.000000000000000000e+00 0.000000000000000000e+00 0.000000000000000000e+00 0.000000000000000000e+00 0.000000000000000000e+00 0.000000000000000000e+00 0.000000000000000000e+00 3.122719402666668601e-03 3.253701884586667203e-01 6.054914648746665407e-01 6.601562726399999581e-02
0.000000000000000000e+00 0.000000000000000000e+00 0.000000000000000000e+00 0.000000000000000000e+00 0.000000000000000000e+00 0.000000000000000000e+00 0.000000000000000000e+00 3.011204437333315793e-03 3.232599333546663511e-01 6.068465199786668984e-01 6.688234222933346629e-02
0.000000000000000000e+00 0.000000000000000000e+00 0.000000000000000000e+00 0.000000000000000000e+00 0.000000000000000000e+00 0.000000000000000000e+00 0.000000000000000000e+00 2.902376447999994655e-03 3.211518573226666007e-01 6.081891560106666983e-01 6.775661021866669076e-02
0.000000000000000000e+00 0.000000000000000000e+00 0.000000000000000000e+00 0.000000000000000000e+00 0.000000000000000000e+00 0.000000000000000000e+00 0.000000000000000000e+00 2.796202666666646169e-03 3.190460586666661880e-01 6.095192746666668882e-01 6.863846400000019055e-02
0.000000000000000000e+00 0.000000000000000000e+00 0.000000000000000000e+00 0.000000000000000000e+00 0.000000000000000000e+00 0.000000000000000000e+00 0.000000000000000000e+00 2.692650325333324508e-03 3.169426356906664410e-01 6.108367776426668616e-01 6.952793634133341838e-02
0.000000000000000000e+00 0.000000000000000000e+00 0.000000000000000000e+00 0.000000000000000000e+00 0.000000000000000000e+00 0.000000000000000000e+00 0.000000000000000000e+00 2.591686656000002312e-03 3.148416866986666340e-01 6.121415666346666784e-01 7.042506001066665966e-02
0.000000000000000000e+00 0.000000000000000000e+00 0.000000000000000000e+00 0.000000000000000000e+00 0.000000000000000000e+00 0.000000000000000000e+00 0.000000000000000000e+00 2.493278890666651790e-03 3.127433099946663742e-01 6.134335433386668424e-01 7.132986777600013040e-02
0.000000000000000000e+00 0.000000000000000000e+00 0.000000000000000000e+00 0.000000000000000000e+00 0.000000000000000000e+00 0.000000000000000000e+00 0.000000000000000000e+00 2.397394261333329283e-03 3.106476038826666008e-01 6.147126094506667471e-01 7.224239240533336659e-02
0.000000000000000000e+00 0.000000000000000000e+00 0.000000000000000000e+00 0.000000000000000000e+00 0.000000000000000000e+00 0.000000000000000000e+00 0.000000000000000000e+00 2.303999999999979675e-03 3.085546666666662552e-01 6.159786666666668964e-01 7.316266666666686180e-02
0.000000000000000000e+00 0.000000000000000000e+00 0.000000000000000000e+00 0.000000000000000000e+00 0.000000000000000000e+00 0.000000000000000000e+00 0.000000000000000000e+00 2.213063338666656273e-03 3.064645966506664432e-01 6.172316166826667949e-01 7.409072332800009653e-02
0.000000000000000000e+00 0.000000000000000000e+00 0.000000000000000000e+00 0.000000000000000000e+00 0.000000000000000000e+00 0.000000000000000000e+00 0.000000000000000000e+00 2.124551509333333019e-03 3.043774921386667165e-01 6.184713611946666134e-01 7.502659515733332840e-02
0.000000000000000000e+00 0.000000000000000000e+00 0.000000000000000000e+00 0.000000000000000000e+00 0.000000000000000000e+00 0.000000000000000000e+00 0.000000000000000000e+00 2.038431743999987757e-03 3.022934514346662938e-01 6.196978018986669667e-01 7.597031492266681507e-02
0.000000000000000000e+00 0.000000000000000000e+00 0.000000000000000000e+00 0.000000000000000000e+00 0.000000000000000000e+00 0.000000000000000000e+00 0.000000000000000000e+00 1.954671274666663818e-03 3.002125728426665030e-01 6.209108404906666934e-01 7.692191539200005090e-02
0.000000000000000000e+00 0.000000000000000000e+00 0.000000000000000000e+00 0.000000000000000000e+00 0.000000000000000000e+00 0.000000000000000000e+00 0.000000000000000000e+00 1.873237333333316063e-03 2.981349546666662853e-01 6.221103786666669633e-01 7.788142933333352946e-02
0.000000000000000000e+00 0.000000000000000000e+00 0.000000000000000000e+00 0.000000000000000000e+00 0.000000000000000000e+00 0.000000000000000000e+00 0.000000000000000000e+00 1.794097151999991943e-03 2.960606952106664691e-01 6.232963181226667260e-01 7.884888951466677287e-02
0.000000000000000000e+00 0.000000000000000000e+00 0.000000000000000000e+00 0.000000000000000000e+00 0.000000000000000000e+00 0.000000000000000000e+00 0.000000000000000000e+00 1.717217962666666917e-03 2.939898927786667171e-01 6.244685605546667073e-01 7.982432870399999714e-02
0.000000000000000000e+00 0.000000000000000000e+00 0.000000000000000000e+00 0.000000000000000000e+00 0.000000000000000000e+00 0.000000000000000000e+00 0.000000000000000000e+00 1.642566997333320565e-03 2.919226456746663034e-01 6.256270076586668560e-01 8.080777966933350154e-02
0.000000000000000000e+00 0.000000000000000000e+00 0.000000000000000000e+00 0.000000000000000000e+00 0.000000000000000000e+00 0.000000000000000000e+00 0.000000000000000000e+00 1.570111487999995351e-03 2.898590522026666116e-01 6.267715611306666768e-01 8.179927517866672493e-02
0.000000000000000000e+00 0.000000000000000000e+00 0.000000000000000000e+00 0.000000000000000000e+00 0.000000000000000000e+00 0.000000000000000000e+00 0.000000000000000000e+00 1.499818666666652206e-03 2.877992106666661942e-01 6.279021226666668953e-01 8.279884800000023026e-02
0.000000000000000000e+00 0.000000000000000000e+00 0.000000000000000000e+00 0.000000000000000000e+00 0.000000000000000000e+00 0.000000000000000000e+00 0.000000000000000000e+00 1.431655765333326655e-03 2.857432193706664347e-01 6.290185939626667944e-01 8.380653090133344252e-02
0.000000000000000000e+00 0.000000000000000000e+00 0.000000000000000000e+00 0.000000000000000000e+00 0.000000000000000000e+00 0.000000000000000000e+00 0.000000000000000000e+00 1.365590016000000880e-03 2.836911766186666628e-01 6.301208767146666556e-01 8.482235665066666097e-02
0.000000000000000000e+00 0.000000000000000000e+00 0.000000000000000000e+00 0.000000000000000000e+00 0.000000000000000000e+00 0.000000000000000000e+00 0.000000000000000000e+00 1.301588650666656195e-03 2.816431807146663746e-01 6.312088726186668719e-01 8.584635801600017102e-02
0.000000000000000000e+00 0.000000000000000000e+00 0.000000000000000000e+00 0.000000000000000000e+00 0.000000000000000000e+00 0.000000000000000000e+00 0.000000000000000000e+00 1.239618901333329861e-03 2.795993299626665651e-01 6.322824833706667258e-01 8.687856776533339764e-02
0.000000000000000000e+00 0.000000000000000000e+00 0.000000000000000000e+00 0.000000000000000000e+00 0.000000000000000000e+00 0.000000000000000000e+00 0.000000000000000000e+00 1.179647999999986060e-03 2.775597226666662309e-01 6.333416106666668322e-01 8.791901866666690379e-02
0.000000000000000000e+00 0.000000000000000000e+00 0.000000000000000000e+00 0.000000000000000000e+00 0.000000000000000000e+00 0.000000000000000000e+00 0.000000000000000000e+00 1.121643178666659451e-03 2.755244571306664225e-01 6.343861562026666956e-01 8.896774348800012833e-02
0.000000000000000000e+00 0.000000000000000000e+00 0.000000000000000000e+00 0.000000000000000000e+00 0.000000000000000000e+00 0.000000000000000000e+00 0.000000000000000000e+00 1.065571669333332432e-03 2.734936316586666361e-01 6.354160216746667089e-01 9.002477499733334276e-02
0.000000000000000000e+00 0.000000000000000000e+00 0.000000000000000000e+00 0.000000000000000000e+00 0.000000000000000000e+00 0.000000000000000000e+00 0.000000000000000000e+00 1.011400703999991522e-03 2.714673445546662567e-01 6.364311087786669319e-01 9.109014596266684638e-02
0.000000000000000000e+00 0.000000000000000000e+00 0.000000000000000000e+00 0.000000000000000000e+00 0.000000000000000000e+00 0.000000000000000000e+00 0.000000000000000000e+00 9.590975146666641136e-04 2.694456941226665014e-01 6.374313192106667580e-01 9.216388915200006415e-02
0.000000000000000000e+00 0.000000000000000000e+00 0.000000000000000000e+00 0.000000000000000000e+00 0.000000000000000000e+00 0.000000000000000000e+00 0.000000000000000000e+00 9.086293333333219811e-04 2.674287786666662003e-01 6.384165546666669133e-01 9.324603733333358679e-02
0.000000000000000000e+00 0.000000000000000000e+00 0.000000000000000000e+00 0.000000000000000000e+00 0.000000000000000000e+00 0.000000000000000000e+00 0.000000000000000000e+00 8.599633919999943605e-04 2.654166964906664594e-01 6.393867168426667913e-01 9.433662327466678377e-02
0.000000000000000000e+00 0.000000000000000000e+00 0.000000000000000000e+00 0.000000000000000000e+00 0.000000000000000000e+00 0.000000000000000000e+00 0.000000000000000000e+00 8.130669226666662527e-04 2.634095458986666638e-01 6.403417074346666737e-01 9.543567974400000986e-02
0.000000000000000000e+00 0.000000000000000000e+00 0.000000000000000000e+00 0.000000000000000000e+00 0.000000000000000000e+00 0.000000000000000000e+00 0.000000000000000000e+00 7.679071573333249353e-04 2.614074251946663097e-01 6.412814281386668425e-01 9.654323950933352272e-02
0.000000000000000000e+00 0.000000000000000000e+00 0.000000000000000000e+00 0.000000000000000000e+00 0.000000000000000000e+00 0.000000000000000000e+00 0.000000000000000000e+00 7.244513279999967173e-04 2.594104326826665585e-01 6.422057806506666910e-01 9.765933533866674732e-02
0.000000000000000000e+00 0.000000000000000000e+00 0.000000000000000000e+00 0.000000000000000000e+00 0.000000000000000000e+00 0.000000000000000000e+00 0.000000000000000000e+00 6.826666666666576008e-04 2.574186666666661849e-01 6.431146666666669454e-01 9.878400000000026049e-02
0.000000000000000000e+00 0.000000000000000000e+00 0.000000000000000000e+00 0.000000000000000000e+00 0.000000000000000000e+00 0.000000000000000000e+00 0.000000000000000000e+00 6.425204053333290156e-04 2.554322254506664058e-01 6.440079878826667770e-01 9.991726626133347333e-02
0.000000000000000000e+00 0.000000000000000000e+00 0.000000000000000000e+00 0.000000000000000000e+00 0.000000000000000000e+00 0.000000000000000000e+00 0.000000000000000000e+00 6.039797759999998659e-04 2.534512073386666065e-01 6.448856459946666897e-01 1.010591668906666851e-01
0.000000000000000000e+00 0.000000000000000000e+00 0.000000000000000000e+00 0.000000000000000000e+00 0.000000000000000000e+00 0.000000000000000000e+00 0.000000000000000000e+00 5.670120106666601397e-04 2.514757106346663384e-01 6.457475426986667433e-01 1.022097346560001951e-01
0.000000000000000000e+00 0.000000000000000000e+00 0.000000000000000000e+00 0.000000000000000000e+00 0.000000000000000000e+00 0.000000000000000000e+00 0.000000000000000000e+00 5.315843413333309420e-04 2.495058336426665690e-01 6.465935796906667754e-01 1.033690023253334006e-01
0.000000000000000000e+00 0.000000000000000000e+00 0.000000000000000000e+00 0.000000000000000000e+00 0.000000000000000000e+00 0.000000000000000000e+00 0.000000000000000000e+00 4.976639999999917440e-04 2.475416746666662116e-01 6.474236586666668458e-01 1.045370026666669477e-01
0.000000000000000000e+00 0.000000000000000000e+00 0.000000000000000000e+00 0.000000000000000000e+00 0.000000000000000000e+00 0.000000000000000000e+00 0.000000000000000000e+00 4.652182186666622954e-04 2.455833320106664552e-01 6.482376813226666812e-01 1.057137684480001505e-01
0.000000000000000000e+00 0.000000000000000000e+00 0.000000000000000000e+00 0.000000000000000000e+00 0.000000000000000000e+00 0.000000000000000000e+00 0.000000000000000000e+00 4.342142293333324217e-04 2.436309039786666297e-01 6.490355493546666743e-01 1.068993324373333637e-01
0.000000000000000000e+00 0.000000000000000000e+00 0.000000000000000000e+00 0.000000000000000000e+00 0.000000000000000000e+00 0.000000000000000000e+00 0.000000000000000000e+00 4.046192639999949842e-04 2.416844888746662590e-01 6.498171644586667739e-01 1.080937274026668865e-01
0.000000000000000000e+00 0.000000000000000000e+00 0.000000000000000000e+00 0.000000000000000000e+00 0.000000000000000000e+00 0.000000000000000000e+00 0.000000000000000000e+00 3.764005546666649078e-04 2.397441850026665044e-01 6.505824283306667066e-01 1.092969861120000885e-01
0.000000000000000000e+00 0.000000000000000000e+00 0.000000000000000000e+00 0.000000000000000000e+00 0.000000000000000000e+00 0.000000000000000000e+00 0.000000000000000000e+00 3.495253333333269764e-04 2.378100906666661962e-01 6.513312426666668653e-01 1.105091413333336298e-01
0.000000000000000000e+00 0.000000000000000000e+00 0.000000000000000000e+00 0.000000000000000000e+00 0.000000000000000000e+00 0.000000000000000000e+00 0.000000000000000000e+00 3.239608319999967112e-04 2.358823041706664403e-01 6.520635091626667545e-01 1.117302258346668242e-01
0.000000000000000000e+00 0.000000000000000000e+00 0.000000000000000000e+00 0.000000000000000000e+00 0.000000000000000000e+00 0.000000000000000000e+00 0.000000000000000000e+00 2.996742826666661604e-04 2.339609238186666496e-01 6.527791295146666561e-01 1.129602723840000267e-01
0.000000000000000000e+00 0.000000000000000000e+00 0.000000000000000000e+00 0.000000000000000000e+00 0.000000000000000000e+00 0.000000000000000000e+00 0.000000000000000000e+00 2.766329173333288358e-04 2.320460479146662924e-01 6.534780054186667408e-01 1.141993137493335780e-01
0.000000000000000000e+00 0.000000000000000000e+00 0.000000000000000000e+00 0.000000000000000000e+00 0.000000000000000000e+00 0.000000000000000000e+00 0.000000000000000000e+00 2.548039679999980901e-04 2.301377747626665304e-01 6.541600385706667353e-01 1.154473826986667645e-01
0.000000000000000000e+00 0.000000000000000000e+00 0.000000000000000000e+00 0.000000000000000000e+00 0.000000000000000000e+00 0.000000000000000000e+00 0.000000000000000000e+00 2.341546666666619329e-04 2.282362026666661659e-01 6.548251306666668103e-01 1.167045120000003017e-01
0.000000000000000000e+00 0.000000000000000000e+00 0.000000000000000000e+00 0.000000000000000000e+00 0.000000000000000000e+00 0.000000000000000000e+00 0.000000000000000000e+00 2.146522453333309793e-04 2.263414299306663879e-01 6.554731834026668036e-01 1.179707344213335035e-01
0.000000000000000000e+00 0.000000000000000000e+00 0.000000000000000000e+00 0.000000000000000000e+00 0.000000000000000000e+00 0.000000000000000000e+00 0.000000000000000000e+00 1.962639359999997170e-04 2.244535548586666096e-01 6.561040984746666638e-01 1.192460827306666971e-01
0.000000000000000000e+00 0.000000000000000000e+00 0.000000000000000000e+00 0.000000000000000000e+00 0.000000000000000000e+00 0.000000000000000000e+00 0.000000000000000000e+00 1.789569706666634195e-04 2.225726757546663270e-01 6.567177775786667837e-01 1.205305896960002510e-01
0.000000000000000000e+00 0.000000000000000000e+00 0.000000000000000000e+00 0.000000000000000000e+00 0.000000000000000000e+00 0.000000000000000000e+00 0.000000000000000000e+00 1.626985813333320244e-04 2.206988909226665352e-01 6.573141224106666680e-01 1.218242880853334376e-01
0.000000000000000000e+00 0.000000000000000000e+00 0.000000000000000000e+00 0.000000000000000000e+00 0.000000000000000000e+00 0.000000000000000000e+00 0.000000000000000000e+00 1.474559999999961162e-04 2.188322986666661751e-01 6.578930346666667095e-01 1.231272106666670141e-01
0.000000000000000000e+00 0.000000000000000000e+00 0.000000000000000000e+00 0.000000000000000000e+00 0.000000000000000000e+00 0.000000000000000000e+00 0.000000000000000000e+00 1.331964586666645482e-04 2.169729972906664084e-01 6.584544160426666348e-01 1.244393902080001973e-01
0.000000000000000000e+00 0.000000000000000000e+00 0.000000000000000000e+00 0.000000000000000000e+00 0.000000000000000000e+00 0.000000000000000000e+00 0.000000000000000000e+00 1.198871893333327838e-04 2.151210850986666201e-01 6.589981682346666148e-01 1.257608594773333699e-01
0.000000000000000000e+00 0.000000000000000000e+00 0.000000000000000000e+00 0.000000000000000000e+00 0.000000000000000000e+00 0.000000000000000000e+00 0.000000000000000000e+00 1.074954239999977772e-04 2.132766603946662787e-01 6.595241929386668200e-01 1.270916512426669143e-01
0.000000000000000000e+00 0.000000000000000000e+00 0.000000000000000000e+00 0.000000000000000000e+00 0.000000000000000000e+00 0.000000000000000000e+00 0.000000000000000000e+00 9.598839466666582020e-05 2.114398214826664624e-01 6.600323918506667553e-01 1.284317982720001305e-01
0.000000000000000000e+00 0.000000000000000000e+00 0.000000000000000000e+00 0.000000000000000000e+00 0.000000000000000000e+00 0.000000000000000000e+00 0.000000000000000000e+00 8.533333333333072287e-05 2.096106666666662233e-01 6.605226666666668134e-01 1.297813333333336649e-01
0.000000000000000000e+00 0.000000000000000000e+00 0.000000000000000000e+00 0.000000000000000000e+00 0.000000000000000000e+00 0.000000000000000000e+00 0.000000000000000000e+00 7.549747199999862798e-05 2.077892942506664176e-01 6.609949190826667209e-01 1.311402891946668592e-01
0.000000000000000000e+00 0.000000000000000000e+00 0.000000000000000000e+00 0.000000000000000000e+00 0.000000000000000000e+00 0.000000000000000000e+00 0.000000000000000000e+00 6.644804266666636775e-05 2.059758025386665969e-01 6.614490507946666487e-01 1.325086986240000542e-01
0.000000000000000000e+00 0.000000000000000000e+00 0.000000000000000000e+00 0.000000000000000000e+00 0.000000000000000000e+00 0.000000000000000000e+00 0.000000000000000000e+00 5.815227733333164174e-05 2.041702898346663131e-01 6.618849634986667674e-01 1.338865943893336186e-01
0.000000000000000000e+00 0.000000000000000000e+00 0.000000000000000000e+00 0.000000000000000000e+00 0.000000000000000000e+00 0.000000000000000000e+00 0.000000000000000000e+00 5.057740799999925106e-05 2.023728544426665055e-01 6.623025588906665817e-01 1.352740092586668108e-01
0.000000000000000000e+00 0.000000000000000000e+00 0.000000000000000000e+00 0.000000000000000000e+00 0.000000000000000000e+00 0.000000000000000000e+00 0.000000000000000000e+00 4.369066666666671230e-05 2.005835946666666980e-01 6.627017386666667065e-01 1.366709759999999718e-01
0.000000000000000000e+00 0.000000000000000000e+00 0.000000000000000000e+00 0.000000000000000000e+00 0.000000000000000000e+00 0.000000000000000000e+00 0.000000000000000000e+00 3.745928533333251788e-05 1.988026088106663869e-01 6.630824045226667574e-01 1.380775273813335535e-01
0.000000000000000000e+00 0.000000000000000000e+00 0.000000000000000000e+00 0.000000000000000000e+00 0.000000000000000000e+00 0.000000000000000000e+00 0.000000000000000000e+00 3.185049599999985613e-05 1.970299951786665671e-01 6.634444581546667941e-01 1.394936961706667033e-01
0.000000000000000000e+00 0.000000000000000000e+00 0.000000000000000000e+00 0.000000000000000000e+00 0.000000000000000000e+00 0.000000000000000000e+00 0.000000000000000000e+00 2.683153066666568463e-05 1.952658520746663184e-01 6.637878012586667653e-01 1.409195151360002896e-01
0.000000000000000000e+00 0.000000000000000000e+00 0.000000000000000000e+00 0.000000000000000000e+00 0.000000000000000000e+00 0.000000000000000000e+00 0.000000000000000000e+00 2.236962133333292744e-05 1.935102778026665249e-01 6.641123355306667309e-01 1.423550170453334596e-01
0.000000000000000000e+00 0.000000000000000000e+00 0.000000000000000000e+00 0.000000000000000000e+00 0.000000000000000000e+00 0.000000000000000000e+00 0.000000000000000000e+00 1.843200000000004646e-05 1.917633706666667104e-01 6.644179626666666394e-01 1.438002346666666376e-01
0.000000000000000000e+00 0.000000000000000000e+00 0.000000000000000000e+00 0.000000000000000000e+00 0.000000000000000000e+00 0.000000000000000000e+00 0.000000000000000000e+00 1.498589866666613380e-05 1.900252289706663988e-01 6.647045843626666617e-01 1.452552007680002477e-01
0.000000000000000000e+00 0.000000000000000000e+00 0.000000000000000000e+00 0.000000000000000000e+00 0.000000000000000000e+00 0.000000000000000000e+00 0.000000000000000000e+00 1.199854933333317840e-05 1.882959510186666130e-01 6.649721023146666354e-01 1.467199481173334097e-01
0.000000000000000000e+00 0.000000000000000000e+00 0.000000000000000000e+00 0.000000000000000000e+00 0.000000000000000000e+00 0.000000000000000000e+00 0.000000000000000000e+00 9.437183999999528648e-06 1.865756351146662939e-01 6.652204182186667314e-01 1.481945094826669640e-01
0.000000000000000000e+00 0.000000000000000000e+00 0.000000000000000000e+00 0.000000000000000000e+00 0.000000000000000000e+00 0.000000000000000000e+00 0.000000000000000000e+00 7.269034666666489099e-06 1.848643795626664643e-01 6.654494337706666762e-01 1.496789176320001413e-01
0.000000000000000000e+00 0.000000000000000000e+00 0.000000000000000000e+00 0.000000000000000000e+00 0.000000000000000000e+00 0.000000000000000000e+00 0.000000000000000000e+00 5.461333333333366990e-06 1.831622826666666481e-01 6.656590506666666407e-01 1.511732053333333103e-01
0.000000000000000000e+00 0.000000000000000000e+00 0.000000000000000000e+00 0.000000000000000000e+00 0.000000000000000000e+00 0.000000000000000000e+00 0.000000000000000000e+00 3.981311999999789740e-06 1.814694427306664248e-01 6.658491706026666845e-01 1.526774053546668952e-01
0.000000000000000000e+00 0.000000000000000000e+00 0.000000000000000000e+00 0.000000000000000000e+00 0.000000000000000000e+00 0.000000000000000000e+00 0.000000000000000000e+00 2.796202666666615930e-06 1.797859580586666228e-01 6.660196952746666454e-01 1.541915504640000711e-01
0.000000000000000000e+00 0.000000000000000000e+00 0.000000000000000000e+00 0.000000000000000000e+00 0.000000000000000000e+00 0.000000000000000000e+00 0.000000000000000000e+00 1.873237333333150894e-06 1.781119269546662942e-01 6.661705263786665832e-01 1.557156734293336786e-01
0.000000000000000000e+00 0.000000000000000000e+00 0.000000000000000000e+00 0.000000000000000000e+00 0.000000000000000000e+00 0.000000000000000000e+00 0.000000000000000000e+00 1.179647999999930917e-06 1.764474477226664617e-01 6.663015656106665574e-01 1.572498070186668373e-01
0.000000000000000000e+00 0.000000000000000000e+00 0.000000000000000000e+00 0.000000000000000000e+00 0.000000000000000000e+00 0.000000000000000000e+00 0.000000000000000000e+00 6.826666666666637799e-07 1.747926186666666493e-01 6.664127146666665169e-01 1.587939839999999991e-01
0.000000000000000000e+00 0.000000000000000000e+00 0.000000000000000000e+00 0.000000000000000000e+00 0.000000000000000000e+00 0.000000000000000000e+00 0.000000000000000000e+00 3.495253333332936393e-07 1.731475380906663808e-01 6.665038752426666324e-01 1.603482371413335883e-01
0.000000000000000000e+00 0.000000000000000000e+00 0.000000000000000000e+00 0.000000000000000000e+00 0.000000000000000000e+00 0.000000000000000000e+00 0.000000000000000000e+00 1.474559999999939321e-07 1.715123042986665680e-01 6.665749490346666306e-01 1.619125992106667522e-01
0.000000000000000000e+00 0.000000000000000000e+00 0.000000000000000000e+00 0.000000000000000000e+00 0.000000000000000000e+00 0.000000000000000000e+00 0.000000000000000000e+00 4.369066666665222873e-08 1.698870155946663185e-01 6.666258377386666822e-01 1.634871029760003314e-01
0.000000000000000000e+00 0.000000000000000000e+00 0.000000000000000000e+00 0.000000000000000000e+00 0.000000000000000000e+00 0.000000000000000000e+00 0.000000000000000000e+00 5.461333333331528591e-09 1.682717702826664885e-01 6.666564430506666250e-01 1.650717812053335010e-01
