1.666666666666666852e-01 6.666666666666667407e-01 1.666666666666666574e-01 0.000000000000000000e+00
1.664667466560000586e-01 6.666665066986667831e-01 1.668667466346666628e-01 1.066666666666666699e-11
1.662669865813333758e-01 6.666660269226666324e-01 1.670669864106666125e-01 8.533333333333333593e-11
1.660673863786666926e-01 6.666652275306665931e-01 1.672673858026667015e-01 2.880000000000000394e-10
1.658679459840000370e-01 6.666641087146665257e-01 1.674679446186667087e-01 6.826666666666666874e-10
1.656686653333333814e-01 6.666626706666665125e-01 1.676686626666666902e-01 1.333333333333333279e-09
1.654695443626666151e-01 6.666609135786667473e-01 1.678695397546666468e-01 2.304000000000000316e-09
1.652705830079999605e-01 6.666588376426666462e-01 1.680705756906666626e-01 3.658666666666666440e-09
1.650717812053333067e-01 6.666564430506667360e-01 1.682717702826666828e-01 5.461333333333333499e-09
1.648731388906666262e-01 6.666537299946666550e-01 1.684731233386666527e-01 7.776000000000002926e-09
1.646746559999999748e-01 6.666506986666667078e-01 1.686746346666666840e-01 1.066666666666666623e-08
1.644763324693333528e-01 6.666473492586666438e-01 1.688763040746666388e-01 1.419733333333333394e-08
1.642781682346666772e-01 6.666436819626666566e-01 1.690781313706666289e-01 1.843200000000000252e-08
1.640801632319999759e-01 6.666396969706667175e-01 1.692801163626667105e-01 2.343466666666667177e-08
1.638823173973333325e-01 6.666353944746666871e-01 1.694822588586666623e-01 2.926933333333333152e-08
1.636846306666666917e-01 6.666307746666666478e-01 1.696845586666666517e-01 3.600000000000000472e-08
1.634871029759999705e-01 6.666258377386666822e-01 1.698870155946666238e-01 4.369066666666666799e-08
1.632897342613333080e-01 6.666205838826666508e-01 1.700896294506666351e-01 5.240533333333334096e-08
1.630925244586666489e-01 6.666150132906667469e-01 1.702924000426667139e-01 6.220800000000002341e-08
1.628954735039999657e-01 6.666091261546666091e-01 1.704953271786666946e-01 7.316266666666666217e-08
1.626985813333333142e-01 6.666029226666666530e-01 1.706984106666666889e-01 8.533333333333332982e-08
1.625018478826666946e-01 6.665964030186666278e-01 1.709016503146666699e-01 9.878400000000003276e-08
1.623052730880000238e-01 6.665895674026666162e-01 1.711050459306666383e-01 1.135786666666666715e-07
1.621088568853333300e-01 6.665824160106665897e-01 1.713085973226666781e-01 1.297813333333333318e-07
1.619125992106666689e-01 6.665749490346666306e-01 1.715123042986667068e-01 1.474560000000000202e-07
1.617165000000000408e-01 6.665671666666665995e-01 1.717161666666666697e-01 1.666666666666666768e-07
1.615205591893333348e-01 6.665590690986666900e-01 1.719201842346666231e-01 1.874773333333333741e-07
1.613247767146666622e-01 6.665506565226666513e-01 1.721243568106666233e-01 2.099520000000000261e-07
1.611291525119999957e-01 6.665419291306666771e-01 1.723286842026666987e-01 2.341546666666666522e-07
1.609336865173333353e-01 6.665328871146667389e-01 1.725331662186666837e-01 2.601493333333333780e-07
1.607383786666666814e-01 6.665235306666666970e-01 1.727378026666666622e-01 2.880000000000000378e-07
1.605432288960000342e-01 6.665138599786666340e-01 1.729425933546666350e-01 3.177706666666667572e-07
1.603482371413333663e-01 6.665038752426666324e-01 1.731475380906666028e-01 3.495253333333333439e-07
1.601534033386666778e-01 6.664935766506665527e-01 1.733526366826667053e-01 3.833279999999999766e-07
1.599587274240000245e-01 6.664829643946665882e-01 1.735578889386667212e-01 4.192426666666667277e-07
1.597642093333333790e-01 6.664720386666665997e-01 1.737632946666667066e-01 4.573333333333334051e-07
1.595698490026666305e-01 6.664607996586666694e-01 1.739688536746666625e-01 4.976640000000001873e-07
1.593756463679999458e-01 6.664492475626666579e-01 1.741745657706666450e-01 5.402986666666667762e-07
1.591816013653332695e-01 6.664373825706666477e-01 1.743804307626666827e-01 5.853013333333332974e-07
1.589877139306666298e-01 6.664252048746667212e-01 1.745864484586666932e-01 6.327360000000001410e-07
1.587939839999999714e-01 6.664127146666666279e-01 1.747926186666666493e-01 6.826666666666666386e-07
1.586004115093333222e-01 6.663999121386666724e-01 1.749989411946666629e-01 7.351573333333336038e-07
1.584069963946666548e-01 6.663867974826667151e-01 1.752054158506666237e-01 7.902720000000002621e-07
1.582137385919999972e-01 6.663733708906667275e-01 1.754120424426666991e-01 8.480746666666666861e-07
1.580206380373333497e-01 6.663596325546666810e-01 1.756188207786666677e-01 9.086293333333333720e-07
1.578276946666666847e-01 6.663455826666666582e-01 1.758257506666666692e-01 9.720000000000003922e-07
1.576349084159999747e-01 6.663312214186667415e-01 1.760328319146666487e-01 1.038250666666666655e-06
1.574422792213333311e-01 6.663165490026667914e-01 1.762400643306666070e-01 1.107445333333333291e-06
1.572498070186666430e-01 6.663015656106666684e-01 1.764474477226667393e-01 1.179648000000000162e-06
1.570574917439999940e-01 6.662862714346666770e-01 1.766549818986667131e-01 1.254922666666666492e-06
1.568653333333333288e-01 6.662706666666666777e-01 1.768626666666667235e-01 1.333333333333333414e-06
1.566733317226666755e-01 6.662547514986666419e-01 1.770705018346666604e-01 1.414944000000000365e-06
1.564814868480000065e-01 6.662385261226666522e-01 1.772784872106666632e-01 1.499818666666666993e-06
1.562897986453333499e-01 6.662219907306666800e-01 1.774866226026667049e-01 1.588021333333333372e-06
1.560982670506666781e-01 6.662051455146666967e-01 1.776949078186667030e-01 1.679616000000000209e-06
1.559068920000000191e-01 6.661879906666665629e-01 1.779033426666666862e-01 1.774666666666667152e-06
1.557156734293333178e-01 6.661705263786665832e-01 1.781119269546666550e-01 1.873237333333333217e-06
1.555246112746666853e-01 6.661527528426667288e-01 1.783206604906666104e-01 1.975391999999999958e-06
1.553337054719999832e-01 6.661346702506667494e-01 1.785295430826666918e-01 2.081194666666667024e-06
1.551429559573333505e-01 6.661162787946667274e-01 1.787385745386666780e-01 2.190709333333333216e-06
1.549523626666666765e-01 6.660975786666667453e-01 1.789477546666666530e-01 2.304000000000000302e-06
1.547619255360000445e-01 6.660785700586666636e-01 1.791570832746666175e-01 2.421130666666667084e-06
1.545716445013333717e-01 6.660592531626665647e-01 1.793665601706666002e-01 2.542165333333334057e-06
1.543815194986667139e-01 6.660396281706666421e-01 1.795761851626666294e-01 2.667168000000000024e-06
1.541915504640000434e-01 6.660196952746666454e-01 1.797859580586667061e-01 2.796202666666666752e-06
1.540017373333333883e-01 6.659994546666665460e-01 1.799958786666666644e-01 2.929333333333334312e-06
1.538120800426666102e-01 6.659789065386667595e-01 1.802059467946666715e-01 3.066623999999999813e-06
1.536225785279999589e-01 6.659580510826667021e-01 1.804161622506666451e-01 3.208138666666667139e-06
1.534332327253332962e-01 6.659368884906666786e-01 1.806265248426666969e-01 3.353941333333333822e-06
1.532440425706666498e-01 6.659154189546667713e-01 1.808370343786666889e-01 3.504096000000001627e-06
1.530550079999999646e-01 6.658936426666666186e-01 1.810476906666666497e-01 3.658666666666667241e-06
1.528661289493333242e-01 6.658715598186666362e-01 1.812584935146666354e-01 3.817717333333333699e-06
1.526774053546666454e-01 6.658491706026665735e-01 1.814694427306666469e-01 3.981312000000001498e-06
1.524888371520000119e-01 6.658264752106666240e-01 1.816805381226666294e-01 4.149514666666666899e-06
1.523004242773333405e-01 6.658034738346667591e-01 1.818917794986666947e-01 4.322389333333334210e-06
1.521121666666666594e-01 6.657801666666667284e-01 1.821031666666666493e-01 4.500000000000000961e-06
1.519240642559999688e-01 6.657565538986667253e-01 1.823146994346666605e-01 4.682410666666666379e-06
1.517361169813332966e-01 6.657326357226667213e-01 1.825263776106666458e-01 4.869685333333333924e-06
1.515483247786666710e-01 6.657084123306666879e-01 1.827382010026666059e-01 5.061888000000001128e-06
1.513606875839999810e-01 6.656838839146667075e-01 1.829501694186667082e-01 5.259082666666667217e-06
1.511732053333333103e-01 6.656590506666666407e-01 1.831622826666666759e-01 5.461333333333333109e-06
1.509858779626666869e-01 6.656339127786665699e-01 1.833745405546666485e-01 5.668703999999998877e-06
1.507987054080000278e-01 6.656084704426665777e-01 1.835869428906666267e-01 5.881258666666668830e-06
1.506116876053333609e-01 6.655827238506666355e-01 1.837994894826666670e-01 6.099061333333333722e-06
1.504248244906666865e-01 6.655566731946667147e-01 1.840121801386667422e-01 6.322176000000002097e-06
1.502381160000000326e-01 6.655303186666665649e-01 1.842250146666666588e-01 6.550666666666668097e-06
1.500515620693333163e-01 6.655036604586666016e-01 1.844379928746666952e-01 6.784597333333333489e-06
1.498651626346666765e-01 6.654766987626665742e-01 1.846511145706666024e-01 7.024032000000001734e-06
1.496789176320000025e-01 6.654494337706666762e-01 1.848643795626666031e-01 7.269034666666666976e-06
1.494928269973333501e-01 6.654218656746666571e-01 1.850777876586666981e-01 7.519669333333332675e-06
1.493068906666666640e-01 6.653939946666667105e-01 1.852913386666666939e-01 7.776000000000003138e-06
1.491211085760000277e-01 6.653658209386666966e-01 1.855050323946666468e-01 8.038090666666667427e-06
1.489354806613333582e-01 6.653373446826666981e-01 1.857188686506666409e-01 8.306005333333333238e-06
1.487500068586667112e-01 6.653085660906666865e-01 1.859328472426666490e-01 8.579808000000002337e-06
1.485646871040000316e-01 6.652794853546666332e-01 1.861469679786666998e-01 8.859562666666666327e-06
1.483795213333333751e-01 6.652501026666666206e-01 1.863612306666667107e-01 9.145333333333333751e-06
1.481945094826666309e-01 6.652204182186667314e-01 1.865756351146666547e-01 9.437184000000001292e-06
1.480096514879999658e-01 6.651904322026667149e-01 1.867901811306666715e-01 9.735178666666667330e-06
1.478249472853332969e-01 6.651601448106666536e-01 1.870048685226666507e-01 1.003938133333333194e-05
1.476403968106666242e-01 6.651295562346666301e-01 1.872196970986667042e-01 1.034985600000000366e-05
1.474559999999999760e-01 6.650986666666667269e-01 1.874346666666666661e-01 1.066666666666666731e-05
1.472717567893333246e-01 6.650674762986666932e-01 1.876497770346666483e-01 1.098987733333333653e-05
1.470876671146666703e-01 6.650359853226666118e-01 1.878650280106666237e-01 1.131955200000000292e-05
1.469037309120000134e-01 6.650041939306666761e-01 1.880804194026666487e-01 1.165575466666666824e-05
1.467199481173333264e-01 6.649721023146666354e-01 1.882959510186666685e-01 1.199854933333333595e-05
1.465363186666666651e-01 6.649397106666666835e-01 1.885116226666666839e-01 1.234800000000000104e-05
1.463528424959999741e-01 6.649070191786667916e-01 1.887274341546666678e-01 1.270417066666666697e-05
1.461695195413333370e-01 6.648740280426668203e-01 1.889433852906666489e-01 1.306712533333333721e-05
1.459863497386666709e-01 6.648407374506667411e-01 1.891594758826666001e-01 1.343692800000000167e-05
1.458033330239999759e-01 6.648071475946666364e-01 1.893757057386667442e-01 1.381364266666666718e-05
1.456204693333333355e-01 6.647732586666665888e-01 1.895920746666666934e-01 1.419733333333333722e-05
1.454377586026666669e-01 6.647390708586666808e-01 1.898085824746666983e-01 1.458806400000000169e-05
1.452552007680000257e-01 6.647045843626666617e-01 1.900252289706666764e-01 1.498589866666666574e-05
1.450727957653333566e-01 6.646697993706665031e-01 1.902420139626666562e-01 1.539090133333333792e-05
1.448905435306666878e-01 6.646347160746666205e-01 1.904589372586667217e-01 1.580313599999999966e-05
1.447084440000000194e-01 6.645993346666666524e-01 1.906759986666666795e-01 1.622266666666666291e-05
1.445264971093333239e-01 6.645636553386666812e-01 1.908931979946666690e-01 1.664955733333333619e-05
1.443447027946666850e-01 6.645276782826666784e-01 1.911105350506666356e-01 1.708387200000000095e-05
1.441630609919999917e-01 6.644914036906666155e-01 1.913280096426666355e-01 1.752567466666666573e-05
1.439815716373333276e-01 6.644548317546667970e-01 1.915456215786666971e-01 1.797502933333333569e-05
1.438002346666666653e-01 6.644179626666666394e-01 1.917633706666666549e-01 1.843200000000000242e-05
1.436190500160000050e-01 6.643807966186667802e-01 1.919812567146666760e-01 1.889665066666667447e-05
1.434380176213333746e-01 6.643433338026667467e-01 1.921992795306666502e-01 1.936904533333333667e-05
1.432571374186666913e-01 6.643055744106667326e-01 1.924174389226666060e-01 1.984924800000000095e-05
1.430764093440000384e-01 6.642675186346665983e-01 1.926357346986667107e-01 2.033732266666667246e-05
1.428958333333333608e-01 6.642291666666665373e-01 1.928541666666666876e-01 2.083333333333333603e-05
1.427154093226667142e-01 6.641905186986665210e-01 1.930727346346666762e-01 2.133734400000000019e-05
1.425351372479999879e-01 6.641515749226667431e-01 1.932914384106666772e-01 2.184941866666667351e-05
1.423550170453332930e-01 6.641123355306666198e-01 1.935102778026666359e-01 2.236962133333333401e-05
1.421750486506666300e-01 6.640728007146667888e-01 1.937292526186667196e-01 2.289801600000000042e-05
1.419952319999999713e-01 6.640329706666666665e-01 1.939483626666666793e-01 2.343466666666667449e-05
1.418155670293333170e-01 6.639928455786666683e-01 1.941676077546666546e-01 2.397963733333333767e-05
1.416360536746666676e-01 6.639524256426667659e-01 1.943869876906666461e-01 2.453299199999999850e-05
1.414566918719999955e-01 6.639117110506667085e-01 1.946065022826666269e-01 2.509479466666666891e-05
1.412774815573333287e-01 6.638707019946666898e-01 1.948261513386666810e-01 2.566510933333333711e-05
1.410984226666666674e-01 6.638293986666666813e-01 1.950459346666666705e-01 2.624399999999999471e-05
1.409195151359999565e-01 6.637878012586666543e-01 1.952658520746666793e-01 2.683153066666667057e-05
1.407407589013333071e-01 6.637459099626668024e-01 1.954859033706666527e-01 2.742776533333333598e-05
1.405621538986666641e-01 6.637037249706667641e-01 1.957060883626665915e-01 2.803276800000001302e-05
1.403837000639999721e-01 6.636612464746667328e-01 1.959264068586667185e-01 2.864660266666667297e-05
1.402053973333333148e-01 6.636184746666666801e-01 1.961468586666666736e-01 2.926933333333333793e-05
1.400272456426666645e-01 6.635754097386665773e-01 1.963674435946666796e-01 2.990102400000000627e-05
1.398492449280000216e-01 6.635320518826666181e-01 1.965881614506666819e-01 3.054173866666666959e-05
1.396713951253333585e-01 6.634884012906665518e-01 1.968090120426666256e-01 3.119154133333333645e-05
1.394936961706666756e-01 6.634444581546665720e-01 1.970299951786667059e-01 3.185049600000001199e-05
1.393161480000000008e-01 6.634002226666666502e-01 1.972511106666667013e-01 3.251866666666667087e-05
1.391387505493333621e-01 6.633556950186666468e-01 1.974723583146666961e-01 3.319611733333333519e-05
1.389615037546666765e-01 6.633108754026667553e-01 1.976937379306666631e-01 3.388291200000000672e-05
1.387844075519999998e-01 6.632657640106667252e-01 1.979152493226666309e-01 3.457911466666667368e-05
1.386074618773333322e-01 6.632203610346667499e-01 1.981368922986667114e-01 3.528478933333333782e-05
1.384306666666666741e-01 6.631746666666666901e-01 1.983586666666666554e-01 3.600000000000000769e-05
1.382540218560000256e-01 6.631286810986667390e-01 1.985805722346666580e-01 3.672481066666666473e-05
1.380775273813333592e-01 6.630824045226666463e-01 1.988026088106666089e-01 3.745928533333333103e-05
1.379011831786667031e-01 6.630358371306666054e-01 1.990247762026666201e-01 3.820348800000000837e-05
1.377249891840000295e-01 6.629889791146665878e-01 1.992470742186667476e-01 3.895748266666667139e-05
1.375489453333333389e-01 6.629418306666665650e-01 1.994695026666666593e-01 3.972133333333332866e-05
1.373730515626667148e-01 6.628943919786665084e-01 1.996920613546666889e-01 4.049510400000000903e-05
1.371973078079999631e-01 6.628466632426666116e-01 1.999147500906666708e-01 4.127885866666668716e-05
1.370217140053333060e-01 6.627986446506666240e-01 2.001375686826666334e-01 4.207266133333333773e-05
1.368462700906666329e-01 6.627503363946667392e-01 2.003605169386667162e-01 4.287657600000000316e-05
1.366709759999999441e-01 6.627017386666665955e-01 2.005835946666666703e-01 4.369066666666666487e-05
1.364958316693333229e-01 6.626528516586667195e-01 2.008068016746666629e-01 4.451499733333333142e-05
1.363208370346666587e-01 6.626036755626666386e-01 2.010301377706666393e-01 4.534963199999999102e-05
1.361459920320000072e-01 6.625542105706666574e-01 2.012536027626666280e-01 4.619463466666668609e-05
1.359712965973333132e-01 6.625044568746667473e-01 2.014771964586667408e-01 4.705006933333335064e-05
1.357967506666666602e-01 6.624544146666666578e-01 2.017009186666666731e-01 4.791600000000001354e-05
1.356223541760000206e-01 6.624040841386666933e-01 2.019247691946666756e-01 4.879249066666666978e-05
1.354481070613333116e-01 6.623534654826668255e-01 2.021487478506666657e-01 4.967960533333333468e-05
1.352740092586666720e-01 6.623025588906666927e-01 2.023728544426666165e-01 5.057740800000001677e-05
1.351000607039999635e-01 6.622513645546665995e-01 2.025970887786666952e-01 5.148596266666668396e-05
1.349262613333332972e-01 6.621998826666666282e-01 2.028214506666666805e-01 5.240533333333334477e-05
1.347526110826666457e-01 6.621481134186666395e-01 2.030459399146666843e-01 5.333558400000000099e-05
1.345791098880000092e-01 6.620960570026666048e-01 2.032705563306666796e-01 5.427677866666666791e-05
1.344057576853333602e-01 6.620437136106666065e-01 2.034952997226666394e-01 5.522898133333332699e-05
1.342325544106666713e-01 6.619910834346667272e-01 2.037201698986667309e-01 5.619225600000001387e-05
1.340594999999999981e-01 6.619381666666666053e-01 2.039451666666666774e-01 5.716666666666667611e-05
1.338865943893333688e-01 6.618849634986665453e-01 2.041702898346666739e-01 5.815227733333333581e-05
1.337138375146666724e-01 6.618314741226667408e-01 2.043955392106666380e-01 5.914915200000000150e-05
1.335412293119999927e-01 6.617776987306666081e-01 2.046209146026666259e-01 6.015735466666666140e-05
1.333687697173333297e-01 6.617236375146666738e-01 2.048464158186666662e-01 6.117694933333332405e-05
1.331964586666666561e-01 6.616692906666665763e-01 2.050720426666666762e-01 6.220800000000002510e-05
1.330242960959999998e-01 6.616146583786666202e-01 2.052977949546666570e-01 6.325057066666667823e-05
1.328522819413333611e-01 6.615597408426667769e-01 2.055236724906666645e-01 6.430472533333333942e-05
1.326804161386666847e-01 6.615045382506665739e-01 2.057496750826666165e-01 6.537052800000001042e-05
1.325086986240000542e-01 6.614490507946666487e-01 2.059758025386666247e-01 6.644804266666666590e-05
1.323371293333333587e-01 6.613932786666665287e-01 2.062020546666667176e-01 6.753733333333336185e-05
1.321657082026667096e-01 6.613372220586666295e-01 2.064284312746667016e-01 6.863846400000001870e-05
1.319944351679999683e-01 6.612808811626667005e-01 2.066549321706666609e-01 6.975149866666667889e-05
1.318233101653333017e-01 6.612242561706667132e-01 2.068815571626666516e-01 7.087650133333333062e-05
1.316523331306666267e-01 6.611673472746666391e-01 2.071083060586667024e-01 7.201353600000000277e-05
1.314815039999999713e-01 6.611101546666666717e-01 2.073351786666666752e-01 7.316266666666667001e-05
1.313108227093333080e-01 6.610526785386666715e-01 2.075621747946666817e-01 7.432395733333336120e-05
1.311402891946666649e-01 6.609949190826667209e-01 2.077892942506666674e-01 7.549747200000001034e-05
1.309699033920000144e-01 6.609368764906666804e-01 2.080165368426666050e-01 7.668327466666668697e-05
1.307996652373333568e-01 6.608785509546667436e-01 2.082439023786666621e-01 7.788142933333333864e-05
1.306295746666666646e-01 6.608199426666667708e-01 2.084713906666667005e-01 7.909199999999999423e-05
1.304596316160000213e-01 6.607610518186666226e-01 2.086990015146666377e-01 8.031505066666665550e-05
1.302898360213333162e-01 6.607018786026667145e-01 2.089267347306666411e-01 8.155064533333336487e-05
1.301201878186666605e-01 6.606424232106666850e-01 2.091545901226666004e-01 8.279884800000002925e-05
1.299506869439999712e-01 6.605826858346666164e-01 2.093825674986667384e-01 8.405972266666667751e-05
1.297813333333333041e-01 6.605226666666667024e-01 2.096106666666667229e-01 8.533333333333333851e-05
1.296121269226666595e-01 6.604623658986665813e-01 2.098388874346666655e-01 8.661974400000000047e-05
1.294430676480000098e-01 6.604017837226665577e-01 2.100672296106666781e-01 8.791901866666669227e-05
1.292741554453333275e-01 6.603409203306666031e-01 2.102956930026666504e-01 8.923122133333336145e-05
1.291053902506666962e-01 6.602797759146665779e-01 2.105242774186666388e-01 9.055641600000002335e-05
1.289367720000000050e-01 6.602183506666666757e-01 2.107529826666667272e-01 9.189466666666667972e-05
1.287683006293333376e-01 6.601566447786666458e-01 2.109818085546666944e-01 9.324603733333334588e-05
1.285999760746666387e-01 6.600946584426666819e-01 2.112107548906666799e-01 9.461059199999999651e-05
1.284317982719999918e-01 6.600323918506667553e-01 2.114398214826666567e-01 9.598839466666668756e-05
1.282637671573333138e-01 6.599698451946667266e-01 2.116690081386667088e-01 9.737950933333335305e-05
1.280958826666666606e-01 6.599070186666666782e-01 2.118983146666667261e-01 9.878400000000000830e-05
1.279281447360000046e-01 6.598439124586666926e-01 2.121277408746666537e-01 1.002019306666666686e-04
1.277605533013333738e-01 6.597805267626666303e-01 2.123572865706666313e-01 1.016333653333333358e-04
1.275931082986667131e-01 6.597168617706667959e-01 2.125869515626666595e-01 1.030783679999999845e-04
1.274258096640000504e-01 6.596529176746668277e-01 2.128167356586666559e-01 1.045370026666666977e-04
1.272586573333333582e-01 6.595886946666666972e-01 2.130466386666667322e-01 1.060093333333333689e-04
1.270916512426666922e-01 6.595241929386665980e-01 2.132766603946666950e-01 1.074954240000000133e-04
1.269247913279999695e-01 6.594594126826667235e-01 2.135068006506666560e-01 1.089953386666666735e-04
1.267580775253333292e-01 6.593943540906668233e-01 2.137370592426666716e-01 1.105091413333333375e-04
1.265915097706666326e-01 6.593290173546666466e-01 2.139674359786666313e-01 1.120368960000000071e-04
1.264250879999999633e-01 6.592634026666667202e-01 2.141979306666667304e-01 1.135786666666666978e-04
1.262588121493332938e-01 6.591975102186666824e-01 2.144285431146666920e-01 1.151345173333333705e-04
1.260926821546666521e-01 6.591313402026666157e-01 2.146592731306666557e-01 1.167045120000000135e-04
1.259266979520000107e-01 6.590648928106667137e-01 2.148901205226666500e-01 1.182887146666666828e-04
1.257608594773333421e-01 6.589981682346666148e-01 2.151210850986666201e-01 1.198871893333333259e-04
1.255951666666666744e-01 6.589311666666667344e-01 2.153521666666667056e-01 1.215000000000000259e-04
1.254296194560000077e-01 6.588638882986667111e-01 2.155833650346666852e-01 1.231272106666667034e-04
1.252642177813333146e-01 6.587963333226667384e-01 2.158146800106666152e-01 1.247688853333333463e-04
1.250989615786666509e-01 6.587285019306667877e-01 2.160461114026666629e-01 1.264250879999999973e-04
1.249338507840000029e-01 6.586603943146667195e-01 2.162776590186666348e-01 1.280958826666666716e-04
1.247688853333333153e-01 6.585920106666667273e-01 2.165093226666666981e-01 1.297813333333333033e-04
1.246040651626666579e-01 6.585233511786665606e-01 2.167411021546666872e-01 1.314815040000000431e-04
1.244393902080000031e-01 6.584544160426666348e-01 2.169729972906666582e-01 1.331964586666666895e-04
1.242748604053333511e-01 6.583852054506666995e-01 2.172050078826666397e-01 1.349262613333333664e-04
1.241104756906667023e-01 6.583157195946667262e-01 2.174371337386666603e-01 1.366709760000000076e-04
1.239462360000000013e-01 6.582459586666666862e-01 2.176693746666666929e-01 1.384306666666666556e-04
1.237821412693333456e-01 6.581759228586665511e-01 2.179017304746666828e-01 1.402053973333333258e-04
1.236181914346666522e-01 6.581056123626667365e-01 2.181342009706666862e-01 1.419952320000000335e-04
1.234543864320000045e-01 6.580350273706667696e-01 2.183667859626666763e-01 1.438002346666666855e-04
1.232907261973333474e-01 6.579641680746667332e-01 2.185994852586666259e-01 1.456204693333333514e-04
1.231272106666666671e-01 6.578930346666667095e-01 2.188322986666667025e-01 1.474560000000000193e-04
1.229638397760000057e-01 6.578216273386666701e-01 2.190652259946666847e-01 1.493068906666666505e-04
1.228006134613333494e-01 6.577499462826666976e-01 2.192982670506666842e-01 1.511732053333333958e-04
1.226375316586666986e-01 6.576779916906667633e-01 2.195314216426666187e-01 1.530550080000000535e-04
1.224745943040000257e-01 6.576057637546666168e-01 2.197646895786666277e-01 1.549523626666666934e-04
1.223118013333333726e-01 6.575332626666665625e-01 2.199980706666667118e-01 1.568653333333333848e-04
1.221491526826666979e-01 6.574604886186665720e-01 2.202315647146667055e-01 1.587939840000000076e-04
1.219866482880000436e-01 6.573874418026666167e-01 2.204651715306666648e-01 1.607383786666666584e-04
1.218242880853332988e-01 6.573141224106666680e-01 2.206988909226666740e-01 1.626985813333333797e-04
1.216620720106666304e-01 6.572405306346666976e-01 2.209327226986666504e-01 1.646746560000000241e-04
1.214999999999999691e-01 6.571666666666666767e-01 2.211666666666667058e-01 1.666666666666666882e-04
1.213380719893333015e-01 6.570925306986666881e-01 2.214007226346667023e-01 1.686746773333333603e-04
1.211762879146666555e-01 6.570181229226665920e-01 2.216348904106666684e-01 1.706987520000000016e-04
1.210146477120000175e-01 6.569434435306666931e-01 2.218691698026666603e-01 1.727389546666666272e-04
1.208531513173333322e-01 6.568684927146666297e-01 2.221035606186666234e-01 1.747953493333333881e-04
1.206917986666666553e-01 6.567932706666668174e-01 2.223380626666666970e-01 1.768680000000000556e-04
1.205305896960000012e-01 6.567177775786666727e-01 2.225726757546666879e-01 1.789569706666666721e-04
1.203695243413333005e-01 6.566420136426667220e-01 2.228073996906666521e-01 1.810623253333333343e-04
1.202086025386666646e-01 6.565659790506668259e-01 2.230422342826666737e-01 1.831841280000000034e-04
1.200478242239999965e-01 6.564896739946668447e-01 2.232771793386666426e-01 1.853224426666667487e-04
1.198871893333333105e-01 6.564130986666666390e-01 2.235122346666667259e-01 1.874773333333333960e-04
1.197266978026666484e-01 6.563362532586666243e-01 2.237474000746666747e-01 1.896488640000000689e-04
1.195663495680000105e-01 6.562591379626665500e-01 2.239826753706666562e-01 1.918370986666667014e-04
1.194061445653333553e-01 6.561817529706667207e-01 2.242180603626666990e-01 1.940421013333333631e-04
1.192460827306666832e-01 6.561040984746666638e-01 2.244535548586666374e-01 1.962639359999999880e-04
1.190861640000000082e-01 6.560261746666666838e-01 2.246891586666666940e-01 1.985026666666667270e-04
1.189263883093333446e-01 6.559479817386666411e-01 2.249248715946666755e-01 2.007583573333333513e-04
1.187667555946666925e-01 6.558695198826666184e-01 2.251606934506666657e-01 2.030310720000000119e-04
1.186072657920000106e-01 6.557907892906666980e-01 2.253966240426666656e-01 2.053208746666666969e-04
1.184479188373333408e-01 6.557117901546666294e-01 2.256326631786666204e-01 2.076278293333333133e-04
1.182887146666666556e-01 6.556325226666667172e-01 2.258688106666666973e-01 2.099519999999999577e-04
1.181296532159999829e-01 6.555529870186665997e-01 2.261050663146666473e-01 2.122934506666667267e-04
1.179707344213333370e-01 6.554731834026666926e-01 2.263414299306666655e-01 2.146522453333333646e-04
1.178119582186667041e-01 6.553931120106667452e-01 2.265779013226666416e-01 2.170284480000000493e-04
1.176533245440000430e-01 6.553127730346666180e-01 2.268144802986666042e-01 2.194221226666666878e-04
1.174948333333333539e-01 6.552321666666666156e-01 2.270511666666667205e-01 2.218333333333333225e-04
1.173364845226666925e-01 6.551512930986664873e-01 2.272879602346666861e-01 2.242621440000001042e-04
1.171782780479999481e-01 6.550701525226666488e-01 2.275248608106666959e-01 2.267086186666667229e-04
1.170202138453333013e-01 6.549887451306666275e-01 2.277618682026666674e-01 2.291728213333333838e-04
1.168622918506666414e-01 6.549070711146666168e-01 2.279989822186666570e-01 2.316548160000000479e-04
1.167045119999999547e-01 6.548251306666666993e-01 2.282362026666667487e-01 2.341546666666667034e-04
1.165468742293332971e-01 6.547429239786666244e-01 2.284735293546666934e-01 2.366724373333333657e-04
1.163893784746666549e-01 6.546604512426666966e-01 2.287109620906666585e-01 2.392081920000000501e-04
1.162320246720000005e-01 6.545777126506666654e-01 2.289485006826666447e-01 2.417619946666667177e-04
1.160748127573333344e-01 6.544947083946666133e-01 2.291861449386666250e-01 2.443339093333333567e-04
1.159177426666666566e-01 6.544114386666667338e-01 2.294238946666667112e-01 2.469239999999999825e-04
1.157608143359999953e-01 6.543279036586666653e-01 2.296617496746666542e-01 2.495323306666666916e-04
1.156040277013333506e-01 6.542441035626667123e-01 2.298997097706666493e-01 2.521589653333332825e-04
1.154473826986666535e-01 6.541600385706667353e-01 2.301377747626666415e-01 2.548039680000000959e-04
1.152908792639999874e-01 6.540757088746667058e-01 2.303759444586666039e-01 2.574674026666667133e-04
1.151345173333333111e-01 6.539911146666665953e-01 2.306142186666667315e-01 2.601493333333333670e-04
1.149782968426666524e-01 6.539062561386665973e-01 2.308525971946666921e-01 2.628498240000000179e-04
1.148222177279999978e-01 6.538211334826666832e-01 2.310910798506666530e-01 2.655689386666666815e-04
1.146662799253333337e-01 6.537357468906666025e-01 2.313296664426666982e-01 2.683067413333334273e-04
1.145104833706666880e-01 6.536500965546665487e-01 2.315683567786666341e-01 2.710632960000000538e-04
1.143548280000000056e-01 6.535641826666667153e-01 2.318071506666667114e-01 2.738386666666667388e-04
1.141993137493333421e-01 6.534780054186666298e-01 2.320460479146666810e-01 2.766329173333333894e-04
1.140439405546666979e-01 6.533915650026665967e-01 2.322850483306666824e-01 2.794461120000000750e-04
1.138887083519999899e-01 6.533048616106666984e-01 2.325241517226666610e-01 2.822783146666667025e-04
1.137336170773333294e-01 6.532178954346666844e-01 2.327633578986666452e-01 2.851295893333333957e-04
1.135786666666666472e-01 6.531306666666666372e-01 2.330026666666666912e-01 2.880000000000000615e-04
1.134238570559999854e-01 6.530431754986665283e-01 2.332420778346666612e-01 2.908896106666666610e-04
1.132691881813333440e-01 6.529554221226666622e-01 2.334815912106666391e-01 2.937984853333333178e-04
1.131146599786666818e-01 6.528674067306666773e-01 2.337212066026666812e-01 2.967266879999999932e-04
1.129602723840000267e-01 6.527791295146666561e-01 2.339609238186666218e-01 2.996742826666666483e-04
1.128060253333333512e-01 6.526905906666666812e-01 2.342007426666667391e-01 3.026413333333334067e-04
1.126519187626666973e-01 6.526017903786665020e-01 2.344406629546666732e-01 3.056279040000000669e-04
1.124979526080000236e-01 6.525127288426666450e-01 2.346806844906667022e-01 3.086340586666667528e-04
1.123441268053333025e-01 6.524234062506666376e-01 2.349208070826666606e-01 3.116598613333333712e-04
1.121904412906666315e-01 6.523338227946666734e-01 2.351610305386666322e-01 3.147053760000000457e-04
1.120368959999999692e-01 6.522439786666667239e-01 2.354013546666667012e-01 3.177706666666666293e-04
1.118834908693333019e-01 6.521538740586666494e-01 2.356417792746667017e-01 3.208557973333334081e-04
1.117302258346666438e-01 6.520635091626667545e-01 2.358823041706666901e-01 3.239608320000000722e-04
1.115771008319999952e-01 6.519728841706666778e-01 2.361229291626666671e-01 3.270858346666667455e-04
1.114241157973333285e-01 6.518819992746666125e-01 2.363636540586666335e-01 3.302308693333334973e-04
1.112712706666666856e-01 6.517908546666666414e-01 2.366044786666666178e-01 3.333960000000000721e-04
1.111185653759999975e-01 6.516994505386666248e-01 2.368454027946666762e-01 3.365812906666667019e-04
1.109659998613333337e-01 6.516077870826666452e-01 2.370864262506666709e-01 3.397868053333333478e-04
1.108135740586666390e-01 6.515158644906666741e-01 2.373275488426666857e-01 3.430126080000000252e-04
1.106612879039999831e-01 6.514236829546666829e-01 2.375687703786666105e-01 3.462587626666668579e-04
1.105091413333333106e-01 6.513312426666666433e-01 2.378100906666666958e-01 3.495253333333333190e-04
1.103571342826666496e-01 6.512385438186665265e-01 2.380515095146667204e-01 3.528123840000001285e-04
1.102052666879999865e-01 6.511455866026666373e-01 2.382930267306667127e-01 3.561199786666666514e-04
1.100535384853333493e-01 6.510523712106666139e-01 2.385346421226666458e-01 3.594481813333333907e-04
1.099019496106666827e-01 6.509588978346666499e-01 2.387763554986666592e-01 3.627970559999999282e-04
1.097505000000000286e-01 6.508651666666667168e-01 2.390181666666666704e-01 3.661666666666667127e-04
1.095991895893333318e-01 6.507711778986666751e-01 2.392600754346666803e-01 3.695570773333334887e-04
1.094480183146666896e-01 6.506769317226666072e-01 2.395020816106666617e-01 3.729683520000000546e-04
1.092969861119999914e-01 6.505824283306667066e-01 2.397441850026666432e-01 3.764005546666668051e-04
1.091460929173333483e-01 6.504876679146667229e-01 2.399863854186666812e-01 3.798537493333333220e-04
1.089953386666666496e-01 6.503926506666666274e-01 2.402286826666666930e-01 3.833280000000001083e-04
1.088447232959999927e-01 6.502973767786666137e-01 2.404710765546666795e-01 3.868233706666668000e-04
1.086942467413333224e-01 6.502018464426666533e-01 2.407135668906666415e-01 3.903399253333333582e-04
1.085439089386666944e-01 6.501060598506667176e-01 2.409561534826666351e-01 3.938777280000000693e-04
1.083937098240000396e-01 6.500100171946667782e-01 2.411988361386666335e-01 3.974368426666666774e-04
1.082436493333333721e-01 6.499137186666668065e-01 2.414416146666666652e-01 4.010173333333334148e-04
1.080937274026666783e-01 6.498171644586665519e-01 2.416844888746667031e-01 4.046192640000001342e-04
1.079439439680000279e-01 6.497203547626665410e-01 2.419274585706666925e-01 4.082426986666666340e-04
1.077942989653332961e-01 6.496232897706666343e-01 2.421705235626666619e-01 4.118877013333334717e-04
1.076447923306666499e-01 6.495259696746666922e-01 2.424136836586666399e-01 4.155543359999999578e-04
1.074954239999999644e-01 6.494283946666666862e-01 2.426569386666667105e-01 4.192426666666667582e-04
1.073461939093333095e-01 6.493305649386666989e-01 2.429002883946667080e-01 4.229527573333332377e-04
1.071971019946666437e-01 6.492324806826665906e-01 2.431437326506666885e-01 4.266846720000000079e-04
1.070481481919999950e-01 6.491341420906666659e-01 2.433872712426666529e-01 4.304384746666668673e-04
1.068993324373333498e-01 6.490355493546666743e-01 2.436309039786666575e-01 4.342142293333333433e-04
1.067506546666666667e-01 6.489367026666666982e-01 2.438746306666666475e-01 4.380120000000001018e-04
1.066021148160000015e-01 6.488376022186667091e-01 2.441184511146667069e-01 4.418318506666666159e-04
1.064537128213333267e-01 6.487382482026666786e-01 2.443623651306666422e-01 4.456738453333334432e-04
1.063054486186666286e-01 6.486386408106668000e-01 2.446063725226666763e-01 4.495380480000001110e-04
1.061573221439999909e-01 6.485387802346668229e-01 2.448504730986666988e-01 4.534245226666667431e-04
1.060093333333333027e-01 6.484386666666666077e-01 2.450946666666667384e-01 4.573333333333334089e-04
1.058614821226666475e-01 6.483383002986665700e-01 2.453389530346666847e-01 4.612645440000000155e-04
1.057137684479999978e-01 6.482376813226665702e-01 2.455833320106666773e-01 4.652182186666666865e-04
1.055661922453333262e-01 6.481368099306665798e-01 2.458278034026666892e-01 4.691944213333334914e-04
1.054187534506666746e-01 6.480356863146665702e-01 2.460723670186666656e-01 4.731932160000000120e-04
1.052714520000000153e-01 6.479343106666666241e-01 2.463170226666666351e-01 4.772146666666668056e-04
1.051242878293333488e-01 6.478326831786667128e-01 2.465617701546667095e-01 4.812588373333332912e-04
1.049772608746666891e-01 6.477308040426665858e-01 2.468066092906666675e-01 4.853257920000000804e-04
1.048303710719999948e-01 6.476286734506666587e-01 2.470515398826666487e-01 4.894155946666665924e-04
1.046836183573333495e-01 6.475262915946666809e-01 2.472965617386666537e-01 4.935283093333333844e-04
1.045370026666666424e-01 6.474236586666666238e-01 2.475416746666667112e-01 4.976640000000002008e-04
1.043905239359999987e-01 6.473207748586666810e-01 2.477868784746667108e-01 5.018227306666666774e-04
1.042441821013333353e-01 6.472176403626666019e-01 2.480321729706666534e-01 5.060045653333334259e-04
1.040979770986666941e-01 6.471142553706666911e-01 2.482775579626666507e-01 5.102095679999999736e-04
1.039519088640000338e-01 6.470106200746666980e-01 2.485230332586666202e-01 5.144378026666667153e-04
1.038059773333333685e-01 6.469067346666668161e-01 2.487685986666666460e-01 5.186893333333335038e-04
1.036601824426666985e-01 6.468025993386665728e-01 2.490142539946667011e-01 5.229642240000000834e-04
1.035145241280000378e-01 6.466982142826664948e-01 2.492599990506666752e-01 5.272625386666668487e-04
1.033690023253333728e-01 6.465935796906665534e-01 2.495058336426666801e-01 5.315843413333333272e-04
1.032236169706666484e-01 6.464886957546667201e-01 2.497517575786666610e-01 5.359296960000000222e-04
1.030783679999999480e-01 6.463835626666665224e-01 2.499977706666666744e-01 5.402986666666668948e-04
1.029332553493332997e-01 6.462781806186667088e-01 2.502438727146666930e-01 5.446913173333333639e-04
1.027882789546666481e-01 6.461725498026666958e-01 2.504900635306666623e-01 5.491077120000001496e-04
1.026434387519999936e-01 6.460666704106666769e-01 2.507363429226666107e-01 5.535479146666665625e-04
1.024987346773333363e-01 6.459605426346666235e-01 2.509827106986666778e-01 5.580119893333334311e-04
1.023541666666666627e-01 6.458541666666666181e-01 2.512291666666666146e-01 5.624999999999999575e-04
1.022097346559999870e-01 6.457475426986667433e-01 2.514757106346666715e-01 5.670120106666666450e-04
1.020654385813333231e-01 6.456406709226666374e-01 2.517223424106666552e-01 5.715480853333335630e-04
1.019212783786666437e-01 6.455335515306667160e-01 2.519690618026666495e-01 5.761082880000000222e-04
1.017772539839999907e-01 6.454261847146667286e-01 2.522158686186666277e-01 5.806926826666668510e-04
1.016333653333333226e-01 6.453185706666666466e-01 2.524627626666666180e-01 5.853013333333333601e-04
1.014896123626666397e-01 6.452107095786665525e-01 2.527097437546667047e-01 5.899343040000000525e-04
1.013459950079999838e-01 6.451026016426666398e-01 2.529568116906666941e-01 5.945916586666668896e-04
1.012025132053333276e-01 6.449942470506666581e-01 2.532039662826666704e-01 5.992734613333333986e-04
1.010591668906666851e-01 6.448856459946665787e-01 2.534512073386666620e-01 6.039797760000000827e-04
1.009159560000000150e-01 6.447767986666665951e-01 2.536985346666666419e-01 6.087106666666666863e-04
1.007728804693333313e-01 6.446677052586666790e-01 2.539459480746667497e-01 6.134661973333334958e-04
1.006299402346666760e-01 6.445583659626665796e-01 2.541934473706666808e-01 6.182464320000002553e-04
1.004871352320000216e-01 6.444487809706667125e-01 2.544410323626666859e-01 6.230514346666667092e-04
1.003444653973333406e-01 6.443389504746667162e-01 2.546887028586666268e-01 6.278812693333334690e-04
1.002019306666666748e-01 6.442288746666666732e-01 2.549364586666666432e-01 6.327359999999999539e-04
1.000595309759999829e-01 6.441185537386666660e-01 2.551842995946666526e-01 6.376156906666667753e-04
9.991726626133332068e-02 6.440079878826665549e-01 2.554322254506666834e-01 6.425204053333332440e-04
9.977513645866668834e-02 6.438971772906666446e-01 2.556802360426666532e-01 6.474502080000000799e-04
9.963314150400003066e-02 6.437861221546667956e-01 2.559283311786666459e-01 6.524051626666669190e-04
9.949128133333336177e-02 6.436748226666666461e-01 2.561765106666666347e-01 6.573853333333332886e-04
9.934955588266668192e-02 6.435632790186666119e-01 2.564247743146667591e-01 6.623907840000002340e-04
9.920796508800001912e-02 6.434514914026665533e-01 2.566731219306667144e-01 6.674215786666666322e-04
9.906650888533329036e-02 6.433394600106666639e-01 2.569215533226666959e-01 6.724777813333334200e-04
9.892518721066663467e-02 6.432271850346666930e-01 2.571700682986666764e-01 6.775594560000002334e-04
9.878399999999996905e-02 6.431146666666666123e-01 2.574186666666666290e-01 6.826666666666667081e-04
9.864294718933329376e-02 6.430019050986666151e-01 2.576673482346666932e-01 6.877994773333334557e-04
9.850202871466663679e-02 6.428889005226666731e-01 2.579161128106667311e-01 6.929579520000000038e-04
9.836124451199998453e-02 6.427756531306666465e-01 2.581649602026666601e-01 6.981421546666667470e-04
9.822059451733333724e-02 6.426621631146667291e-01 2.584138902186666753e-01 7.033521493333335381e-04
9.808007866666668129e-02 6.425484306666666701e-01 2.586629026666666387e-01 7.085880000000000130e-04
9.793969689599998918e-02 6.424344559786666631e-01 2.589119973546666897e-01 7.138497706666668916e-04
9.779944914133333056e-02 6.423202392426666796e-01 2.591611740906666905e-01 7.191375253333333762e-04
9.765933533866667793e-02 6.422057806506666910e-01 2.594104326826666695e-01 7.244513280000001868e-04
9.751935542399997603e-02 6.420910803946667800e-01 2.596597729386666553e-01 7.297912426666665255e-04
9.737950933333332226e-02 6.419761386666666958e-01 2.599091946666666209e-01 7.351573333333334377e-04
9.723979700266664750e-02 6.418609556586666320e-01 2.601586976746667057e-01 7.405496640000003425e-04
9.710021836799997974e-02 6.417455315626665602e-01 2.604082817706666608e-01 7.459682986666667671e-04
9.696077336533333313e-02 6.416298665706665627e-01 2.606579467626666813e-01 7.514133013333335401e-04
9.682146193066668016e-02 6.415139608746667221e-01 2.609076924586666291e-01 7.568847359999999721e-04
9.668228400000002110e-02 6.413978146666666769e-01 2.611575186666666437e-01 7.623826666666668915e-04
9.654323950933332843e-02 6.412814281386665094e-01 2.614074251946666982e-01 7.679071573333335005e-04
9.640432839466667181e-02 6.411648014826665243e-01 2.616574118506666546e-01 7.734582720000000855e-04
9.626555059199996822e-02 6.410479348906666930e-01 2.619074784426667080e-01 7.790360746666668244e-04
9.612690603733332895e-02 6.409308285546666539e-01 2.621576247786666647e-01 7.846406293333333531e-04
9.598839466666667097e-02 6.408134826666667117e-01 2.624078506666666089e-01 7.902720000000000664e-04
9.585001641599999456e-02 6.406958974186667266e-01 2.626581559146667355e-01 7.959302506666670338e-04
9.571177122133331383e-02 6.405780730026666703e-01 2.629085403306666846e-01 8.016154453333333490e-04
9.557365901866667068e-02 6.404600096106667362e-01 2.631590037226666512e-01 8.073276480000002742e-04
9.543567974400002374e-02 6.403417074346667848e-01 2.634095458986666638e-01 8.130669226666666864e-04
9.529783333333335937e-02 6.402231666666666765e-01 2.636601666666666954e-01 8.188333333333335223e-04
9.516011972266670560e-02 6.401043874986667159e-01 2.639108658346666081e-01 8.246269439999998757e-04
9.502253884800000716e-02 6.399853701226665414e-01 2.641616432106667078e-01 8.304478186666667920e-04
9.488509064533336146e-02 6.398661147306665686e-01 2.644124986026666901e-01 8.362960213333335818e-04
9.474777505066664385e-02 6.397466215146666579e-01 2.646634318186666390e-01 8.421716159999999892e-04
9.461059199999996561e-02 6.396268906666666698e-01 2.649144426666666385e-01 8.480746666666669513e-04
9.447354142933329924e-02 6.395069223786665757e-01 2.651655309546666617e-01 8.540052373333333448e-04
9.433662327466663111e-02 6.393867168426665692e-01 2.654166964906666260e-01 8.599633920000001068e-04
9.419983747199997537e-02 6.392662742506667328e-01 2.656679390826666709e-01 8.659491946666668730e-04
9.406318395733333226e-02 6.391455947946667049e-01 2.659192585386666585e-01 8.719627093333333877e-04
9.392666266666666042e-02 6.390246786666666790e-01 2.661706546666666173e-01 8.780040000000001541e-04
9.379027353600001560e-02 6.389035260586667375e-01 2.664221272746666314e-01 8.840731306666666997e-04
9.365401650133331479e-02 6.387821371626666300e-01 2.666736761706666736e-01 8.901701653333335277e-04
9.351789149866666928e-02 6.386605121706666610e-01 2.669253011626666616e-01 8.962951680000000570e-04
9.338189846399998217e-02 6.385386512746666909e-01 2.671770020586666239e-01 9.024482026666667909e-04
9.324603733333332312e-02 6.384165546666666913e-01 2.674287786666665889e-01 9.086293333333335821e-04
9.311030804266663685e-02 6.382942225386665225e-01 2.676806307946666963e-01 9.148386239999999579e-04
9.297471052799997915e-02 6.381716550826666001e-01 2.679325582506666970e-01 9.210761386666669638e-04
9.283924472533332251e-02 6.380488524906666736e-01 2.681845608426667305e-01 9.273419413333332598e-04
9.270391057066666718e-02 6.379258149546666035e-01 2.684366383786666588e-01 9.336360960000001080e-04
9.256870800000001343e-02 6.378025426666665831e-01 2.686887906666666215e-01 9.399586666666669274e-04
9.243363694933334762e-02 6.376790358186665841e-01 2.689410175146666471e-01 9.463097173333334623e-04
9.229869735466667002e-02 6.375552946026665779e-01 2.691933187306666531e-01 9.526893120000002159e-04
9.216388915200002252e-02 6.374313192106666470e-01 2.694456941226666680e-01 9.590975146666666073e-04
9.202921227733332210e-02 6.373071098346666519e-01 2.696981434986666648e-01 9.655343893333335733e-04
9.189466666666666617e-02 6.371826666666666750e-01 2.699506666666666721e-01 9.720000000000002076e-04
9.176025225599998558e-02 6.370579898986666878e-01 2.702032634346667184e-01 9.784944106666667966e-04
9.162596898133332224e-02 6.369330797226666618e-01 2.704559336106666656e-01 9.850176853333336268e-04
9.149181677866666251e-02 6.368079363306666796e-01 2.707086770026667089e-01 9.915698880000000087e-04
9.135779558400002054e-02 6.366825599146667125e-01 2.709614934186666546e-01 9.981510826666667707e-04
9.122390533333335494e-02 6.365569506666667321e-01 2.712143826666666424e-01 1.004761333333333440e-03
9.109014596266670760e-02 6.364311087786667098e-01 2.714673445546666453e-01 1.011400703999999979e-03
9.095651740800000939e-02 6.363050344426665061e-01 2.717203788906666917e-01 1.018069258666666997e-03
9.082301960533335772e-02 6.361787278506665366e-01 2.719734854826666992e-01 1.024767061333333373e-03
9.068965249066664180e-02 6.360521891946666617e-01 2.722266641386666408e-01 1.031494176000000151e-03
9.055641599999998681e-02 6.359254186666667419e-01 2.724799146666666561e-01 1.038250666666666426e-03
9.042331006933329585e-02 6.357984164586667486e-01 2.727332368746667179e-01 1.045036597333333459e-03
9.029033463466662468e-02 6.356711827626666533e-01 2.729866305706667440e-01 1.051852032000000344e-03
9.015748963199998744e-02 6.355437177706666496e-01 2.732400955626666517e-01 1.058697034666666826e-03
9.002477499733332889e-02 6.354160216746667089e-01 2.734936316586666916e-01 1.065571669333333516e-03
8.989219066666667701e-02 6.352880946666666917e-01 2.737472386666666146e-01 1.072475999999999942e-03
8.975973657600000433e-02 6.351599369386666805e-01 2.740009163946666160e-01 1.079410090666666931e-03
8.962741266133332496e-02 6.350315486826666467e-01 2.742546646506667241e-01 1.086374005333333578e-03
8.949521885866666693e-02 6.349029300906666728e-01 2.745084832426666899e-01 1.093367808000000061e-03
8.936315510399997497e-02 6.347740813546667304e-01 2.747623719786666530e-01 1.100391562666666991e-03
8.923122133333331873e-02 6.346450026666667910e-01 2.750163306666666418e-01 1.107445333333333245e-03
8.909941748266664296e-02 6.345156942186666038e-01 2.752703591146667406e-01 1.114529184000000303e-03
8.896774348799998955e-02 6.343861562026665846e-01 2.755244571306667001e-01 1.121643178666666607e-03
8.883619928533333099e-02 6.342563888106665937e-01 2.757786245226666599e-01 1.128787381333333636e-03
8.870478481066666754e-02 6.341263922346666027e-01 2.760328610986666487e-01 1.135961856000000268e-03
8.857350000000002721e-02 6.339961666666666940e-01 2.762871666666666393e-01 1.143166666666666680e-03
8.844234478933335475e-02 6.338657122986666170e-01 2.765415410346666603e-01 1.150401877333333484e-03
8.831131911466667817e-02 6.337350293226666764e-01 2.767959840106667402e-01 1.157667552000000207e-03
8.818042291200001159e-02 6.336041179306666216e-01 2.770504954026666855e-01 1.164963754666666811e-03
8.804965611733331365e-02 6.334729783146666460e-01 2.773050750186666913e-01 1.172290549333333690e-03
8.791901866666668175e-02 6.333416106666667211e-01 2.775597226666666195e-01 1.179648000000000155e-03
8.778851049599997736e-02 6.332100151786665965e-01 2.778144381546666652e-01 1.187036170666666817e-03
8.765813154133332563e-02 6.330781920426666876e-01 2.780692212906666350e-01 1.194455125333333204e-03
8.752788173866667132e-02 6.329461414506666328e-01 2.783240718826666682e-01 1.201904928000000145e-03
8.739776102400001467e-02 6.328138635946667367e-01 2.785789897386666825e-01 1.209385642666667166e-03
8.726776933333336983e-02 6.326813586666667488e-01 2.788339746666665953e-01 1.216897333333333362e-03
8.713790660266669541e-02 6.325486268586666405e-01 2.790890264746666016e-01 1.224440064000000428e-03
8.700817276800001943e-02 6.324156683626666053e-01 2.793441449706667301e-01 1.232013898666666591e-03
8.687856776533335601e-02 6.322824833706666148e-01 2.795993299626666762e-01 1.239618901333333547e-03
8.674909153066670542e-02 6.321490720746666403e-01 2.798545812586666903e-01 1.247255135999999955e-03
8.661974399999998464e-02 6.320154346666666534e-01 2.801098986666666346e-01 1.254922666666667078e-03
8.649052510933329108e-02 6.318815713386666255e-01 2.803652819946667041e-01 1.262621557333333793e-03
8.636143479466663886e-02 6.317474822826666392e-01 2.806207310506667052e-01 1.270351872000000061e-03
8.623247299199997273e-02 6.316131676906666659e-01 2.808762456426666665e-01 1.278113674666666926e-03
8.610363963733332071e-02 6.314786277546666771e-01 2.811318255786666720e-01 1.285907029333333267e-03
8.597493466666666917e-02 6.313438626666667552e-01 2.813874706666666392e-01 1.293732000000000128e-03
8.584635801600000449e-02 6.312088726186666499e-01 2.816431807146665967e-01 1.301588650666667037e-03
8.571790962133332692e-02 6.310736578026667765e-01 2.818989555306666839e-01 1.309477045333333521e-03
8.558958941866666448e-02 6.309382184106666625e-01 2.821547949226666518e-01 1.317397248000000192e-03
8.546139734399997578e-02 6.308025546346667234e-01 2.824106986986666401e-01 1.325349322666666578e-03
8.533333333333333048e-02 6.306666666666668197e-01 2.826666666666666772e-01 1.333333333333333506e-03
8.520539732266663169e-02 6.305305546986665899e-01 2.829226986346667361e-01 1.341349344000000504e-03
8.507758924799999067e-02 6.303942189226666715e-01 2.831787944106667343e-01 1.349397418666666883e-03
8.494990904533331055e-02 6.302576595306665919e-01 2.834349538026667004e-01 1.357477621333333688e-03
8.482235665066666097e-02 6.301208767146666556e-01 2.836911766186666628e-01 1.365590016000000012e-03
8.469493200000001443e-02 6.299838706666667232e-01 2.839474626666667056e-01 1.373734666666667119e-03
8.456763502933334342e-02 6.298466415786665440e-01 2.842038117546666354e-01 1.381911637333333017e-03
8.444046567466667597e-02 6.297091896426666446e-01 2.844602236906667025e-01 1.390120992000000270e-03
8.431342387200001232e-02 6.295715150506666635e-01 2.847166982826666581e-01 1.398362794666667104e-03
8.418650955733335273e-02 6.294336179946666832e-01 2.849732353386666972e-01 1.406637109333333481e-03
8.405972266666666970e-02 6.292954986666667860e-01 2.852298346666667372e-01 1.414944000000000444e-03
8.393306313600000512e-02 6.291571572586667216e-01 2.854864960746665847e-01 1.423283530666666873e-03
8.380653090133333150e-02 6.290185939626666833e-01 2.857432193706667123e-01 1.431655765333333377e-03
8.368012589866666295e-02 6.288798089706666428e-01 2.860000043626667043e-01 1.440060768000000135e-03
8.355384806400001363e-02 6.287408024746666824e-01 2.862568508586666449e-01 1.448498602666666675e-03
8.342769733333336990e-02 6.286015746666667736e-01 2.865137586666666736e-01 1.456969333333333607e-03
8.330167364266669039e-02 6.284621257386667770e-01 2.867707275946666523e-01 1.465473024000000027e-03
8.317577692800001699e-02 6.283224558826665529e-01 2.870277574506667206e-01 1.474009738666666762e-03
8.305000712533334994e-02 6.281825652906665169e-01 2.872848480426666851e-01 1.482579541333333990e-03
8.292436417066663401e-02 6.280424541546666406e-01 2.875419991786666851e-01 1.491182496000000154e-03
8.279884799999998046e-02 6.279021226666666733e-01 2.877992106666666938e-01 1.499818666666667168e-03
8.267345854933332017e-02 6.277615710186665865e-01 2.880564823146666287e-01 1.508488117333333257e-03
8.254819575466662562e-02 6.276207994026666848e-01 2.883138139306666847e-01 1.517190912000000551e-03
8.242305955199996648e-02 6.274798080106667175e-01 2.885712053226666685e-01 1.525927114666666626e-03
8.229804987733331523e-02 6.273385970346666562e-01 2.888286562986666639e-01 1.534696789333333611e-03
8.217316666666667213e-02 6.271971666666668055e-01 2.890861666666666441e-01 1.543500000000000384e-03
8.204840985600000969e-02 6.270555170986666926e-01 2.893437362346665820e-01 1.552336810666666905e-03
8.192377938133332815e-02 6.269136485226667332e-01 2.896013648106667282e-01 1.561207285333333569e-03
8.179927517866665554e-02 6.267715611306666768e-01 2.898590522026666672e-01 1.570111487999999904e-03
8.167489718400000598e-02 6.266292551146667167e-01 2.901167982186666494e-01 1.579049482666666955e-03
8.155064533333332422e-02 6.264867306666668245e-01 2.903746026666667035e-01 1.588021333333333816e-03
8.142651956266665214e-02 6.263439879786667497e-01 2.906324653546665804e-01 1.597027104000000230e-03
8.130251980799997613e-02 6.262010272426665747e-01 2.908903860906667527e-01 1.606066858666666810e-03
8.117864600533331032e-02 6.260578486506664930e-01 2.911483646826666383e-01 1.615140661333333300e-03
8.105489809066666884e-02 6.259144523946665872e-01 2.914064009386666543e-01 1.624248576000000095e-03
8.093127600000001032e-02 6.257708386666667177e-01 2.916644946666667182e-01 1.633390666666667372e-03
8.080777966933334888e-02 6.256270076586666340e-01 2.919226456746666365e-01 1.642566997333333575e-03
8.068440903466667091e-02 6.254829595626666405e-01 2.921808537706667153e-01 1.651777632000000400e-03
8.056116403200000442e-02 6.253386945706665978e-01 2.924391187626666500e-01 1.661022634666666506e-03
8.043804459733330803e-02 6.251942128746666993e-01 2.926974404586666911e-01 1.670302069333333807e-03
8.031505066666666526e-02 6.250495146666666946e-01 2.929558186666666453e-01 1.679615999999999661e-03
8.019218217600000698e-02 6.249046001386666660e-01 2.932142531946665964e-01 1.688964490666666849e-03
8.006943906133331956e-02 6.247594694826666961e-01 2.934727438506666841e-01 1.698347605333333813e-03
7.994682125866667266e-02 6.246141228906666454e-01 2.937312904426666593e-01 1.707765408000000299e-03
7.982432870400001101e-02 6.244685605546667073e-01 2.939898927786666616e-01 1.717217962666666917e-03
7.970196133333336264e-02 6.243227826666667424e-01 2.942485506666666084e-01 1.726705333333333411e-03
7.957971908266668615e-02 6.241767894186667220e-01 2.945072639146665838e-01 1.736227584000000395e-03
7.945760188800000956e-02 6.240305810026666178e-01 2.947660323306667829e-01 1.745784778666667177e-03
7.933560968533334701e-02 6.238841576106665121e-01 2.950248557226666790e-01 1.755376981333333503e-03
7.921374241066668487e-02 6.237375194346665985e-01 2.952837338986667448e-01 1.765004256000000417e-03
7.909199999999998176e-02 6.235906666666666265e-01 2.955426666666666757e-01 1.774666666666666580e-03
7.897038238933330734e-02 6.234435994986665674e-01 2.958016538346666668e-01 1.784364277333333687e-03
7.884888951466663409e-02 6.232963181226667260e-01 2.960606952106666911e-01 1.794097152000000833e-03
7.872752131199996228e-02 6.231488227306666294e-01 2.963197906026667217e-01 1.803865354666666894e-03
7.860627771733331992e-02 6.230011135146666934e-01 2.965789398186666759e-01 1.813668949333333783e-03
7.848515866666666563e-02 6.228531906666666673e-01 2.968381426666666933e-01 1.823507999999999943e-03
7.836416409599999966e-02 6.227050543786666337e-01 2.970973989546666361e-01 1.833382570666667070e-03
7.824329394133335003e-02 6.225567048426666750e-01 2.973567084906665881e-01 1.843292725333333174e-03
7.812254813866666148e-02 6.224081422506666517e-01 2.976160710826666889e-01 1.853238528000000383e-03
7.800192662399996202e-02 6.222593667946667573e-01 2.978754865386666895e-01 1.863220042666667142e-03
7.788142933333332130e-02 6.221103786666667412e-01 2.981349546666666184e-01 1.873237333333333627e-03
7.776105620266664242e-02 6.219611780586666860e-01 2.983944752746666151e-01 1.883290464000000452e-03
7.764080716799996729e-02 6.218117651626665632e-01 2.986540481706667083e-01 1.893379498666666926e-03
7.752068216533331002e-02 6.216621401706665662e-01 2.989136731626667043e-01 1.903504501333333444e-03
7.740068113066667088e-02 6.215123032746665555e-01 2.991733500586666872e-01 1.913665536000000401e-03
7.728080400000000849e-02 6.213622546666666135e-01 2.994330786666666855e-01 1.923862666666666891e-03
7.716105070933335086e-02 6.212119945386666009e-01 2.996928587946666722e-01 1.934095957333333742e-03
7.704142119466668437e-02 6.210615230826666000e-01 2.999526902506666204e-01 1.944365472000000048e-03
7.692191539200000927e-02 6.209108404906666934e-01 3.002125728426666695e-01 1.954671274666666854e-03
7.680253323733335358e-02 6.207599469546666304e-01 3.004725063786666817e-01 1.965013429333333905e-03
7.668327466666666203e-02 6.206088426666667157e-01 3.007324906666666298e-01 1.975391999999999860e-03
7.656413961599999041e-02 6.204575278186665876e-01 3.009925255146666534e-01 1.985807050666667066e-03
7.644512802133332507e-02 6.203060026026666618e-01 3.012526107306666701e-01 1.996258645333333533e-03
7.632623981866665241e-02 6.201542672106665766e-01 3.015127461226666528e-01 2.006746848000000305e-03
7.620747494400000044e-02 6.200023218346666365e-01 3.017729314986666300e-01 2.017271722666666260e-03
7.608883333333334165e-02 6.198501666666667020e-01 3.020331666666666859e-01 2.027833333333333744e-03
7.597031492266669017e-02 6.196978018986666337e-01 3.022934514346665713e-01 2.038431744000000767e-03
7.585191964800003239e-02 6.195452277226667359e-01 3.025537856106665924e-01 2.049067018666666639e-03
7.573364744533335469e-02 6.193924443306665362e-01 3.028141690026667221e-01 2.059739221333333706e-03
7.561549825066668507e-02 6.192394519146665610e-01 3.030746014186666559e-01 2.070448416000000413e-03
7.549747199999996827e-02 6.190862506666666709e-01 3.033350826666666444e-01 2.081194666666666936e-03
7.537956862933331559e-02 6.189328407786666153e-01 3.035956125546666051e-01 2.091978037333333887e-03
7.526178807466663012e-02 6.187792224426665877e-01 3.038561908906666775e-01 2.102798592000000143e-03
7.514413027199996764e-02 6.186253958506666706e-01 3.041168174826667236e-01 2.113656394666666750e-03
7.502659515733331452e-02 6.184713611946666134e-01 3.043774921386667165e-01 2.124551509333333452e-03
7.490918266666667102e-02 6.183171186666667207e-01 3.046382146666666291e-01 2.135484000000000427e-03
7.479189273599999577e-02 6.181626684586666309e-01 3.048989848746666564e-01 2.146453930666667419e-03
7.467472530133334452e-02 6.180080107626666486e-01 3.051598025706666606e-01 2.157461365333333738e-03
7.455768029866664814e-02 6.178531457706666341e-01 3.054206675626666700e-01 2.168506368000000430e-03
7.444075766400000405e-02 6.176980736746666700e-01 3.056815796586666578e-01 2.179589002666666372e-03
7.432395733333331533e-02 6.175427946666667278e-01 3.059425386666666524e-01 2.190709333333333911e-03
7.420727924266666553e-02 6.173873089386667790e-01 3.062035443946666269e-01 2.201867423999999754e-03
7.409072332799997163e-02 6.172316166826665729e-01 3.064645966506667762e-01 2.213063338666667115e-03
7.397428952533331714e-02 6.170757180906665251e-01 3.067256952426666849e-01 2.224297141333334005e-03
7.385797777066666070e-02 6.169196133546666072e-01 3.069868399786666591e-01 2.235568896000000600e-03
7.374178800000000256e-02 6.167633026666665685e-01 3.072480306666666716e-01 2.246878666666667079e-03
7.362572014933334297e-02 6.166067862186666027e-01 3.075092671146666401e-01 2.258226517333333620e-03
7.350977415466668219e-02 6.164500642026666810e-01 3.077705491306667041e-01 2.269612512000000401e-03
7.339394995199999272e-02 6.162931368106665531e-01 3.080318765226667255e-01 2.281036714666667166e-03
7.327824747733334421e-02 6.161360042346666344e-01 3.082932490986666774e-01 2.292499189333333659e-03
7.316266666666665364e-02 6.159786666666666743e-01 3.085546666666666993e-01 2.304000000000000492e-03
7.304720745600000453e-02 6.158211242986666445e-01 3.088161290346665977e-01 2.315539210666666976e-03
7.293186978133331388e-02 6.156633773226666273e-01 3.090776360106666787e-01 2.327116885333333288e-03
7.281665357866666521e-02 6.155054259306667053e-01 3.093391874026666932e-01 2.338733088000000040e-03
7.270155878400000327e-02 6.153472703146667389e-01 3.096007830186666143e-01 2.350387882666666543e-03
7.258658533333334217e-02 6.151889106666666995e-01 3.098624226666666370e-01 2.362081333333334275e-03
7.247173316266669607e-02 6.150303471786666698e-01 3.101241061546666233e-01 2.373813503999999946e-03
7.235700220800002358e-02 6.148715800426667322e-01 3.103858332906666018e-01 2.385584458666667202e-03
7.224239240533335271e-02 6.147126094506666361e-01 3.106476038826667119e-01 2.397394261333333186e-03
7.212790369066668372e-02 6.145534355946665750e-01 3.109094177386667046e-01 2.409242976000000244e-03
7.201353599999997523e-02 6.143940586666666315e-01 3.111712746666666640e-01 2.421130666666667253e-03
7.189928926933332465e-02 6.142344788586666660e-01 3.114331744746666186e-01 2.433057397333333524e-03
7.178516343466663507e-02 6.140746963626666499e-01 3.116951169706667080e-01 2.445023232000000536e-03
7.167115843199997616e-02 6.139147113706666659e-01 3.119571019626666830e-01 2.457028234666666731e-03
7.155727419733332040e-02 6.137545240746666853e-01 3.122191292586666833e-01 2.469072469333334022e-03
7.144351066666665417e-02 6.135941346666666796e-01 3.124811986666666819e-01 2.481156000000000854e-03
7.132986777599999162e-02 6.134335433386667313e-01 3.127433099946666517e-01 2.493278890666666969e-03
7.121634546133334687e-02 6.132727502826667010e-01 3.130054630506666768e-01 2.505441205333333848e-03
7.110294365866666466e-02 6.131117556906666710e-01 3.132676576426667303e-01 2.517643008000000366e-03
7.098966230400000077e-02 6.129505597546667239e-01 3.135298935786666741e-01 2.529884362666667136e-03
7.087650133333331381e-02 6.127891626666667202e-01 3.137921706666666477e-01 2.542165333333333034e-03
7.076346068266665956e-02 6.126275646186667423e-01 3.140544887146666242e-01 2.554485983999999973e-03
7.065054028799998276e-02 6.124657658026666507e-01 3.143168475306667431e-01 2.566846378666667264e-03
7.053774008533332529e-02 6.123037664106666389e-01 3.145792469226666999e-01 2.579246581333333350e-03
7.042506001066665966e-02 6.121415666346665674e-01 3.148416866986666895e-01 2.591686656000000578e-03
7.031250000000000000e-02 6.119791666666666297e-01 3.151041666666666852e-01 2.604166666666666522e-03
7.020005998933334657e-02 6.118165666986666862e-01 3.153666866346667152e-01 2.616686677333333964e-03
7.008773991466667186e-02 6.116537669226665974e-01 3.156292464106666418e-01 2.629246752000000478e-03
6.997553971200000389e-02 6.114907675306666679e-01 3.158918458026667153e-01 2.641846954666667979e-03
6.986345931733334291e-02 6.113275687146665360e-01 3.161544846186666868e-01 2.654487349333332739e-03
6.975149866666668919e-02 6.111641706666666174e-01 3.164171626666666959e-01 2.667168000000000577e-03
6.963965769600000133e-02 6.110005735786667724e-01 3.166798797546666600e-01 2.679888970666666898e-03
6.952793634133332124e-02 6.108367776426666396e-01 3.169426356906667186e-01 2.692650325333333615e-03
6.941633453866666303e-02 6.106727830506666344e-01 3.172054302826666783e-01 2.705452128000000907e-03
6.930485222399998535e-02 6.105085899946666173e-01 3.174682633386666786e-01 2.718294442666666783e-03
6.919348933333334395e-02 6.103441986666666708e-01 3.177311346666666370e-01 2.731177333333333589e-03
6.908224580266669745e-02 6.101796092586666553e-01 3.179940440746666375e-01 2.744100864000000202e-03
6.897112156800001836e-02 6.100148219626666535e-01 3.182569913706666531e-01 2.757065098666667668e-03
6.886011656533333469e-02 6.098498369706665256e-01 3.185199763626667124e-01 2.770070101333334863e-03
6.874923073066668833e-02 6.096846544746665764e-01 3.187829988586666774e-01 2.783115935999999364e-03
6.863846399999996850e-02 6.095192746666666661e-01 3.190460586666666876e-01 2.796202666666666552e-03
6.852781630933331425e-02 6.093536977386666553e-01 3.193091555946666604e-01 2.809330357333334437e-03
6.841728759466662868e-02 6.091879238826666265e-01 3.195722894506667355e-01 2.822499072000001028e-03
6.830687779199996756e-02 6.090219532906666622e-01 3.198354600426666638e-01 2.835708874666667805e-03
6.819658683733331728e-02 6.088557861546666228e-01 3.200986671786666959e-01 2.848959829333333211e-03
6.808641466666665032e-02 6.086894226666667018e-01 3.203619106666666938e-01 2.862252000000000025e-03
6.797636121600000858e-02 6.085228630186667598e-01 3.206251903146666860e-01 2.875585450666667126e-03
6.786642642133333680e-02 6.083561074026666571e-01 3.208885059306666454e-01 2.888960245333334256e-03
6.775661021866669076e-02 6.081891560106666983e-01 3.211518573226666007e-01 2.902376447999999425e-03
6.764691254400000131e-02 6.080220090346667439e-01 3.214152442986666358e-01 2.915834122666666282e-03
6.753733333333333810e-02 6.078546666666666543e-01 3.216786666666666683e-01 2.929333333333333702e-03
6.742787252266665976e-02 6.076871290986667340e-01 3.219421242346666157e-01 2.942874144000000129e-03
6.731853004799998041e-02 6.075193965226665105e-01 3.222056168106667284e-01 2.956456618666667910e-03
6.720930584533331420e-02 6.073514691306665103e-01 3.224691442026667021e-01 2.970080821333333319e-03
6.710019985066664749e-02 6.071833471146665939e-01 3.227327062186667317e-01 2.983746816000000437e-03
6.699121199999999443e-02 6.070150306666666218e-01 3.229963026666666792e-01 2.997454666666667274e-03
6.688234222933334139e-02 6.068465199786666764e-01 3.232599333546666842e-01 3.011204437333334441e-03
6.677359047466667474e-02 6.066778152426666182e-01 3.235235980906667197e-01 3.024996192000001249e-03
6.666495667200002251e-02 6.065089166506666407e-01 3.237872966826665921e-01 3.038829994666666576e-03
6.655644075733334331e-02 6.063398243946666044e-01 3.240510289386666631e-01 3.052705909333333200e-03
6.644804266666665127e-02 6.061705386666667028e-01 3.243147946666666837e-01 3.066624000000000867e-03
6.633976233600000216e-02 6.060010596586666853e-01 3.245785936746666267e-01 3.080584330666667585e-03
6.623159970133331298e-02 6.058313875626666345e-01 3.248424257706667428e-01 3.094586965333334400e-03
6.612355469866665336e-02 6.056615225706666328e-01 3.251062907626666720e-01 3.108631967999999756e-03
6.601562726399999581e-02 6.054914648746666517e-01 3.253701884586666648e-01 3.122719402666666866e-03
6.590781733333334058e-02 6.053212146666666627e-01 3.256341186666666387e-01 3.136849333333334173e-03
6.580012484266668793e-02 6.051507721386667482e-01 3.258980811946666778e-01 3.151021824000000554e-03
6.569254972800001036e-02 6.049801374826666578e-01 3.261620758506665885e-01 3.165236938666668356e-03
6.558509192533336363e-02 6.048093108906668069e-01 3.264261024426666213e-01 3.179494741333333419e-03
6.547775137066669249e-02 6.046382925546665010e-01 3.266901607786666939e-01 3.193795296000000259e-03
6.537052800000002495e-02 6.044670826666665997e-01 3.269542506666667236e-01 3.208138666666667319e-03
6.526342174933330575e-02 6.042956814186666303e-01 3.272183719146666836e-01 3.222524917333334342e-03
6.515643255466661843e-02 6.041240890026666754e-01 3.274825243306667133e-01 3.236954112000001074e-03
6.504956035199996323e-02 6.039523056106665955e-01 3.277467077226666747e-01 3.251426314666666824e-03
6.494280507733329877e-02 6.037803314346665839e-01 3.280109218986666519e-01 3.265941589333333072e-03
6.483616666666665307e-02 6.036081666666666123e-01 3.282751666666667290e-01 3.280500000000000863e-03
6.472964505599999863e-02 6.034358114986667632e-01 3.285394418346667122e-01 3.295101610666667773e-03
6.462324018133332182e-02 6.032632661226666748e-01 3.288037472106666304e-01 3.309746485333334414e-03
6.451695197866667841e-02 6.030905307306667629e-01 3.290680826026666783e-01 3.324434687999999662e-03
6.441078038399999928e-02 6.029176055146665547e-01 3.293324478186666626e-01 3.339166282666667165e-03
6.430472533333331242e-02 6.027444906666667990e-01 3.295968426666666673e-01 3.353941333333334066e-03
6.419878676266665973e-02 6.025711863786666900e-01 3.298612669546666654e-01 3.368759904000000974e-03
6.409296460799999984e-02 6.023976928426668653e-01 3.301257204906666853e-01 3.383622058666665901e-03
6.398725880533331911e-02 6.022240102506666304e-01 3.303902030826667002e-01 3.398527861333333362e-03
6.388166929066665944e-02 6.020501387946666227e-01 3.306547145386666831e-01 3.413477376000000063e-03
6.377619599999999334e-02 6.018760786666665918e-01 3.309192546666666623e-01 3.428470666666667485e-03
6.367083886933334880e-02 6.017018300586667312e-01 3.311838232746667221e-01 3.443507797333334938e-03
6.356559783466668445e-02 6.015273931626665682e-01 3.314484201706666133e-01 3.458588831999999565e-03
6.346047283200001443e-02 6.013527681706667405e-01 3.317130451626666421e-01 3.473713834666666746e-03
6.335546379733333899e-02 6.011779552746666644e-01 3.319776980586666704e-01 3.488882869333333192e-03
6.325057066666668615e-02 6.010029546666666445e-01 3.322423786666666712e-01 3.504096000000000814e-03
6.314579337599998676e-02 6.008277665386666522e-01 3.325070867946666731e-01 3.519353290666667623e-03
6.304113186133333824e-02 6.006523910826666590e-01 3.327718222506666490e-01 3.534654805333332928e-03
6.293658605866665756e-02 6.004768284906666365e-01 3.330365848426666830e-01 3.550000607999999943e-03
6.283215590400000050e-02 6.003010789546666670e-01 3.333013743786666372e-01 3.565390762666667546e-03
6.272784133333333956e-02 6.001251426666667221e-01 3.335661906666667065e-01 3.580825333333334613e-03
6.262364228266668886e-02 5.999490198186667733e-01 3.338310335146666419e-01 3.596304384000000888e-03
6.251955868800002092e-02 5.997727106026666810e-01 3.340959027306666940e-01 3.611827978666666116e-03
6.241559048533336373e-02 5.995962152106667498e-01 3.343607981226666137e-01 3.627396181333333944e-03
6.231173761066667594e-02 5.994195338346665070e-01 3.346257194986666517e-01 3.643009056000000648e-03
6.220799999999996471e-02 5.992426666666665902e-01 3.348906666666666698e-01 3.658666666666667271e-03
6.210437758933330665e-02 5.990656138986667489e-01 3.351556394346666967e-01 3.674369077333335294e-03
6.200087031466664650e-02 5.988883757226667326e-01 3.354206376106667054e-01 3.690116352000000124e-03
6.189747811199997063e-02 5.987109523306666237e-01 3.356856610026666687e-01 3.705908554666667142e-03
6.179420091733330012e-02 5.985333439146666157e-01 3.359507094186667264e-01 3.721745749333333492e-03
6.169103866666665603e-02 5.983555506666666801e-01 3.362157826666666849e-01 3.737628000000001085e-03
6.158799129599999700e-02 5.981775727786667884e-01 3.364808805546666837e-01 3.753555370666667931e-03
6.148505874133334409e-02 5.979994104426668011e-01 3.367460028906666403e-01 3.769527925333332908e-03
6.138224093866667674e-02 5.978210638506666896e-01 3.370111494826665832e-01 3.785545728000000096e-03
6.127953782399998134e-02 5.976425331946666475e-01 3.372763201386666521e-01 3.801608842666667504e-03
6.117694933333334140e-02 5.974638186666667572e-01 3.375415146666666533e-01 3.817717333333334444e-03
6.107447540266667391e-02 5.972849204586667682e-01 3.378067328746666709e-01 3.833871263999999359e-03
6.097211596799998606e-02 5.971058387626667630e-01 3.380719745706666779e-01 3.850070698666666329e-03
6.086987096533331282e-02 5.969265737706666020e-01 3.383372395626667584e-01 3.866315701333333799e-03
6.076774033066665442e-02 5.967471256746665897e-01 3.386025276586667188e-01 3.882606336000000644e-03
6.066572399999999032e-02 5.965674946666665868e-01 3.388678386666667541e-01 3.898942666666667910e-03
6.056382190933334159e-02 5.963876809386665645e-01 3.391331723946666710e-01 3.915324757333332739e-03
6.046203399466667378e-02 5.962076846826666054e-01 3.393985286506666643e-01 3.931752672000000080e-03
6.036036019200001490e-02 5.960275060906666811e-01 3.396639072426667072e-01 3.948226474666667075e-03
6.025880043733333746e-02 5.958471453546665408e-01 3.399293079786667171e-01 3.964746229333334336e-03
6.015735466666664866e-02 5.956666026666667113e-01 3.401947306666666671e-01 3.981312000000001607e-03
6.005602281599999731e-02 5.954858782186667199e-01 3.404601751146666411e-01 3.997923850666666029e-03
5.995480482133333511e-02 5.953049722026667601e-01 3.407256411306666122e-01 4.014581845333333419e-03
5.985370061866665536e-02 5.951238848106666923e-01 3.409911285226666644e-01 4.031286048000000920e-03
5.975271014399999303e-02 5.949426162346667102e-01 3.412566370986666597e-01 4.048036522666667407e-03
5.965183333333334142e-02 5.947611666666666741e-01 3.415221666666666822e-01 4.064833333333335227e-03
5.955107012266667998e-02 5.945795362986667776e-01 3.417877170346666493e-01 4.081676543999999789e-03
5.945042044800002284e-02 5.943977253226666591e-01 3.420532880106665896e-01 4.098566218666666039e-03
5.934988424533336332e-02 5.942157339306667341e-01 3.423188794026665871e-01 4.115502421333333723e-03
5.924946145066668085e-02 5.940335623146665300e-01 3.425844910186667258e-01 4.132485216000001717e-03
5.914915200000001733e-02 5.938512106666665735e-01 3.428501226666667012e-01 4.149514666666668031e-03
5.904895582933335912e-02 5.936686791786666140e-01 3.431157741546666529e-01 4.166590837333332409e-03
5.894887287466665793e-02 5.934859680426667339e-01 3.433814452906666648e-01 4.183713792000000667e-03
5.884890307199996951e-02 5.933030774506666827e-01 3.436471358826667100e-01 4.200883594666667345e-03
5.874904635733330105e-02 5.931200075946666539e-01 3.439128457386666504e-01 4.218100309333334789e-03
5.864930266666664588e-02 5.929367586666666190e-01 3.441785746666666812e-01 4.235364000000001877e-03
5.854967193599999037e-02 5.927533308586666605e-01 3.444443224746666643e-01 4.252674730666666618e-03
5.845015410133334172e-02 5.925697243626668609e-01 3.447100889706666837e-01 4.270032565333333960e-03
5.835074909866667242e-02 5.923859393706667475e-01 3.449758739626666015e-01 4.287437568000000178e-03
5.825145686399998968e-02 5.922019760746666250e-01 3.452416772586666682e-01 4.304889802666668486e-03
5.815227733333330762e-02 5.920178346666666869e-01 3.455074986666666903e-01 4.322389333333335158e-03
5.805321044266664732e-02 5.918335153386666825e-01 3.457733379946666963e-01 4.339936223999999940e-03
5.795425612799999515e-02 5.916490182826668054e-01 3.460391950506666592e-01 4.357530538666666911e-03
5.785541432533330974e-02 5.914643436906665830e-01 3.463050696426667741e-01 4.375172341333334949e-03
5.775668497066664686e-02 5.912794917546665419e-01 3.465709615786667364e-01 4.392861696000001197e-03
5.765806799999999288e-02 5.910944626666665425e-01 3.468368706666666856e-01 4.410598666666666265e-03
5.755956334933333418e-02 5.909092566186666673e-01 3.471027967146667059e-01 4.428383317333332500e-03
5.746117095466667796e-02 5.907238738026666658e-01 3.473687395306666592e-01 4.446215712000000514e-03
5.736289075200001059e-02 5.905383144106666204e-01 3.476346989226666850e-01 4.464095914666667449e-03
5.726472267733332538e-02 5.903525786346665027e-01 3.479006746986667009e-01 4.482023989333334783e-03
5.716666666666667118e-02 5.901666666666666172e-01 3.481666666666666243e-01 4.499999999999999660e-03
5.706872265600002048e-02 5.899805786986666023e-01 3.484326746346666503e-01 4.518024010666667027e-03
5.697089058133333883e-02 5.897943149226666515e-01 3.486986984106666410e-01 4.536096085333333160e-03
5.687317037866665426e-02 5.896078755306667363e-01 3.489647378026667357e-01 4.554216288000001271e-03
5.677556198399998783e-02 5.894212607146666061e-01 3.492307926186666300e-01 4.572384682666668504e-03
5.667806533333332591e-02 5.892344706666666765e-01 3.494968626666666300e-01 4.590601333333332867e-03
5.658068036266667572e-02 5.890475055786666969e-01 3.497629477546665977e-01 4.608866304000000177e-03
5.648340700800001668e-02 5.888603656426667499e-01 3.500290476906666726e-01 4.627179658666666709e-03
5.638624520533335599e-02 5.886730510506666958e-01 3.502951622826666611e-01 4.645541461333334808e-03
5.628919489066667309e-02 5.884855619946665062e-01 3.505612913386667029e-01 4.663951776000001617e-03
5.619225600000001680e-02 5.882978986666665966e-01 3.508274346666667154e-01 4.682410666666666881e-03
5.609542846933331106e-02 5.881100612586667165e-01 3.510935920746666716e-01 4.700918197333332944e-03
5.599871223466665326e-02 5.879220499626667262e-01 3.513597633706666556e-01 4.719474432000000420e-03
5.590210723199996734e-02 5.877338649706665974e-01 3.516259483626667515e-01 4.738079434666668185e-03
5.580561339733330212e-02 5.875455064746666345e-01 3.518921468586667101e-01 4.756733269333335117e-03
5.570923066666665091e-02 5.873569746666666980e-01 3.521583586666666710e-01 4.775435999999999223e-03
5.561295897599999316e-02 5.871682697386666483e-01 3.524245835946666627e-01 4.794187690666667188e-03
5.551679826133333606e-02 5.869793918826666790e-01 3.526908214506666583e-01 4.812988405333334420e-03
5.542074845866666599e-02 5.867903412906666505e-01 3.529570720426666308e-01 4.831838208000000662e-03
5.532480950399998321e-02 5.866011181546666453e-01 3.532233351786666642e-01 4.850737162666669128e-03
5.522898133333332960e-02 5.864117226666666349e-01 3.534896106666666760e-01 4.869685333333333491e-03
5.513326388266667766e-02 5.862221550186668129e-01 3.537558983146666947e-01 4.888682784000000434e-03
5.503765708799998602e-02 5.860324154026668175e-01 3.540221979306666933e-01 4.907729578666667966e-03
5.494216088533331044e-02 5.858425040106665094e-01 3.542885093226667004e-01 4.926825781333334965e-03
5.484677521066664424e-02 5.856524210346665260e-01 3.545548322986666889e-01 4.945971456000002042e-03
5.475149999999998768e-02 5.854621666666666169e-01 3.548211666666666875e-01 4.965166666666667207e-03
5.465633518933333407e-02 5.852717410986665314e-01 3.550875122346666690e-01 4.984411477333333673e-03
5.456128071466666979e-02 5.850811445226665741e-01 3.553538688106666621e-01 5.003705952000001185e-03
5.446633651200000897e-02 5.848903771306667165e-01 3.556202362026666952e-01 5.023050154666667752e-03
5.437150251733335188e-02 5.846994391146665970e-01 3.558866142186666304e-01 5.042444149333333119e-03
5.427677866666667100e-02 5.845083306666665202e-01 3.561530026666666626e-01 5.061887999999999631e-03
5.418216489599999436e-02 5.843170519786666794e-01 3.564194013546667095e-01 5.081381770666667033e-03
5.408766114133332914e-02 5.841256032426667133e-01 3.566858100906666884e-01 5.100925525333334203e-03
5.399326733866664785e-02 5.839339846506665932e-01 3.569522286826666280e-01 5.120519328000001751e-03
5.389898342399999237e-02 5.837421963946666237e-01 3.572186569386666677e-01 5.140163242666665952e-03
5.380480933333332827e-02 5.835502386666666652e-01 3.574850946666666140e-01 5.159857333333333490e-03
5.371074500266666968e-02 5.833581116586666893e-01 3.577515416746666621e-01 5.179601664000000640e-03
5.361679036800001685e-02 5.831658155626666673e-01 3.580179977706666183e-01 5.199396298666667145e-03
5.352294536533334923e-02 5.829733505706666818e-01 3.582844627626666778e-01 5.219241301333335352e-03
5.342920993066669483e-02 5.827807168746667044e-01 3.585509364586665915e-01 5.239136735999999801e-03
5.333558400000001226e-02 5.825879146666664843e-01 3.588174186666666654e-01 5.259082666666666309e-03
5.324206750933335730e-02 5.823949441386666592e-01 3.590839091946667061e-01 5.279079157333333751e-03
5.314866039466664693e-02 5.822018054826666456e-01 3.593504078506666866e-01 5.299126272000001872e-03
5.305536259199996468e-02 5.820084988906666368e-01 3.596169144426666908e-01 5.319224074666668682e-03
5.296217403733331081e-02 5.818150245546666044e-01 3.598834287786666364e-01 5.339372629333333058e-03
5.286909466666664392e-02 5.816213826666667419e-01 3.601499506666667183e-01 5.359571999999999947e-03
5.277612441599998511e-02 5.814275734186666877e-01 3.604164799146666320e-01 5.379822250666667360e-03
5.268326322133332767e-02 5.812335970026667464e-01 3.606830163306667392e-01 5.400123445333335041e-03
5.259051101866666494e-02 5.810394536106667784e-01 3.609495597226666797e-01 5.420475648000001867e-03
5.249786774400001105e-02 5.808451434346667552e-01 3.612161098986665930e-01 5.440878922666665847e-03
5.240533333333333155e-02 5.806506666666666483e-01 3.614826666666666743e-01 5.461333333333333664e-03
5.231290772266664058e-02 5.804560234986667622e-01 3.617492298346666746e-01 5.481838944000000727e-03
5.222059084799999390e-02 5.802612141226667353e-01 3.620157992106666223e-01 5.502395818666667646e-03
5.212838264533330851e-02 5.800662387306665391e-01 3.622823746026667679e-01 5.523004021333335900e-03
5.203628305066665405e-02 5.798710975146665891e-01 3.625489558186666961e-01 5.543663616000000030e-03
5.194429199999998914e-02 5.796757906666665239e-01 3.628155426666667127e-01 5.564374666666667586e-03
5.185240942933332792e-02 5.794803183786665368e-01 3.630821349546666799e-01 5.585137237333333976e-03
5.176063527466667064e-02 5.792846808426665994e-01 3.633487324906666815e-01 5.605951392000001546e-03
5.166896947200000367e-02 5.790888782506665722e-01 3.636153350826666353e-01 5.626817194666668305e-03
5.157741195733334810e-02 5.788929107946666486e-01 3.638819425386666251e-01 5.647734709333333131e-03
5.148596266666666948e-02 5.786967786666665781e-01 3.641485546666666240e-01 5.668704000000000104e-03
5.139462153600000971e-02 5.785004820586666652e-01 3.644151712746666605e-01 5.689725130666668101e-03
5.130338850133332740e-02 5.783040211626667704e-01 3.646817921706667076e-01 5.710798165333335133e-03
5.121226349866667138e-02 5.781073961706667541e-01 3.649484171626666273e-01 5.731923167999999208e-03
5.112124646399999334e-02 5.779106072746666989e-01 3.652150460586667258e-01 5.753100202666667010e-03
5.103033733333332822e-02 5.777136546666666872e-01 3.654816786666666983e-01 5.774329333333333945e-03
5.093953604266666935e-02 5.775165385386666905e-01 3.657483147946666291e-01 5.795610624000001494e-03
5.084884252800001003e-02 5.773192590826667914e-01 3.660149542506666576e-01 5.816944138666667666e-03
5.075825672533335747e-02 5.771218164906667392e-01 3.662815968426665902e-01 5.838329941333332204e-03
5.066777857066669111e-02 5.769242109546668384e-01 3.665482423786666777e-01 5.859768096000000058e-03
5.057740800000001119e-02 5.767264426666665056e-01 3.668148906666666709e-01 5.881258666666667502e-03
5.048714494933330410e-02 5.765285118186666002e-01 3.670815415146666538e-01 5.902801717333335148e-03
5.039698935466664642e-02 5.763304186026666498e-01 3.673481947306666551e-01 5.924397312000002740e-03
5.030694115199998984e-02 5.761321632106666257e-01 3.676148501226667031e-01 5.946045514666666552e-03
5.021700027733330685e-02 5.759337458346666105e-01 3.678815074986667155e-01 5.967746389333334137e-03
5.012716666666664628e-02 5.757351666666666867e-01 3.681481666666667207e-01 5.989500000000000900e-03
5.003744025599998757e-02 5.755364258986666037e-01 3.684148274346666918e-01 6.011306410666668321e-03
4.994782098133332404e-02 5.753375237226666661e-01 3.686814896106667128e-01 6.033165685333335276e-03
4.985830877866667676e-02 5.751384603306667342e-01 3.689481530026666456e-01 6.055077887999999776e-03
4.976890358400001130e-02 5.749392359146667797e-01 3.692148174186665743e-01 6.077043082666666769e-03
4.967960533333332790e-02 5.747398506666666629e-01 3.694814826666666385e-01 6.099061333333335132e-03
4.959041396266666846e-02 5.745403047786666884e-01 3.697481485546667002e-01 6.121132704000002006e-03
4.950132940799998466e-02 5.743405984426668276e-01 3.700148148906666767e-01 6.143257258666668004e-03
4.941235160533332532e-02 5.741407318506668300e-01 3.702814814826666523e-01 6.165435061333332870e-03
4.932348049066664908e-02 5.739407051946666671e-01 3.705481481386667664e-01 6.187666176000000684e-03
4.923471599999998394e-02 5.737405186666665324e-01 3.708148146666667144e-01 6.209950666666667722e-03
4.914605806933333015e-02 5.735401724586666194e-01 3.710814808746666915e-01 6.232288597333334595e-03
4.905750663466666717e-02 5.733396667626666776e-01 3.713481465706666707e-01 6.254680032000002783e-03
4.896906163200001605e-02 5.731390017706666784e-01 3.716148115626666804e-01 6.277125034666666825e-03
4.888072299733334930e-02 5.729381776746667043e-01 3.718814756586666936e-01 6.299623669333334272e-03
4.879249066666666718e-02 5.727371946666666158e-01 3.721481386666666835e-01 6.322176000000000531e-03
4.870436457599998381e-02 5.725360529386667174e-01 3.724148003946667340e-01 6.344782090666668817e-03
4.861634466133333415e-02 5.723347526826667586e-01 3.726814606506667071e-01 6.367442005333336270e-03
4.852843085866666989e-02 5.721332940906667108e-01 3.729481192426666869e-01 6.390155808000000034e-03
4.844062310399999127e-02 5.719316773546666566e-01 3.732147759786666463e-01 6.412923562666666792e-03
4.835292133333332631e-02 5.717299026666666784e-01 3.734814306666666694e-01 6.435745333333334553e-03
4.826532548266666833e-02 5.715279702186666366e-01 3.737480831146666738e-01 6.458621184000002194e-03
4.817783548800001064e-02 5.713258802026667249e-01 3.740147331306666323e-01 6.481551178666665990e-03
4.809045128533335350e-02 5.711236328106668036e-01 3.742813805226666846e-01 6.504535381333333491e-03
4.800317281066668329e-02 5.709212282346667333e-01 3.745480250986665816e-01 6.527573856000000972e-03
4.791600000000000720e-02 5.707186666666664854e-01 3.748146666666666849e-01 6.550666666666668178e-03
4.782893278933334630e-02 5.705159482986665864e-01 3.750813050346667454e-01 6.573813877333335720e-03
4.774197111466669391e-02 5.703130733226665638e-01 3.753479400106666253e-01 6.597015551999999006e-03
4.765511491199998784e-02 5.701100419306666112e-01 3.756145714026666305e-01 6.620271754666666453e-03
4.756836411733330466e-02 5.699068543146665888e-01 3.758811990186666785e-01 6.643582549333334336e-03
4.748171866666664465e-02 5.697035106666665794e-01 3.761478226666667424e-01 6.666948000000000665e-03
4.739517849599998028e-02 5.695000111786665542e-01 3.764144421546666841e-01 6.690368170666668654e-03
4.730874354133332571e-02 5.692963560426667069e-01 3.766810572906666432e-01 6.713843125333332842e-03
4.722241373866667424e-02 5.690925454506667869e-01 3.769476678826667038e-01 6.737372927999999914e-03
4.713618902400000532e-02 5.688885795946666546e-01 3.772142737386666167e-01 6.760957642666667010e-03
4.705006933333332614e-02 5.686844586666666146e-01 3.774808746666666881e-01 6.784597333333335610e-03
4.696405460266664389e-02 5.684801828586667494e-01 3.777474704746666689e-01 6.808292064000001989e-03
4.687814476799998659e-02 5.682757523626666973e-01 3.780140609706666432e-01 6.832041898666666759e-03
4.679233976533332673e-02 5.680711673706667630e-01 3.782806459626666395e-01 6.855846901333333132e-03
4.670663953066664376e-02 5.678664280746665849e-01 3.785472252586667419e-01 6.879707136000000854e-03
4.662104399999997956e-02 5.676615346666664674e-01 3.788137986666667012e-01 6.903622666666667934e-03
4.653555310933332745e-02 5.674564873386666042e-01 3.790803659946667126e-01 6.927593557333334984e-03
4.645016679466666687e-02 5.672512862826666336e-01 3.793469270506666935e-01 6.951619872000000012e-03
4.636488499200001195e-02 5.670459316906666380e-01 3.796134816426666725e-01 6.975701674666667101e-03
4.627970763733334214e-02 5.668404237546665891e-01 3.798800295786666226e-01 6.999839029333335128e-03
4.619463466666666462e-02 5.666347626666665693e-01 3.801465706666666833e-01 7.024032000000001233e-03
4.610966601600000742e-02 5.664289486186666611e-01 3.804131047146667166e-01 7.048280650666669499e-03
4.602480162133334995e-02 5.662229818026666139e-01 3.806796315306666401e-01 7.072585045333333598e-03
4.594004141866667168e-02 5.660168624106667323e-01 3.809461509226667042e-01 7.096945248000000213e-03
4.585538534399998672e-02 5.658105906346666547e-01 3.812126626986667155e-01 7.121361322666668221e-03
4.577083333333332310e-02 5.656041666666666856e-01 3.814791666666667025e-01 7.145833333333335632e-03
4.568638532266666719e-02 5.653975906986666855e-01 3.817456626346666937e-01 7.170361344000000456e-03
4.560204124800000536e-02 5.651908629226667369e-01 3.820121504106666066e-01 7.194945418666666773e-03
4.551780104533335175e-02 5.649839835306667002e-01 3.822786298026666363e-01 7.219585621333334327e-03
4.543366465066668580e-02 5.647769527146667690e-01 3.825451006186666447e-01 7.244282016000001996e-03
4.534963200000000777e-02 5.645697706666665816e-01 3.828115626666667159e-01 7.269034666666668656e-03
4.526570302933334566e-02 5.643624375786665537e-01 3.830780157546667120e-01 7.293843637333332318e-03
4.518187767466664423e-02 5.641549536426666567e-01 3.833444596906667168e-01 7.318708991999999663e-03
4.509815587199998699e-02 5.639473190506666400e-01 3.836108942826666479e-01 7.343630794666667835e-03
4.501453755733330481e-02 5.637395339946665862e-01 3.838773193386667004e-01 7.368609109333335710e-03
4.493102266666663958e-02 5.635315986666665777e-01 3.841437346666666253e-01 7.393644000000003033e-03
4.484761113599998461e-02 5.633235132586666971e-01 3.844101400746666730e-01 7.418735530666666078e-03
4.476430290133332629e-02 5.631152779626666938e-01 3.846765353706666501e-01 7.443883765333334131e-03
4.468109789866666487e-02 5.629068929706666502e-01 3.849429203626666962e-01 7.469088768000000864e-03
4.459799606400000060e-02 5.626983584746666489e-01 3.852092948586666732e-01 7.494350602666667756e-03
4.451499733333331987e-02 5.624896746666665504e-01 3.854756586666666651e-01 7.519669333333335419e-03
4.443210164266666456e-02 5.622808417386666591e-01 3.857420115946666450e-01 7.545045023999999260e-03
4.434930892800000718e-02 5.620718598826667245e-01 3.860083534506666969e-01 7.570477738666667698e-03
4.426661912533332716e-02 5.618627292906667181e-01 3.862746840426666273e-01 7.595967541333334405e-03
4.418403217066664557e-02 5.616534501546666114e-01 3.865410031786667422e-01 7.621514496000001727e-03
4.410154799999997655e-02 5.614440226666664868e-01 3.868073106666666816e-01 7.647118666666669409e-03
4.401916654933332035e-02 5.612344470186665379e-01 3.870736063146666961e-01 7.672780117333332858e-03
4.393688775466666335e-02 5.610247234026666252e-01 3.873398899306667031e-01 7.698498912000000492e-03
4.385471155200000581e-02 5.608148520106666091e-01 3.876061613226667313e-01 7.724275114666668586e-03
4.377263787733334799e-02 5.606048330346665720e-01 3.878724202986665870e-01 7.750108789333334282e-03
4.369066666666666238e-02 5.603946666666665966e-01 3.881386666666666874e-01 7.776000000000001661e-03
4.360879785600000474e-02 5.601843530986665431e-01 3.884049002346666168e-01 7.801948810666666130e-03
4.352703138133332678e-02 5.599738925226667163e-01 3.886711208106666815e-01 7.827955285333334373e-03
4.344536717866667036e-02 5.597632851306666435e-01 3.889373282026666878e-01 7.854019488000001797e-03
4.336380518399998718e-02 5.595525311146666292e-01 3.892035222186666643e-01 7.880141482666669014e-03
4.328234533333331913e-02 5.593416306666665339e-01 3.894697026666666395e-01 7.906321333333335769e-03
4.320098756266665951e-02 5.591305839786666620e-01 3.897358693546666419e-01 7.932559104000000069e-03
4.311973180800000166e-02 5.589193912426666522e-01 3.900020220906667001e-01 7.958854858666668600e-03
4.303857800533334582e-02 5.587080526506666978e-01 3.902681606826666760e-01 7.985208661333334165e-03
4.295752609066668531e-02 5.584965683946667703e-01 3.905342849386666537e-01 8.011620576000003449e-03
4.287657600000002733e-02 5.582849386666667302e-01 3.908003946666666062e-01 8.038090666666667522e-03
4.279572766933334438e-02 5.580731636586665489e-01 3.910664896746667285e-01 8.064618997333333067e-03
4.271498103466669222e-02 5.578612435626666421e-01 3.913325697706667161e-01 8.091205631999999828e-03
4.263433603199998784e-02 5.576491785706667592e-01 3.915986347626667641e-01 8.117850634666669285e-03
4.255379259733330088e-02 5.574369688746665386e-01 3.918646844586667344e-01 8.144554069333335977e-03
4.247335066666664549e-02 5.572246146666666178e-01 3.921307186666666555e-01 8.171315999999999649e-03
4.239301017599998028e-02 5.570121161386666353e-01 3.923967371946666671e-01 8.198136490666666984e-03
4.231277106133332633e-02 5.567994734826666736e-01 3.926627398506666866e-01 8.225015605333334257e-03
4.223263325866666307e-02 5.565866868906667042e-01 3.929287264426666870e-01 8.251953408000001211e-03
4.215259670399999770e-02 5.563737565546666985e-01 3.931946967786666969e-01 8.278949962666667592e-03
4.207266133333333741e-02 5.561606826666666281e-01 3.934606506666665782e-01 8.306005333333331409e-03
4.199282708266666164e-02 5.559474654186666864e-01 3.937265879146666370e-01 8.333119584000001079e-03
4.191309388799997759e-02 5.557341050026667340e-01 3.939925083306666798e-01 8.360292778666667673e-03
4.183346168533332715e-02 5.555206016106667422e-01 3.942584117226666240e-01 8.387524981333334406e-03
4.175393041066664812e-02 5.553069554346665715e-01 3.945242978986667204e-01 8.414816256000002756e-03
4.167449999999998239e-02 5.550931666666666375e-01 3.947901666666667198e-01 8.442166666666667263e-03
4.159517038933332328e-02 5.548792354986665787e-01 3.950560178346667062e-01 8.469576277333334610e-03
4.151594151466666410e-02 5.546651621226665885e-01 3.953218512106667082e-01 8.497045152000001073e-03
4.143681331200000512e-02 5.544509467306666384e-01 3.955876666026666988e-01 8.524573354666668129e-03
4.135778571733333964e-02 5.542365895146665888e-01 3.958534638186667065e-01 8.552160949333335524e-03
4.127885866666668180e-02 5.540220906666667444e-01 3.961192426666667044e-01 8.579807999999999532e-03
4.120003209600000410e-02 5.538074503786665215e-01 3.963850029546666653e-01 8.607514570666666837e-03
4.112130594133334149e-02 5.535926688426666686e-01 3.966507444906666735e-01 8.635280725333335447e-03
4.104268013866666648e-02 5.533777462506667133e-01 3.969164670826667018e-01 8.663106528000001638e-03
4.096415462399998625e-02 5.531626827946667380e-01 3.971821705386667234e-01 8.690992042666668624e-03
4.088572933333332882e-02 5.529474786666666031e-01 3.974478546666666556e-01 8.718937333333332679e-03
4.080740420266665974e-02 5.527321340586666132e-01 3.977135192746666381e-01 8.746942464000000486e-03
4.072917916800000010e-02 5.525166491626667398e-01 3.979791641706666439e-01 8.775007498666668321e-03
4.065105416533334320e-02 5.523010241706667323e-01 3.982447891626667014e-01 8.803132501333335927e-03
4.057302913066667543e-02 5.520852592746667842e-01 3.985103940586666726e-01 8.831317536000003049e-03
4.049510400000001786e-02 5.518693546666667560e-01 3.987759786666665862e-01 8.859562666666665962e-03
4.041727870933334299e-02 5.516533105386665081e-01 3.990415427946666926e-01 8.887867957333334817e-03
4.033955319466664413e-02 5.514371270826665672e-01 3.993070862506666874e-01 8.916233472000002422e-03
4.026192739199998399e-02 5.512208044906666826e-01 3.995726088426667100e-01 8.944659274666668519e-03
4.018440123733332120e-02 5.510043429546667149e-01 3.998381103786666779e-01 8.973145429333332854e-03
4.010697466666664907e-02 5.507877426666667464e-01 4.001035906666667308e-01 9.001692000000000374e-03
4.002964761599998172e-02 5.505710038186666377e-01 4.003690495146666195e-01 9.030299050666669089e-03
3.995242002133331943e-02 5.503541266026666934e-01 4.006344867306667057e-01 9.058966645333335274e-03
3.987529181866666245e-02 5.501371112106666628e-01 4.008999021226666848e-01 9.087694848000002143e-03
3.979826294400000408e-02 5.499199578346667394e-01 4.011652954986666408e-01 9.116483722666665970e-03
3.972133333333333766e-02 5.497026666666666728e-01 4.014306666666666579e-01 9.145333333333333439e-03
3.964450292266666342e-02 5.494852378986666563e-01 4.016960154346666534e-01 9.174243743999999090e-03
3.956777164800000246e-02 5.492676717226666616e-01 4.019613416106666559e-01 9.203215018666667871e-03
3.949113944533332032e-02 5.490499683306666601e-01 4.022266450026665829e-01 9.232247221333336057e-03
3.941460625066666584e-02 5.488321279146667342e-01 4.024919254186666295e-01 9.261340416000001657e-03
3.933817199999998376e-02 5.486141506666665224e-01 4.027571826666666577e-01 9.290494666666666151e-03
3.926183662933331597e-02 5.483960367786665513e-01 4.030224165546667514e-01 9.319710037333334487e-03
3.918560007466666273e-02 5.481777864426666813e-01 4.032876268906667727e-01 9.348986592000002940e-03
3.910946227200000347e-02 5.479593998506666619e-01 4.035528134826666946e-01 9.378324394666669520e-03
3.903342315733334539e-02 5.477408771946665755e-01 4.038179761386666566e-01 9.407723509333332235e-03
3.895748266666668180e-02 5.475222186666667268e-01 4.040831146666666873e-01 9.437184000000001238e-03
3.888164073599999909e-02 5.473034244586665320e-01 4.043482288746666486e-01 9.466705930666669336e-03
3.880589730133332527e-02 5.470844947626666288e-01 4.046133185706666802e-01 9.496289365333334537e-03
3.873025229866666752e-02 5.468654297706666556e-01 4.048783835626666994e-01 9.525934368000003524e-03
3.865470566399999836e-02 5.466462296746668059e-01 4.051434236586666793e-01 9.555641002666665634e-03
3.857925733333332496e-02 5.464268946666666071e-01 4.054084386666666484e-01 9.585409333333336224e-03
3.850390724266665454e-02 5.462074249386665858e-01 4.056734283946666908e-01 9.615239424000001159e-03
3.842865532800000122e-02 5.459878206826667135e-01 4.059383926506666684e-01 9.645131338666670592e-03
3.835350152533333751e-02 5.457680820906667396e-01 4.062033312426666098e-01 9.675085141333337330e-03
3.827844577066668447e-02 5.455482093546667466e-01 4.064682439786666546e-01 9.705100896000001115e-03
3.820348800000001460e-02 5.453282026666667059e-01 4.067331306666665536e-01 9.735178666666666897e-03
3.812862814933334205e-02 5.451080622186664781e-01 4.069979911146666685e-01 9.765318517333336154e-03
3.805386615466668093e-02 5.448877882026665898e-01 4.072628251306666947e-01 9.795520512000003427e-03
3.797920195199998294e-02 5.446673808106666792e-01 4.075276325226666607e-01 9.825784714666668460e-03
3.790463547733332467e-02 5.444468402346666069e-01 4.077924130986666507e-01 9.856111189333332731e-03
3.783016666666664390e-02 5.442261666666665665e-01 4.080571666666666930e-01 9.886500000000001190e-03
3.775579545599998255e-02 5.440053602986665293e-01 4.083218930346667053e-01 9.916951210666668376e-03
3.768152178133332003e-02 5.437844213226665779e-01 4.085865920106666604e-01 9.947464885333335768e-03
3.760734557866665662e-02 5.435633499306666838e-01 4.088512634026666981e-01 9.978041087999999642e-03
3.753326678400000643e-02 5.433421463146667074e-01 4.091159070186666802e-01 1.000867988266666668e-02
3.745928533333333504e-02 5.431208106666666202e-01 4.093805226666666353e-01 1.003938133333333663e-02
3.738540116266665658e-02 5.428993431786666157e-01 4.096451101546667029e-01 1.007014550400000055e-02
3.731161420799997824e-02 5.426777440426666654e-01 4.099096692906666339e-01 1.010097245866667034e-02
3.723792440533332110e-02 5.424560134506667408e-01 4.101741998826666236e-01 1.013186226133333361e-02
3.716433169066665765e-02 5.422341515946668133e-01 4.104387017386667003e-01 1.016281497600000049e-02
3.709083599999998121e-02 5.420121586666665214e-01 4.107031746666667260e-01 1.019383066666666726e-02
3.701743726933331979e-02 5.417900348586666137e-01 4.109676184746667293e-01 1.022490939733333541e-02
3.694413543466665978e-02 5.415677803626666176e-01 4.112320329706666833e-01 1.025605123200000468e-02
3.687093043200000142e-02 5.413453953706666155e-01 4.114964179626666718e-01 1.028725623466666614e-02
3.679782219733334497e-02 5.411228800746665790e-01 4.117607732586666680e-01 1.031852446933333341e-02
3.672481066666667682e-02 5.409002346666667016e-01 4.120250986666667004e-01 1.034985600000000103e-02
3.665189577599999721e-02 5.406774593386665106e-01 4.122893939946666308e-01 1.038125089066666874e-02
3.657907746133334109e-02 5.404545542826666438e-01 4.125536590506666546e-01 1.041270920533333630e-02
3.650635565866668097e-02 5.402315196906666284e-01 4.128178936426666334e-01 1.044423100799999823e-02
3.643373030400000323e-02 5.400083557546667690e-01 4.130820975786667071e-01 1.047581636266666817e-02
3.636120133333332199e-02 5.397850626666665930e-01 4.133462706666666264e-01 1.050746533333333545e-02
3.628876868266665834e-02 5.395616406186666270e-01 4.136104127146665865e-01 1.053917798400000154e-02
3.621643228799999864e-02 5.393380898026667314e-01 4.138745235306666714e-01 1.057095437866666966e-02
3.614419208533334316e-02 5.391144104106666557e-01 4.141386029226666321e-01 1.060279458133333262e-02
3.607204801066667826e-02 5.388906026346667044e-01 4.144026506986666636e-01 1.063469865600000230e-02
3.600000000000001810e-02 5.386666666666667380e-01 4.146666666666666279e-01 1.066666666666666805e-02
3.592804798933333515e-02 5.384426026986665059e-01 4.149306506346666645e-01 1.069869867733333479e-02
3.585619191466664357e-02 5.382184109226666457e-01 4.151946024106666910e-01 1.073079475200000403e-02
3.578443171199997830e-02 5.379940915306665739e-01 4.154585218026666804e-01 1.076295495466666856e-02
3.571276731733331877e-02 5.377696447146667058e-01 4.157224086186667167e-01 1.079517934933333506e-02
3.564119866666664443e-02 5.375450706666666800e-01 4.159862626666667174e-01 1.082746800000000155e-02
3.556972569599997636e-02 5.373203695786665790e-01 4.162500837546666554e-01 1.085982097066666950e-02
3.549834834133331479e-02 5.370955416426665963e-01 4.165138716906667260e-01 1.089223832533333519e-02
3.542706653866666000e-02 5.368705870506667033e-01 4.167776262826666800e-01 1.092472012800000010e-02
3.535588022399999836e-02 5.366455059946666495e-01 4.170413473386666570e-01 1.095726644266666744e-02
3.528478933333333706e-02 5.364202986666666284e-01 4.173050346666665744e-01 1.098987733333333695e-02
3.521379380266665554e-02 5.361949652586666115e-01 4.175686880746666829e-01 1.102255286400000145e-02
3.514289356799999570e-02 5.359695059626666813e-01 4.178323073706666224e-01 1.105529309866666414e-02
3.507208856533333696e-02 5.357439209706666983e-01 4.180958923626666435e-01 1.108809810133333344e-02
3.500137873066666572e-02 5.355182104746667449e-01 4.183594428586667191e-01 1.112096793600000216e-02
3.493076399999998222e-02 5.352923746666665705e-01 4.186229586666666558e-01 1.115390266666666658e-02
3.486024430933331447e-02 5.350664137386664798e-01 4.188864395946667041e-01 1.118690235733333684e-02
3.478981959466666274e-02 5.348403278826665552e-01 4.191498854506666705e-01 1.121996707200000054e-02
3.471948979199999952e-02 5.346141172906666572e-01 4.194132960426666390e-01 1.125309687466666785e-02
3.464925483733333894e-02 5.343877821546666462e-01 4.196766711786666382e-01 1.128629182933333502e-02
3.457911466666667433e-02 5.341613226666666048e-01 4.199400106666666410e-01 1.131955200000000356e-02
3.450906921599999899e-02 5.339347390186666154e-01 4.202033143146666760e-01 1.135287745066667145e-02
3.443911842133334095e-02 5.337080314026665384e-01 4.204665819306666608e-01 1.138626824533333498e-02
3.436926221866665881e-02 5.334812000106666785e-01 4.207298133226666792e-01 1.141972444799999910e-02
3.429950054399999448e-02 5.332542450346666740e-01 4.209930082986667044e-01 1.145324612266666701e-02
3.422983333333332046e-02 5.330271666666666075e-01 4.212561666666667093e-01 1.148683333333333674e-02
3.416026052266665780e-02 5.327999650986665614e-01 4.215192882346666670e-01 1.152048614400000108e-02
3.409078204799999984e-02 5.325726405226667293e-01 4.217823728106666614e-01 1.155420461866666498e-02
3.402139784533333988e-02 5.323451931306667495e-01 4.220454202026666657e-01 1.158798882133333340e-02
3.395210785066667819e-02 5.321176231146668156e-01 4.223084302186667083e-01 1.162183881600000260e-02
3.388291200000001502e-02 5.318899306666667881e-01 4.225714026666667067e-01 1.165575466666666886e-02
3.381381022933333674e-02 5.316621159786665274e-01 4.228343373546666895e-01 1.168973643733333713e-02
3.374480247466667138e-02 5.314341792426664490e-01 4.230972340906666851e-01 1.172378419200000021e-02
3.367588867200001918e-02 5.312061206506665245e-01 4.233600926826666666e-01 1.175789799466666827e-02
3.360706875733331794e-02 5.309779403946667253e-01 4.236229129386667180e-01 1.179207790933333409e-02
3.353834266666663733e-02 5.307496386666665789e-01 4.238856946666667014e-01 1.182632400000000264e-02
3.346971033599997758e-02 5.305212156586665007e-01 4.241484376746666451e-01 1.186063633066667192e-02
3.340117170133331814e-02 5.302926715626665732e-01 4.244111417706666334e-01 1.189501496533333473e-02
3.333272669866665927e-02 5.300640065706666570e-01 4.246738067626666391e-01 1.192945996800000123e-02
3.326437526400000122e-02 5.298352208746666125e-01 4.249364324586666908e-01 1.196397140266666943e-02
3.319611733333333037e-02 5.296063146666667443e-01 4.251990186666666505e-01 1.199854933333333734e-02
3.312795284266667473e-02 5.293772881386666906e-01 4.254615651946666577e-01 1.203319382399999950e-02
3.305988172799999292e-02 5.291481414826666452e-01 4.257240718506666854e-01 1.206790493866666605e-02
3.299190392533331989e-02 5.289188748906668014e-01 4.259865384426667068e-01 1.210268274133333502e-02
3.292401937066665590e-02 5.286894885546667977e-01 4.262489647786666946e-01 1.213752729600000441e-02
3.285622799999998039e-02 5.284599826666664946e-01 4.265113506666667886e-01 1.217243866666666875e-02
3.278852974933332137e-02 5.282303574186665296e-01 4.267736959146667397e-01 1.220741691733333301e-02
3.272092455466665828e-02 5.280006130026665412e-01 4.270360003306666874e-01 1.224246211200000038e-02
3.265341235199999831e-02 5.277707496106666119e-01 4.272982637226667157e-01 1.227757431466666889e-02
3.258599307733333478e-02 5.275407674346666020e-01 4.275604858986666867e-01 1.231275358933333480e-02
3.251866666666667488e-02 5.273106666666667053e-01 4.278226666666666844e-01 1.234800000000000307e-02
3.245143305600001887e-02 5.270804474986666710e-01 4.280848058346666263e-01 1.238331361066666650e-02
3.238429218133333232e-02 5.268501101226665817e-01 4.283469032106667074e-01 1.241869448533333524e-02
3.231724397866667792e-02 5.266196547306666309e-01 4.286089586026666787e-01 1.245414268800000210e-02
3.225028838400000042e-02 5.263890815146667901e-01 4.288709718186667352e-01 1.248965828266666855e-02
3.218342533333332089e-02 5.261583906666666977e-01 4.291329426666667390e-01 1.252524133333333956e-02
3.211665476266666042e-02 5.259275823786665471e-01 4.293948709546666076e-01 1.256089190399999923e-02
3.204997660799999842e-02 5.256966568426666431e-01 4.296567564906667025e-01 1.259661005866666642e-02
3.198339080533333517e-02 5.254656142506667349e-01 4.299185990826667192e-01 1.263239586133333564e-02
3.191689729066667786e-02 5.252344547946667941e-01 4.301803985386667417e-01 1.266824937600000492e-02
3.185049600000001285e-02 5.250031786666667921e-01 4.304421546666666321e-01 1.270417066666667052e-02
3.178418686933335430e-02 5.247717860586668115e-01 4.307038672746666963e-01 1.274015979733333220e-02
3.171796983466667469e-02 5.245402771626666016e-01 4.309655361706667409e-01 1.277621683200000184e-02
3.165184483199998122e-02 5.243086521706665781e-01 4.312271611626666834e-01 1.281234183466666877e-02
3.158581179733331579e-02 5.240769112746667124e-01 4.314887420586667743e-01 1.284853486933333448e-02
3.151987066666664394e-02 5.238450546666665320e-01 4.317502786666667092e-01 1.288479600000000391e-02
3.145402137599997983e-02 5.236130825386665633e-01 4.320117707946666830e-01 1.292112529066666640e-02
3.138826386133331675e-02 5.233809950826665558e-01 4.322732182506666687e-01 1.295752280533333384e-02
3.132259805866665497e-02 5.231487924906667031e-01 4.325346208426666950e-01 1.299398860800000076e-02
3.125702390399999475e-02 5.229164749546667545e-01 4.327959783786667347e-01 1.303052276266666865e-02
3.119154133333333287e-02 5.226840426666666817e-01 4.330572906666666499e-01 1.306712533333333898e-02
3.112615028266667305e-02 5.224514958186666780e-01 4.333185575146665802e-01 1.310379638400000109e-02
3.106085068799999474e-02 5.222188346026667150e-01 4.335797787306666651e-01 1.314053597866666860e-02
3.099564248533333635e-02 5.219860592106666530e-01 4.338409541226666555e-01 1.317734418133333432e-02
3.093052561066665651e-02 5.217531698346667968e-01 4.341020834986667465e-01 1.321422105600000320e-02
3.086549999999999710e-02 5.215201666666668956e-01 4.343631666666666891e-01 1.325116666666666630e-02
3.080056558933332023e-02 5.212870498986665879e-01 4.346242034346667338e-01 1.328818107733333205e-02
3.073572231466665736e-02 5.210538197226665114e-01 4.348851936106666316e-01 1.332526435200000192e-02
3.067097011199999487e-02 5.208204763306665264e-01 4.351461370026666886e-01 1.336241655466667046e-02
3.060630891733333650e-02 5.205870199146667154e-01 4.354070334186667113e-01 1.339963774933333567e-02
3.054173866666667556e-02 5.203534506666667170e-01 4.356678826666666726e-01 1.343692799999999729e-02
3.047725929600001230e-02 5.201197687786666135e-01 4.359286845546666567e-01 1.347428737066666722e-02
3.041287074133333310e-02 5.198859744426665985e-01 4.361894388906666364e-01 1.351171592533333479e-02
3.034857293866665556e-02 5.196520678506666435e-01 4.364501454826666960e-01 1.354921372800000322e-02
3.028436582399999730e-02 5.194180491946667200e-01 4.367108041386666972e-01 1.358678084266667051e-02
3.022024933333333774e-02 5.191839186666666883e-01 4.369714146666666688e-01 1.362441733333333294e-02
3.015622340266665979e-02 5.189496764586666311e-01 4.372319768746667501e-01 1.366212326400000239e-02
3.009228796799999495e-02 5.187153227626666308e-01 4.374924905706666367e-01 1.369989869866666647e-02
3.002844296533333304e-02 5.184808577706666588e-01 4.377529555626666347e-01 1.373774370133333533e-02
2.996468833066667434e-02 5.182462816746667977e-01 4.380133716586667170e-01 1.377565833600000525e-02
2.990102400000001215e-02 5.180115946666667970e-01 4.382737386666666901e-01 1.381364266666666729e-02
2.983744990933334673e-02 5.177767969386667390e-01 4.385340563946665826e-01 1.385169675733333335e-02
2.977396599466667140e-02 5.175418886826665954e-01 4.387943246506667005e-01 1.388982067200000316e-02
2.971057219200001071e-02 5.173068700906665596e-01 4.390545432426666839e-01 1.392801447466667127e-02
2.964726843733331979e-02 5.170717413546666030e-01 4.393147119786666721e-01 1.396627822933333742e-02
2.958405466666665790e-02 5.168365026666666973e-01 4.395748306666666938e-01 1.400461199999999788e-02
2.952093081599998017e-02 5.166011542186665917e-01 4.398348991146666664e-01 1.404301585066666802e-02
2.945789682133331464e-02 5.163656962026665909e-01 4.400949171306666186e-01 1.408148984533333543e-02
2.939495261866665460e-02 5.161301288106666663e-01 4.403548845226666897e-01 1.412003404800000333e-02
2.933209814399999685e-02 5.158944522346666783e-01 4.406148010986666863e-01 1.415864852266666973e-02
2.926933333333333470e-02 5.156586666666667096e-01 4.408746666666666369e-01 1.419733333333333264e-02
2.920665812266667188e-02 5.154227722986667315e-01 4.411344810346666812e-01 1.423608854400000220e-02
2.914407244799999477e-02 5.151867693226666045e-01 4.413942440106666809e-01 1.427491421866666950e-02
2.908157624533331403e-02 5.149506579306667442e-01 4.416539554026666647e-01 1.431381042133333774e-02
2.901916945066665768e-02 5.147144383146667890e-01 4.419136150186666612e-01 1.435277721600000667e-02
2.895685199999999820e-02 5.144781106666668213e-01 4.421732226666666432e-01 1.439181466666666909e-02
2.889462382933332199e-02 5.142416751786664797e-01 4.424327781546667504e-01 1.443092283733333515e-02
2.883248487466665358e-02 5.140051320426665127e-01 4.426922812906667337e-01 1.447010179200000288e-02
2.877043507199999323e-02 5.137684814506665587e-01 4.429517318826666772e-01 1.450935159466667027e-02
2.870847435733333425e-02 5.135317235946665892e-01 4.432111297386666648e-01 1.454867230933333359e-02
2.864660266666667690e-02 5.132948586666665758e-01 4.434704746666666697e-01 1.458806399999999955e-02
2.858481993600000756e-02 5.130578868586666008e-01 4.437297664746666648e-01 1.462752673066666786e-02
2.852312610133333343e-02 5.128208083626666358e-01 4.439890049706667341e-01 1.466706056533333656e-02
2.846152109866667210e-02 5.125836233706666523e-01 4.442481899626666841e-01 1.470666556800000191e-02
2.840000486400001342e-02 5.123463320746667327e-01 4.445073212586666545e-01 1.474634180266666539e-02
2.833857733333333684e-02 5.121089346666667375e-01 4.447663986666667291e-01 1.478608933333333368e-02
2.827723844266665648e-02 5.118714313386667492e-01 4.450254219946667145e-01 1.482590822400000306e-02
2.821598812799999342e-02 5.116338222826666282e-01 4.452843910506666947e-01 1.486579853866666807e-02
2.815482632533333057e-02 5.113961076906666792e-01 4.455433056426666982e-01 1.490576034133333713e-02
2.809375297066667165e-02 5.111582877546666515e-01 4.458021655786666426e-01 1.494579369600000131e-02
2.803276800000000998e-02 5.109203626666667386e-01 4.460609706666666119e-01 1.498589866666666902e-02
2.797187134933334582e-02 5.106823326186666900e-01 4.463197207146666345e-01 1.502607531733333480e-02
2.791106295466666901e-02 5.104441978026665883e-01 4.465784155306667391e-01 1.506632371200000362e-02
2.785034275199997980e-02 5.102059584106666268e-01 4.468370549226666766e-01 1.510664391466667172e-02
2.778971067733331662e-02 5.099676146346665551e-01 4.470956386986666420e-01 1.514703598933333541e-02
2.772916666666665544e-02 5.097291666666666776e-01 4.473541666666666639e-01 1.518749999999999961e-02
2.766871065599997917e-02 5.094906146986665219e-01 4.476126386346667152e-01 1.522803601066666755e-02
2.760834258133331234e-02 5.092519589226666143e-01 4.478710544106667135e-01 1.526864408533333897e-02
2.754806237866665522e-02 5.090131995306667045e-01 4.481294138026667428e-01 1.530932428800000321e-02
2.748786998399999418e-02 5.087743367146666529e-01 4.483877166186667207e-01 1.535007668266666521e-02
2.742776533333333641e-02 5.085353706666666529e-01 4.486459626666666756e-01 1.539090133333333513e-02
2.736774836266666830e-02 5.082963015786666761e-01 4.489041517546666915e-01 1.543179830400000403e-02
2.730781900799999010e-02 5.080571296426666938e-01 4.491622836906666860e-01 1.547276765866666993e-02
2.724797720533333328e-02 5.078178550506666777e-01 4.494203582826666876e-01 1.551380946133333778e-02
2.718822289066667036e-02 5.075784779946667102e-01 4.496783753386666693e-01 1.555492377600000038e-02
2.712855599999999465e-02 5.073389986666667628e-01 4.499363346666666041e-01 1.559611066666666962e-02
2.706897646933331680e-02 5.070994172586665849e-01 4.501942360746667426e-01 1.563737019733333483e-02
2.700948423466665443e-02 5.068597339626665921e-01 4.504520793706667248e-01 1.567870243200000444e-02
2.695007923199999392e-02 5.066199489706666448e-01 4.507098643626666901e-01 1.572010743466667124e-02
2.689076139733333204e-02 5.063800624746666035e-01 4.509675908586666671e-01 1.576158526933333498e-02
2.683153066666667252e-02 5.061400746666666617e-01 4.512252586666666843e-01 1.580313599999999888e-02
2.677238697600000869e-02 5.058999857386666799e-01 4.514828675946667147e-01 1.584475969066666962e-02
2.671333026133333385e-02 5.056597958826666295e-01 4.517404174506666759e-01 1.588645640533333653e-02
2.665436045866666909e-02 5.054195052906665930e-01 4.519979080426666518e-01 1.592822620799999936e-02
2.659547750399999036e-02 5.051791141546666530e-01 4.522553391786667265e-01 1.597006916266666826e-02
2.653668133333333262e-02 5.049386226666667810e-01 4.525127106666667065e-01 1.601198533333333604e-02
2.647797188266665797e-02 5.046980310186666152e-01 4.527700223146666758e-01 1.605397478400000244e-02
2.641934908799999093e-02 5.044573394026666824e-01 4.530272739306666629e-01 1.609603757866667068e-02
2.636081288533333178e-02 5.042165480106666209e-01 4.532844653226666409e-01 1.613817378133333008e-02
2.630236321066667035e-02 5.039756570346667353e-01 4.535415962986666938e-01 1.618038345600000122e-02
2.624400000000001038e-02 5.037346666666667749e-01 4.537986666666666280e-01 1.622266666666666995e-02
2.618572318933334170e-02 5.034935770986668224e-01 4.540556762346666941e-01 1.626502347733333603e-02
2.612753271466666805e-02 5.032523885226665161e-01 4.543126248106666987e-01 1.630745395200000614e-02
2.606942851200000702e-02 5.030111011306664937e-01 4.545695122026666701e-01 1.634995815466666613e-02
2.601141051733334847e-02 5.027697151146666155e-01 4.548263382186666925e-01 1.639253614933333311e-02
2.595347866666665448e-02 5.025282306666666310e-01 4.550831026666666834e-01 1.643518799999999988e-02
2.589563289599997736e-02 5.022866479786666227e-01 4.553398053546667268e-01 1.647791377066666965e-02
2.583787314133331042e-02 5.020449672426665622e-01 4.555964460906667401e-01 1.652071352533333870e-02
2.578019933866665392e-02 5.018031886506666428e-01 4.558530246826666965e-01 1.656358732800000330e-02
2.572261142399999076e-02 5.015613123946666141e-01 4.561095409386666244e-01 1.660653524266666667e-02
2.566510933333333508e-02 5.013193386666667806e-01 4.563659946666666634e-01 1.664955733333333548e-02
2.560769300266666632e-02 5.010772676586667806e-01 4.566223856746666754e-01 1.669265366400000603e-02
2.555036236799998819e-02 5.008350995626666968e-01 4.568787137706666890e-01 1.673582429866667109e-02
2.549311736533332873e-02 5.005928345706666116e-01 4.571349787626666217e-01 1.677906930133333391e-02
2.543595793066665695e-02 5.003504728746667185e-01 4.573911804586666685e-01 1.682238873600000115e-02
2.537888399999999392e-02 5.001080146666667670e-01 4.576473186666666915e-01 1.686578266666666909e-02
2.532189550933331909e-02 4.998654601386665619e-01 4.579033931946667191e-01 1.690925115733333400e-02
2.526499239466665006e-02 4.996228094826665189e-01 4.581594038506667244e-01 1.695279427200000605e-02
2.520817459199999055e-02 4.993800628906665540e-01 4.584153504426666803e-01 1.699641207466666762e-02
2.515144203733333389e-02 4.991372205546665830e-01 4.586712327786667265e-01 1.704010462933333581e-02
2.509479466666667338e-02 4.988942826666666885e-01 4.589270506666667249e-01 1.708387200000000342e-02
2.503823241600000235e-02 4.986512494186666755e-01 4.591828039146667040e-01 1.712771425066667019e-02
2.498175522133332799e-02 4.984081210026665154e-01 4.594384923306666924e-01 1.717163144533333935e-02
2.492536301866666790e-02 4.981648976106665683e-01 4.596941157226666630e-01 1.721562364800000022e-02
2.486905574400000846e-02 4.979215794346666391e-01 4.599496738986666999e-01 1.725969092266666990e-02
2.481283333333333257e-02 4.976781666666667547e-01 4.602051666666667207e-01 1.730383333333333773e-02
2.475669572266665786e-02 4.974346594986666092e-01 4.604605938346666427e-01 1.734805094400000344e-02
2.470064284799999843e-02 4.971910581226666737e-01 4.607159552106666611e-01 1.739234381866666679e-02
2.464467464533333027e-02 4.969473627306666974e-01 4.609712506026666934e-01 1.743671202133333098e-02
2.458879105066667098e-02 4.967035735146667630e-01 4.612264798186666570e-01 1.748115561600000270e-02
2.453299200000001040e-02 4.964596906666668419e-01 4.614816426666666915e-01 1.752567466666667129e-02
2.447727742933334186e-02 4.962157143786667390e-01 4.617367389546666590e-01 1.757026923733333648e-02
2.442164727466668295e-02 4.959716448426667590e-01 4.619917684906665878e-01 1.761493939199999803e-02
2.436610147200000617e-02 4.957274822506664846e-01 4.622467310826666731e-01 1.765968519466666956e-02
2.431063995733331873e-02 4.954832267946666646e-01 4.625016265386667214e-01 1.770450670933333692e-02
2.425526266666665556e-02 4.952388786666666598e-01 4.627564546666667611e-01 1.774940400000000335e-02
2.419996953599997877e-02 4.949944380586665527e-01 4.630112152746666543e-01 1.779437713066667204e-02
2.414476050133331636e-02 4.947499051626667033e-01 4.632659081706667070e-01 1.783942616533333234e-02
2.408963549866665471e-02 4.945052801706666390e-01 4.635205331626666703e-01 1.788455116800000480e-02
2.403459446399999061e-02 4.942605632746666089e-01 4.637750900586666836e-01 1.792975220266666836e-02
2.397963733333333125e-02 4.940157546666666954e-01 4.640295786666667199e-01 1.797502933333333663e-02
2.392476404266666648e-02 4.937708545386667591e-01 4.642839987946666969e-01 1.802038262400000590e-02
2.386997452800000696e-02 4.935258630826667159e-01 4.645383502506665874e-01 1.806581213866666896e-02
2.381526872533332867e-02 4.932807804906666482e-01 4.647926328426666975e-01 1.811131794133333250e-02
2.376064657066667002e-02 4.930356069546666942e-01 4.650468463786666673e-01 1.815690009600000321e-02
2.370610799999998963e-02 4.927903426666667697e-01 4.653009906666666917e-01 1.820255866666667388e-02
2.365165294933331899e-02 4.925449878186665131e-01 4.655550655146667438e-01 1.824829371733333733e-02
2.359728135466665835e-02 4.922995426026666177e-01 4.658090707306667966e-01 1.829410531200000023e-02
2.354299315199999063e-02 4.920540072106664997e-01 4.660630061226666565e-01 1.833999351466666927e-02
2.348878827733332994e-02 4.918083818346665748e-01 4.663168714986666852e-01 1.838595838933333726e-02
2.343466666666666962e-02 4.915626666666666478e-01 4.665706666666667446e-01 1.843200000000000394e-02
2.338062825600000644e-02 4.913168618986665792e-01 4.668243914346666412e-01 1.847811841066667252e-02
2.332667298133334066e-02 4.910709677226666181e-01 4.670780456106666256e-01 1.852431368533333580e-02
2.327280077866666561e-02 4.908249843306665694e-01 4.673316290026666708e-01 1.857058588800000395e-02
2.321901158399999193e-02 4.905789119146666821e-01 4.675851414186666943e-01 1.861693508266666630e-02
2.316530533333333031e-02 4.903327506666667057e-01 4.678385826666666691e-01 1.866336133333333647e-02
2.311168196266667058e-02 4.900865007786667782e-01 4.680919525546666793e-01 1.870986470400000032e-02
2.305814140799999218e-02 4.898401624426667045e-01 4.683452508906666978e-01 1.875644525866666801e-02
2.300468360533332660e-02 4.895937358506666781e-01 4.685984774826666976e-01 1.880310306133333234e-02
2.295130849066666714e-02 4.893472211946666706e-01 4.688516321386666519e-01 1.884983817600000347e-02
2.289801600000000367e-02 4.891006186666667088e-01 4.691047146666667000e-01 1.889665066666667420e-02
2.284480606933334684e-02 4.888539284586667089e-01 4.693577248746665931e-01 1.894354059733333387e-02
2.279167863466668303e-02 4.886071507626666977e-01 4.696106625706665816e-01 1.899050803199999957e-02
2.273863363200000556e-02 4.883602857706665912e-01 4.698635275626667496e-01 1.903755303466667104e-02
2.268567099733334244e-02 4.881133336746665830e-01 4.701163196586667370e-01 1.908467566933333762e-02
2.263279066666665229e-02 4.878662946666666445e-01 4.703690386666667944e-01 1.913187600000000252e-02
2.257999257599999435e-02 4.876191689386667472e-01 4.706216843946666728e-01 1.917915409066666549e-02
2.252727666133331683e-02 4.873719566826665850e-01 4.708742566506667337e-01 1.922651000533333321e-02
2.247464285866664774e-02 4.871246580906665180e-01 4.711267552426666727e-01 1.927394380800000195e-02
2.242209110399999081e-02 4.868772733546666287e-01 4.713791799786666847e-01 1.932145556266667147e-02
2.236962133333332894e-02 4.866298026666667220e-01 4.716315306666666873e-01 1.936904533333333803e-02
2.231723348266666934e-02 4.863822462186667139e-01 4.718838071146665980e-01 1.941671318400000137e-02
2.226492748800000185e-02 4.861346042026667424e-01 4.721360091306666673e-01 1.946445917866666819e-02
2.221270328533332672e-02 4.858868768106666125e-01 4.723881365226665907e-01 1.951228338133333476e-02
2.216056081066665462e-02 4.856390642346667397e-01 4.726401890986666743e-01 1.956018585600000428e-02
2.210849999999998927e-02 4.853911666666667624e-01 4.728921666666666690e-01 1.960816666666667304e-02
2.205652078933333093e-02 4.851431842986668186e-01 4.731440690346667144e-01 1.965622587733333385e-02
2.200462311466665905e-02 4.848951173226664912e-01 4.733958960106666725e-01 1.970436355200000031e-02
2.195280691199998774e-02 4.846469659306664735e-01 4.736476474026666272e-01 1.975257975466667218e-02
2.190107211733332768e-02 4.843987303146665147e-01 4.738993230186666628e-01 1.980087454933333879e-02
2.184941866666666871e-02 4.841504106666666418e-01 4.741509226666666965e-01 1.984924800000000683e-02
2.179784649600000762e-02 4.839020071786666044e-01 4.744024461546666460e-01 1.989770017066666563e-02
2.174635554133334120e-02 4.836535200426666514e-01 4.746538932906666508e-01 1.994623112533333575e-02
2.169494573866666276e-02 4.834049494506665878e-01 4.749052638826666284e-01 1.999484092800000307e-02
2.164361702400000378e-02 4.831562955946666627e-01 4.751565577386667183e-01 2.004352964266667078e-02
2.159236933333332636e-02 4.829075586666666808e-01 4.754077746666667270e-01 2.009229733333333864e-02
2.154120260266666545e-02 4.826587388586667249e-01 4.756589144746666831e-01 2.014114406400000293e-02
2.149011676799999007e-02 4.824098363626666552e-01 4.759099769706666705e-01 2.019006989866667032e-02
2.143911176533332477e-02 4.821608513706666099e-01 4.761609619626666068e-01 2.023907490133333709e-02
2.138818753066666981e-02 4.819117840746666714e-01 4.764118692586666870e-01 2.028815913600000298e-02
2.133734400000000808e-02 4.816626346666667002e-01 4.766626986666666621e-01 2.033732266666666427e-02
2.128658110933334333e-02 4.814134033386667788e-01 4.769134499946666716e-01 2.038656555733333459e-02
2.123589879466667926e-02 4.811640902826667676e-01 4.771641230506666886e-01 2.043588787199999979e-02
2.118529699200000227e-02 4.809146956906664716e-01 4.774147176426666861e-01 2.048528967466667003e-02
2.113477563733331607e-02 4.806652197546666394e-01 4.776652335786667480e-01 2.053477102933333812e-02
2.108433466666665215e-02 4.804156626666666319e-01 4.779156706666666254e-01 2.058433200000000032e-02
2.103397401599998995e-02 4.801660246186666425e-01 4.781660287146666799e-01 2.063397265066666680e-02
2.098369362133331931e-02 4.799163058026666429e-01 4.784163075306667734e-01 2.068369304533333383e-02
2.093349341866665089e-02 4.796665064106665488e-01 4.786665069226666569e-01 2.073349324800000462e-02
2.088337334399999190e-02 4.794166266346666649e-01 4.789166266986666920e-01 2.078337332266667198e-02
2.083333333333332871e-02 4.791666666666666852e-01 4.791666666666666852e-01 2.083333333333333218e-02
2.078337332266666157e-02 4.789166266986666920e-01 4.794166266346667205e-01 2.088337334400001272e-02
2.073349324800000115e-02 4.786665069226666569e-01 4.796665064106666043e-01 2.093349341866667171e-02
2.068369304533334077e-02 4.784163075306667734e-01 4.799163058026666429e-01 2.098369362133333318e-02
2.063397265066666680e-02 4.781660287146666244e-01 4.801660246186667536e-01 2.103397401600000383e-02
2.058433200000000379e-02 4.779156706666666254e-01 4.804156626666666874e-01 2.108433466666666603e-02
2.053477102933331383e-02 4.776652335786665815e-01 4.806652197546666949e-01 2.113477563733334383e-02
2.048528967466665615e-02 4.774147176426665751e-01 4.809146956906666381e-01 2.118529699199999880e-02
2.043588787199999285e-02 4.771641230506666886e-01 4.811640902826666566e-01 2.123589879466666192e-02
2.038656555733332765e-02 4.769134499946666716e-01 4.814134033386666678e-01 2.128658110933333986e-02
2.033732266666666427e-02 4.766626986666666621e-01 4.816626346666665892e-01 2.133734400000000461e-02
2.028815913599999951e-02 4.764118692586666315e-01 4.819117840746666714e-01 2.138818753066667674e-02
2.023907490133334056e-02 4.761609619626666623e-01 4.821608513706665544e-01 2.143911176533333518e-02
2.019006989866667726e-02 4.759099769706667815e-01 4.824098363626665997e-01 2.149011676799999701e-02
2.014114406399998905e-02 4.756589144746666831e-01 4.826587388586666694e-01 2.154120260266666892e-02
2.009229733333332824e-02 4.754077746666666715e-01 4.829075586666666253e-01 2.159236933333332983e-02
2.004352964266665343e-02 4.751565577386664962e-01 4.831562955946667737e-01 2.164361702400000725e-02
1.999484092799999266e-02 4.749052638826665174e-01 4.834049494506666989e-01 2.169494573866666970e-02
1.994623112533332882e-02 4.746538932906665398e-01 4.836535200426667069e-01 2.174635554133333426e-02
1.989770017066666563e-02 4.744024461546665905e-01 4.839020071786667154e-01 2.179784649600000762e-02
1.984924800000000336e-02 4.741509226666666410e-01 4.841504106666667528e-01 2.184941866666666871e-02
1.980087454933333879e-02 4.738993230186666628e-01 4.843987303146667367e-01 2.190107211733334155e-02
1.975257975466667912e-02 4.736476474026666272e-01 4.846469659306665845e-01 2.195280691200000162e-02
1.970436355200001419e-02 4.733958960106666725e-01 4.848951173226666578e-01 2.200462311466666598e-02
1.965622587733334078e-02 4.731440690346666589e-01 4.851431842986666521e-01 2.205652078933334134e-02
1.960816666666667651e-02 4.728921666666666690e-01 4.853911666666665958e-01 2.210849999999999968e-02
1.956018585599997653e-02 4.726401890986666188e-01 4.856390642346667952e-01 2.216056081066667890e-02
1.951228338133331741e-02 4.723881365226665352e-01 4.858868768106666680e-01 2.221270328533333713e-02
1.946445917866665432e-02 4.721360091306666673e-01 4.861346042026667424e-01 2.226492748799999491e-02
1.941671318399999097e-02 4.718838071146665980e-01 4.863822462186667139e-01 2.231723348266667281e-02
1.936904533333332762e-02 4.716315306666666318e-01 4.866298026666666665e-01 2.236962133333333241e-02
1.932145556266666106e-02 4.713791799786667402e-01 4.868772733546667397e-01 2.242209110400001162e-02
1.927394380800000195e-02 4.711267552426667837e-01 4.871246580906666845e-01 2.247464285866667549e-02
1.922651000533334015e-02 4.708742566506667337e-01 4.873719566826666405e-01 2.252727666133333417e-02
1.917915409066665161e-02 4.706216843946666173e-01 4.876191689386666916e-01 2.257999257600000823e-02
1.913187599999998864e-02 4.703690386666666279e-01 4.878662946666667000e-01 2.263279066666666617e-02
1.908467566933331680e-02 4.701163196586665149e-01 4.881133336746666940e-01 2.268567099733334244e-02
1.903755303466665369e-02 4.698635275626666385e-01 4.883602857706667577e-01 2.273863363200000209e-02
1.899050803199999263e-02 4.696106625706666371e-01 4.886071507626666421e-01 2.279167863466666569e-02
1.894354059733332693e-02 4.693577248746666486e-01 4.888539284586666533e-01 2.284480606933334337e-02
1.889665066666666379e-02 4.691047146666666445e-01 4.891006186666666533e-01 2.289801600000000020e-02
1.884983817600000347e-02 4.688516321386667074e-01 4.893472211946666151e-01 2.295130849066666368e-02
1.880310306133333581e-02 4.685984774826666976e-01 4.895937358506666781e-01 2.300468360533333700e-02
1.875644525866667495e-02 4.683452508906668088e-01 4.898401624426665935e-01 2.305814140799999912e-02
1.870986470400000032e-02 4.680919525546665683e-01 4.900865007786666672e-01 2.311168196266667405e-02
1.866336133333333994e-02 4.678385826666666136e-01 4.903327506666667057e-01 2.316530533333333378e-02
1.861693508266667671e-02 4.675851414186666943e-01 4.905789119146666821e-01 2.321901158399999540e-02
1.857058588799999008e-02 4.673316290026665598e-01 4.908249843306666804e-01 2.327280077866667254e-02
1.852431368533332887e-02 4.670780456106665701e-01 4.910709677226666736e-01 2.332667298133333025e-02
1.847811841066666211e-02 4.668243914346665857e-01 4.913168618986667457e-01 2.338062825600000991e-02
1.843200000000000394e-02 4.665706666666666891e-01 4.915626666666667033e-01 2.343466666666666962e-02
1.838595838933334073e-02 4.663168714986666852e-01 4.918083818346666858e-01 2.348878827733332994e-02
1.833999351466667621e-02 4.660630061226666010e-01 4.920540072106666662e-01 2.354299315200000103e-02
1.829410531200001411e-02 4.658090707306667411e-01 4.922995426026667287e-01 2.359728135466666529e-02
1.824829371733331304e-02 4.655550655146666328e-01 4.925449878186666797e-01 2.365165294933334328e-02
1.820255866666665306e-02 4.653009906666666917e-01 4.927903426666666586e-01 2.370610800000000351e-02
1.815690009599998933e-02 4.650468463786667228e-01 4.930356069546665831e-01 2.376064657066666655e-02
1.811131794133331516e-02 4.647926328426666420e-01 4.932807804906667593e-01 2.381526872533333908e-02
1.806581213866665508e-02 4.645383502506665874e-01 4.935258630826667159e-01 2.386997452800000349e-02
1.802038262399998855e-02 4.642839987946665858e-01 4.937708545386667036e-01 2.392476404266667342e-02
1.797502933333332623e-02 4.640295786666666644e-01 4.940157546666666954e-01 2.397963733333333819e-02
1.792975220266666489e-02 4.637750900586666836e-01 4.942605632746666089e-01 2.403459446399999408e-02
1.788455116800000133e-02 4.635205331626666703e-01 4.945052801706666945e-01 2.408963549866667553e-02
1.783942616533333927e-02 4.632659081706667070e-01 4.947499051626667033e-01 2.414476050133333371e-02
1.779437713066666163e-02 4.630112152746665988e-01 4.949944380586667192e-01 2.419996953600001000e-02
1.774940400000000335e-02 4.627564546666665946e-01 4.952388786666667153e-01 2.425526266666666944e-02
1.770450670933334039e-02 4.625016265386666658e-01 4.954832267946667201e-01 2.431063995733333261e-02
1.765968519466665221e-02 4.622467310826666176e-01 4.957274822506666512e-01 2.436610147200000270e-02
1.761493939199999109e-02 4.619917684906666433e-01 4.959716448426666480e-01 2.442164727466666560e-02
1.757026923733332607e-02 4.617367389546666034e-01 4.962157143786666835e-01 2.447727742933334533e-02
1.752567466666666435e-02 4.614816426666666915e-01 4.964596906666666198e-01 2.453299200000000693e-02
1.748115561600000270e-02 4.612264798186667125e-01 4.967035735146666520e-01 2.458879105066666751e-02
1.743671202133333445e-02 4.609712506026667489e-01 4.969473627306666419e-01 2.464467464533334068e-02
1.739234381866667373e-02 4.607159552106667721e-01 4.971910581226666181e-01 2.470064284800000190e-02
1.734805094399998956e-02 4.604605938346666427e-01 4.974346594986667203e-01 2.475669572266667520e-02
1.730383333333332732e-02 4.602051666666666652e-01 4.976781666666666992e-01 2.481283333333333604e-02
1.725969092266666643e-02 4.599496738986666999e-01 4.979215794346666946e-01 2.486905574399999805e-02
1.721562364799998981e-02 4.596941157226664965e-01 4.981648976106667348e-01 2.492536301866667484e-02
1.717163144533332894e-02 4.594384923306665258e-01 4.984081210026666819e-01 2.498175522133333493e-02
1.712771425066666325e-02 4.591828039146665930e-01 4.986512494186667310e-01 2.503823241600000929e-02
1.708387199999999995e-02 4.589270506666666138e-01 4.988942826666666885e-01 2.509479466666667338e-02
1.704010462933333928e-02 4.586712327786666155e-01 4.991372205546666940e-01 2.515144203733333389e-02
1.699641207466667109e-02 4.584153504426666803e-01 4.993800628906667205e-01 2.520817459200000443e-02
1.695279427200001299e-02 4.581594038506666688e-01 4.996228094826666855e-01 2.526499239466666394e-02
1.690925115733333747e-02 4.579033931946666636e-01 4.998654601386666729e-01 2.532189550933334685e-02
1.686578266666667603e-02 4.576473186666666360e-01 5.001080146666666559e-01 2.537888400000000433e-02
1.682238873600001156e-02 4.573911804586667240e-01 5.003504728746666075e-01 2.543595793066666735e-02
1.677906930133331309e-02 4.571349787626665662e-01 5.005928345706667226e-01 2.549311736533333914e-02
1.673582429866665375e-02 4.568787137706666335e-01 5.008350995626666968e-01 2.555036236800000207e-02
1.669265366399998868e-02 4.566223856746665644e-01 5.010772676586666696e-01 2.560769300266667672e-02
1.664955733333332508e-02 4.563659946666666078e-01 5.013193386666667806e-01 2.566510933333333855e-02
1.660653524266666320e-02 4.561095409386666244e-01 5.015613123946666141e-01 2.572261142399999423e-02
1.656358732799999983e-02 4.558530246826666965e-01 5.018031886506666428e-01 2.578019933866667474e-02
1.652071352533333523e-02 4.555964460906667401e-01 5.020449672426666732e-01 2.583787314133333818e-02
1.647791377066665230e-02 4.553398053546666158e-01 5.022866479786667337e-01 2.589563289600000859e-02
1.643518799999998947e-02 4.550831026666666279e-01 5.025282306666667420e-01 2.595347866666667183e-02
1.639253614933332617e-02 4.548263382186666370e-01 5.027697151146667265e-01 2.601141051733333459e-02
1.634995815466665225e-02 4.545695122026665591e-01 5.030111011306667157e-01 2.606942851200000702e-02
1.630745395199999226e-02 4.543126248106665876e-01 5.032523885226666271e-01 2.612753271466666458e-02
1.626502347733332562e-02 4.540556762346666386e-01 5.034935770986666004e-01 2.618572318933334517e-02
1.622266666666666302e-02 4.537986666666666835e-01 5.037346666666666639e-01 2.624400000000000691e-02
1.618038345600000122e-02 4.535415962986666938e-01 5.039756570346666242e-01 2.630236321066666688e-02
1.613817378133333355e-02 4.532844653226666964e-01 5.042165480106666209e-01 2.636081288533334219e-02
1.609603757866667414e-02 4.530272739306667185e-01 5.044573394026665714e-01 2.641934908800000134e-02
1.605397478399999897e-02 4.527700223146666203e-01 5.046980310186666152e-01 2.647797188266667531e-02
1.601198533333333951e-02 4.525127106666666510e-01 5.049386226666666699e-01 2.653668133333333609e-02
1.597006916266667520e-02 4.522553391786666710e-01 5.051791141546666530e-01 2.659547750399999730e-02
1.592822620799998895e-02 4.519979080426665963e-01 5.054195052906668151e-01 2.665436045866667950e-02
1.588645640533332959e-02 4.517404174506665648e-01 5.056597958826667405e-01 2.671333026133333732e-02
1.584475969066666615e-02 4.514828675946666037e-01 5.058999857386667909e-01 2.677238697599999828e-02
1.580313599999999888e-02 4.512252586666666287e-01 5.061400746666666617e-01 2.683153066666667252e-02
1.576158526933333845e-02 4.509675908586666671e-01 5.063800624746667145e-01 2.689076139733333204e-02
1.572010743466667124e-02 4.507098643626666346e-01 5.066199489706666448e-01 2.695007923200000780e-02
1.567870243200000790e-02 4.504520793706666693e-01 5.068597339626667031e-01 2.700948423466666831e-02
1.563737019733334871e-02 4.501942360746667426e-01 5.070994172586666959e-01 2.706897646933332721e-02
1.559611066666665054e-02 4.499363346666666597e-01 5.073389986666666518e-01 2.712855600000000852e-02
1.555492377599998997e-02 4.496783753386667248e-01 5.075784779946665992e-01 2.718822289066666689e-02
1.551380946133331523e-02 4.494203582826665766e-01 5.078178550506666777e-01 2.724797720533334369e-02
1.547276765866665259e-02 4.491622836906666305e-01 5.080571296426666938e-01 2.730781900800000050e-02
1.543179830399999189e-02 4.489041517546666915e-01 5.082963015786666761e-01 2.736774836266666483e-02
1.539090133333332472e-02 4.486459626666666756e-01 5.085353706666666529e-01 2.742776533333333988e-02
1.535007668266666174e-02 4.483877166186667207e-01 5.087743367146666529e-01 2.748786998399999765e-02
1.530932428799999800e-02 4.481294138026666873e-01 5.090131995306667045e-01 2.754806237866667951e-02
1.526864408533333550e-02 4.478710544106667135e-01 5.092519589226667254e-01 2.760834258133334010e-02
1.522803601066667276e-02 4.476126386346667152e-01 5.094906146986665219e-01 2.766871065599999652e-02
1.518749999999999961e-02 4.473541666666666083e-01 5.097291666666666776e-01 2.772916666666667279e-02
1.514703598933333888e-02 4.470956386986666420e-01 5.099676146346666661e-01 2.778971067733333397e-02
1.510664391466665264e-02 4.468370549226666766e-01 5.102059584106667378e-01 2.785034275200001103e-02
1.506632371199998974e-02 4.465784155306666281e-01 5.104441978026666993e-01 2.791106295466666554e-02
1.502607531733332787e-02 4.463197207146666345e-01 5.106823326186665790e-01 2.797187134933332847e-02
1.498589866666666208e-02 4.460609706666666674e-01 5.109203626666666276e-01 2.803276800000000651e-02
1.494579369600000131e-02 4.458021655786666981e-01 5.111582877546665404e-01 2.809375297066666818e-02
1.490576034133333540e-02 4.455433056426666427e-01 5.113961076906665681e-01 2.815482632533334098e-02
1.486579853866666981e-02 4.452843910506666947e-01 5.116338222826666282e-01 2.821598812800000383e-02
1.482590822400000827e-02 4.450254219946667700e-01 5.118714313386666381e-01 2.827723844266666342e-02
1.478608933333332501e-02 4.447663986666666736e-01 5.121089346666667375e-01 2.833857733333334031e-02
1.474634180266666192e-02 4.445073212586666545e-01 5.123463320746667327e-01 2.840000486399999954e-02
1.470666556799998977e-02 4.442481899626665176e-01 5.125836233706667633e-01 2.846152109866667904e-02
1.466706056533332615e-02 4.439890049706665676e-01 5.128208083626667468e-01 2.852312610133334037e-02
1.462752673066666613e-02 4.437297664746666093e-01 5.130578868586667118e-01 2.858481993599999715e-02
1.458806399999999781e-02 4.434704746666666142e-01 5.132948586666666868e-01 2.864660266666667690e-02
1.454867230933333706e-02 4.432111297386666648e-01 5.135317235946667003e-01 2.870847435733333425e-02
1.450935159466667027e-02 4.429517318826666217e-01 5.137684814506666697e-01 2.877043507200000710e-02
1.447010179200000808e-02 4.426922812906666782e-01 5.140051320426666237e-01 2.883248487466667093e-02
1.443092283733334730e-02 4.424327781546666949e-01 5.142416751786665907e-01 2.889462382933332893e-02
1.439181466666667256e-02 4.421732226666666432e-01 5.144781106666667103e-01 2.895685200000001208e-02
1.435277721600001014e-02 4.419136150186667167e-01 5.147144383146666780e-01 2.901916945066667156e-02
1.431381042133331519e-02 4.416539554026665537e-01 5.149506579306667442e-01 2.908157624533334873e-02
1.427491421866665215e-02 4.413942440106665699e-01 5.151867693226667155e-01 2.914407244800000518e-02
1.423608854399999006e-02 4.411344810346666812e-01 5.154227722986667315e-01 2.920665812266666148e-02
1.419733333333332570e-02 4.408746666666666369e-01 5.156586666666667096e-01 2.926933333333333817e-02
1.415864852266666279e-02 4.406148010986666308e-01 5.158944522346666783e-01 2.933209814400000032e-02
1.412003404799999640e-02 4.403548845226666342e-01 5.161301288106666663e-01 2.939495261866668235e-02
1.408148984533333370e-02 4.400949171306666186e-01 5.163656962026665909e-01 2.945789682133333892e-02
1.404301585066667149e-02 4.398348991146667220e-01 5.166011542186665917e-01 2.952093081600000099e-02
1.400461199999998747e-02 4.395748306666666383e-01 5.168365026666668083e-01 2.958405466666667524e-02
1.396627822933332527e-02 4.393147119786666166e-01 5.170717413546667141e-01 2.964726843733333714e-02
1.392801447466665045e-02 4.390545432426665728e-01 5.173068700906666706e-01 2.971057219200001417e-02
1.388982067199998928e-02 4.387943246506667005e-01 5.175418886826667064e-01 2.977396599466666793e-02
1.385169675733332814e-02 4.385340563946666381e-01 5.177767969386666280e-01 2.983744990933332938e-02
1.381364266666666209e-02 4.382737386666666346e-01 5.180115946666666860e-01 2.990102400000000868e-02
1.377565833599999831e-02 4.380133716586666615e-01 5.182462816746665757e-01 2.996468833066666740e-02
1.373774370133333360e-02 4.377529555626666902e-01 5.184808577706666588e-01 3.002844296533334345e-02
1.369989869866666994e-02 4.374924905706667477e-01 5.187153227626666308e-01 3.009228796800000535e-02
1.366212326400000759e-02 4.372319768746667501e-01 5.189496764586666311e-01 3.015622340266666326e-02
1.362441733333333467e-02 4.369714146666666132e-01 5.191839186666666883e-01 3.022024933333334468e-02
1.358678084266667051e-02 4.367108041386666417e-01 5.194180491946667200e-01 3.028436582400000077e-02
1.354921372799998761e-02 4.364501454826664739e-01 5.196520678506667545e-01 3.034857293866667985e-02
1.351171592533332612e-02 4.361894388906665254e-01 5.198859744426667095e-01 3.041287074133334004e-02
1.347428737066666375e-02 4.359286845546665456e-01 5.201197687786666135e-01 3.047725929599999842e-02
1.343692799999999903e-02 4.356678826666666171e-01 5.203534506666667170e-01 3.054173866666667556e-02
1.339963774933333567e-02 4.354070334186666003e-01 5.205870199146667154e-01 3.060630891733333650e-02
1.336241655466667393e-02 4.351461370026666886e-01 5.208204763306667484e-01 3.067097011199999487e-02
1.332526435200000713e-02 4.348851936106666871e-01 5.210538197226667334e-01 3.073572231466667123e-02
1.328818107733334419e-02 4.346242034346666783e-01 5.212870498986666989e-01 3.080056558933333063e-02
1.325116666666665069e-02 4.343631666666666891e-01 5.215201666666666735e-01 3.086550000000001098e-02
1.321422105599998932e-02 4.341020834986667465e-01 5.217531698346666857e-01 3.093052561066667039e-02
1.317734418133332391e-02 4.338409541226666555e-01 5.219860592106666530e-01 3.099564248533333288e-02
1.314053597866665299e-02 4.335797787306666096e-01 5.222188346026667150e-01 3.106085068800000515e-02
1.310379638399998894e-02 4.333185575146665802e-01 5.224514958186666780e-01 3.112615028266666611e-02
1.306712533333332510e-02 4.330572906666666499e-01 5.226840426666666817e-01 3.119154133333334328e-02
1.303052276266666171e-02 4.327959783786666792e-01 5.229164749546666435e-01 3.125702390400000169e-02
1.299398860799999902e-02 4.325346208426666950e-01 5.231487924906667031e-01 3.132259805866666191e-02
1.295752280533333210e-02 4.322732182506666687e-01 5.233809950826666668e-01 3.138826386133334451e-02
1.292112529066666987e-02 4.320117707946666830e-01 5.236130825386666743e-01 3.145402137600000064e-02
1.288479599999999697e-02 4.317502786666665426e-01 5.238450546666667540e-01 3.151987066666667864e-02
1.284853486933333622e-02 4.314887420586666078e-01 5.240769112746667124e-01 3.158581179733333660e-02
1.281234183466667224e-02 4.312271611626666279e-01 5.243086521706666892e-01 3.165184483199999510e-02
1.277621683199998970e-02 4.309655361706666299e-01 5.245402771626668237e-01 3.171796983466667469e-02
1.274015979733332700e-02 4.307038672746666408e-01 5.247717860586667005e-01 3.178418686933333348e-02
1.270417066666666012e-02 4.304421546666666876e-01 5.250031786666666811e-01 3.185049600000001285e-02
1.266824937599999798e-02 4.301803985386666307e-01 5.252344547946666831e-01 3.191689729066667092e-02
1.263239586133333564e-02 4.299185990826667192e-01 5.254656142506666239e-01 3.198339080533332823e-02
1.259661005866666815e-02 4.296567564906667025e-01 5.256966568426666431e-01 3.204997660800000536e-02
1.256089190400000617e-02 4.293948709546666631e-01 5.259275823786665471e-01 3.211665476266666736e-02
1.252524133333332394e-02 4.291329426666666280e-01 5.261583906666666977e-01 3.218342533333334865e-02
1.248965828266665988e-02 4.288709718186666242e-01 5.263890815146666791e-01 3.225028838400000736e-02
1.245414268799999863e-02 4.286089586026666787e-01 5.266196547306666309e-01 3.231724397866666404e-02
1.241869448533332657e-02 4.283469032106665964e-01 5.268501101226668037e-01 3.238429218133333926e-02
1.238331361066666303e-02 4.280848058346665708e-01 5.270804474986666710e-01 3.245143305599999806e-02
1.234799999999999787e-02 4.278226666666666289e-01 5.273106666666667053e-01 3.251866666666668182e-02
1.231275358933333307e-02 4.275604858986665757e-01 5.275407674346667131e-01 3.258599307733333478e-02
1.227757431466667236e-02 4.272982637226666602e-01 5.277707496106667229e-01 3.265341235199999831e-02
1.224246211200000559e-02 4.270360003306665764e-01 5.280006130026666522e-01 3.272092455466667216e-02
1.220741691733334168e-02 4.267736959146666287e-01 5.282303574186666406e-01 3.278852974933332831e-02
1.217243866666667049e-02 4.265113506666665666e-01 5.284599826666667166e-01 3.285622800000001509e-02
1.213752729600000788e-02 4.262489647786666946e-01 5.286894885546666867e-01 3.292401937066666978e-02
1.210268274133334543e-02 4.259865384426667068e-01 5.289188748906666904e-01 3.299190392533333377e-02
1.206790493866665218e-02 4.257240718506666299e-01 5.291481414826667562e-01 3.305988172800001373e-02
1.203319382399999082e-02 4.254615651946666577e-01 5.293772881386666906e-01 3.312795284266666779e-02
1.199854933333332346e-02 4.251990186666665950e-01 5.296063146666667443e-01 3.319611733333334425e-02
1.196397140266666076e-02 4.249364324586666353e-01 5.298352208746666125e-01 3.326437526400000816e-02
1.192945996799999950e-02 4.246738067626666391e-01 5.300640065706666570e-01 3.333272669866665927e-02
1.189501496533333126e-02 4.244111417706666334e-01 5.302926715626665732e-01 3.340117170133334590e-02
1.186063633066667018e-02 4.241484376746667562e-01 5.305212156586667227e-01 3.346971033600000534e-02
1.182632399999998703e-02 4.238856946666666459e-01 5.307496386666668009e-01 3.353834266666667896e-02
1.179207790933332368e-02 4.236229129386666070e-01 5.309779403946667253e-01 3.360706875733333876e-02
1.175789799466666133e-02 4.233600926826666111e-01 5.312061206506666355e-01 3.367588867199999836e-02
1.172378419199998981e-02 4.230972340906665741e-01 5.314341792426666711e-01 3.374480247466667832e-02
1.168973643733332499e-02 4.228343373546665784e-01 5.316621159786666384e-01 3.381381022933333674e-02
1.165575466666665845e-02 4.225714026666666512e-01 5.318899306666666771e-01 3.388291200000001502e-02
1.162183881599999739e-02 4.223084302186667083e-01 5.321176231146665936e-01 3.395210785066667819e-02
1.158798882133333340e-02 4.220454202026667212e-01 5.323451931306666385e-01 3.402139784533333294e-02
1.155420461866666672e-02 4.217823728106667169e-01 5.325726405226667293e-01 3.409078204800001372e-02
1.152048614400000455e-02 4.215192882346666670e-01 5.327999650986665614e-01 3.416026052266667168e-02
1.148683333333333327e-02 4.212561666666665983e-01 5.330271666666667185e-01 3.422983333333334127e-02
1.145324612266667048e-02 4.209930082986667044e-01 5.332542450346666740e-01 3.429950054400000142e-02
1.141972444800000604e-02 4.207298133226666792e-01 5.334812000106666785e-01 3.436926221866666575e-02
1.138626824533332457e-02 4.204665819306664942e-01 5.337080314026667605e-01 3.443911842133334789e-02
1.135287745066666278e-02 4.202033143146665650e-01 5.339347390186667264e-01 3.450906921600000593e-02
1.131955199999999662e-02 4.199400106666665855e-01 5.341613226666667158e-01 3.457911466666668127e-02
1.128629182933333329e-02 4.196766711786665827e-01 5.343877821546666462e-01 3.464925483733333894e-02
1.125309687466667131e-02 4.194132960426666390e-01 5.346141172906666572e-01 3.471948979199999952e-02
1.121996707200000575e-02 4.191498854506666150e-01 5.348403278826666662e-01 3.478981959466667662e-02
1.118690235733334030e-02 4.188864395946666486e-01 5.350664137386667019e-01 3.486024430933333529e-02
1.115390266666665096e-02 4.186229586666666558e-01 5.352923746666666815e-01 3.493076400000001691e-02
1.112096793599998829e-02 4.183594428586666636e-01 5.355182104746666338e-01 3.500137873066667960e-02
1.108809810133332477e-02 4.180958923626667545e-01 5.357439209706666983e-01 3.507208856533333696e-02
1.105529309866665200e-02 4.178323073706665669e-01 5.359695059626666813e-01 3.514289356800000957e-02
1.102255286399998931e-02 4.175686880746666274e-01 5.361949652586666115e-01 3.521379380266666942e-02
1.098987733333332655e-02 4.173050346666665744e-01 5.364202986666666284e-01 3.528478933333333012e-02
1.095726644266666050e-02 4.170413473386666570e-01 5.366455059946666495e-01 3.535588022400000530e-02
1.092472012799999663e-02 4.167776262826666800e-01 5.368705870506667033e-01 3.542706653866666000e-02
1.089223832533333172e-02 4.165138716906666705e-01 5.370955416426667073e-01 3.549834834133334255e-02
1.085982097066666777e-02 4.162500837546666554e-01 5.373203695786665790e-01 3.556972569600000411e-02
1.082746800000000502e-02 4.159862626666667729e-01 5.375450706666666800e-01 3.564119866666666525e-02
1.079517934933333333e-02 4.157224086186666057e-01 5.377696447146667058e-01 3.571276731733333959e-02
1.076295495466667029e-02 4.154585218026666249e-01 5.379940915306666849e-01 3.578443171199999912e-02
1.073079475199998842e-02 4.151946024106666355e-01 5.382184109226666457e-01 3.585619191466667827e-02
1.069869867733332612e-02 4.149306506346666090e-01 5.384426026986666169e-01 3.592804798933333515e-02
1.066666666666666284e-02 4.146666666666666279e-01 5.386666666666666270e-01 3.599999999999999728e-02
1.063469865599999536e-02 4.144026506986666636e-01 5.388906026346667044e-01 3.607204801066667826e-02
1.060279458133333262e-02 4.141386029226666876e-01 5.391144104106666557e-01 3.614419208533333622e-02
1.057095437866666619e-02 4.138745235306667269e-01 5.393380898026667314e-01 3.621643228800001252e-02
1.053917798400000327e-02 4.136104127146666976e-01 5.395616406186665159e-01 3.628876868266666528e-02
1.050746533333334239e-02 4.133462706666667374e-01 5.397850626666664819e-01 3.636120133333332893e-02
1.047581636266665950e-02 4.130820975786666516e-01 5.400083557546666579e-01 3.643373030400001017e-02
1.044423100799999650e-02 4.128178936426666334e-01 5.402315196906666284e-01 3.650635565866666710e-02
1.041270920533332589e-02 4.125536590506665435e-01 5.404545542826668658e-01 3.657907746133334803e-02
1.038125089066666180e-02 4.122893939946665753e-01 5.406774593386666217e-01 3.665189577600000415e-02
1.034985599999999929e-02 4.120250986666666448e-01 5.409002346666667016e-01 3.672481066666666294e-02
1.031852446933333167e-02 4.117607732586666125e-01 5.411228800746666900e-01 3.679782219733334497e-02
1.028725623466666961e-02 4.114964179626666163e-01 5.413453953706666155e-01 3.687093043200000142e-02
1.025605123200000295e-02 4.112320329706666833e-01 5.415677803626668396e-01 3.694413543466668060e-02
1.022490939733334062e-02 4.109676184746666738e-01 5.417900348586667247e-01 3.701743726933333367e-02
1.019383066666667767e-02 4.107031746666666705e-01 5.420121586666666325e-01 3.709083599999999509e-02
1.016281497600000569e-02 4.104387017386666447e-01 5.422341515946665913e-01 3.716433169066667846e-02
1.013186226133334228e-02 4.101741998826666791e-01 5.424560134506666298e-01 3.723792440533333498e-02
1.010097245866665300e-02 4.099096692906666339e-01 5.426777440426667765e-01 3.731161420800001294e-02
1.007014550399999014e-02 4.096451101546666473e-01 5.428993431786667268e-01 3.738540116266667046e-02
1.003938133333332622e-02 4.093805226666665797e-01 5.431208106666666202e-01 3.745928533333333504e-02
1.000867988266665974e-02 4.091159070186666802e-01 5.433421463146667074e-01 3.753326678400000643e-02
9.978041087999996173e-03 4.088512634026666981e-01 5.435633499306666838e-01 3.760734557866666355e-02
9.947464885333330564e-03 4.085865920106667160e-01 5.437844213226666890e-01 3.768152178133335473e-02
9.916951210666666641e-03 4.083218930346667053e-01 5.440053602986665293e-01 3.775579545600000336e-02
9.886500000000002925e-03 4.080571666666666930e-01 5.442261666666665665e-01 3.783016666666666472e-02
9.856111189333322323e-03 4.077924130986665952e-01 5.444468402346667180e-01 3.790463547733334548e-02
9.825784714666659786e-03 4.075276325226666607e-01 5.446673808106666792e-01 3.797920195200000376e-02
9.795520511999989549e-03 4.072628251306665836e-01 5.448877882026668118e-01 3.805386615466668093e-02
9.765318517333325746e-03 4.069979911146666129e-01 5.451080622186665892e-01 3.812862814933333511e-02
9.735178666666661693e-03 4.067331306666666091e-01 5.453282026666665949e-01 3.820348799999999378e-02
9.705100895999995911e-03 4.064682439786666546e-01 5.455482093546666356e-01 3.827844577066667753e-02
9.675085141333333860e-03 4.062033312426666654e-01 5.457680820906666286e-01 3.835350152533333751e-02
9.645131338666667123e-03 4.059383926506667239e-01 5.459878206826667135e-01 3.842865532800001510e-02
9.615239424000002894e-03 4.056734283946667463e-01 5.462074249386666969e-01 3.850390724266667536e-02
9.585409333333339693e-03 4.054084386666667594e-01 5.464268946666666071e-01 3.857925733333333190e-02
9.555641002666669104e-03 4.051434236586666238e-01 5.466462296746666949e-01 3.865470566400000529e-02
9.525934368000005259e-03 4.048783835626666439e-01 5.468654297706666556e-01 3.873025229866666752e-02
9.496289365333325863e-03 4.046133185706665136e-01 5.470844947626667398e-01 3.880589730133335302e-02
9.466705930666660662e-03 4.043482288746665931e-01 5.473034244586667540e-01 3.888164073600000603e-02
9.437183999999999504e-03 4.040831146666666318e-01 5.475222186666667268e-01 3.895748266666666793e-02
9.407723509333332235e-03 4.038179761386666011e-01 5.477408771946666866e-01 3.903342315733334539e-02
9.378324394666667785e-03 4.035528134826666391e-01 5.479593998506666619e-01 3.910946227200000347e-02
9.348986592000001206e-03 4.032876268906666062e-01 5.481777864426666813e-01 3.918560007466667661e-02
9.319710037333337957e-03 4.030224165546666959e-01 5.483960367786667733e-01 3.926183662933334373e-02
9.290494666666674825e-03 4.027571826666667132e-01 5.486141506666666334e-01 3.933817199999999764e-02
9.261340415999987780e-03 4.024919254186666295e-01 5.488321279146666232e-01 3.941460625066667972e-02
9.232247221333323914e-03 4.022266450026666940e-01 5.490499683306666601e-01 3.949113944533333420e-02
9.203215018666652258e-03 4.019613416106665449e-01 5.492676717226666616e-01 3.956777164800001634e-02
9.174243743999988682e-03 4.016960154346665979e-01 5.494852378986667674e-01 3.964450292266667730e-02
9.145333333333326500e-03 4.014306666666666579e-01 5.497026666666666728e-01 3.972133333333333766e-02
9.116483722666659031e-03 4.011652954986666408e-01 5.499199578346667394e-01 3.979826294400001102e-02
9.087694847999996939e-03 4.008999021226666848e-01 5.501371112106666628e-01 3.987529181866666939e-02
9.058966645333333539e-03 4.006344867306667057e-01 5.503541266026666934e-01 3.995242002133332637e-02
9.030299050666667354e-03 4.003690495146667305e-01 5.505710038186667488e-01 4.002964761600000948e-02
9.001692000000002108e-03 4.001035906666667308e-01 5.507877426666667464e-01 4.010697466666666988e-02
8.973145429333331119e-03 3.998381103786665669e-01 5.510043429546667149e-01 4.018440123733334202e-02
8.944659274666668519e-03 3.995726088426666545e-01 5.512208044906667936e-01 4.026192739200000481e-02
8.916233472000004157e-03 3.993070862506666874e-01 5.514371270826666782e-01 4.033955319466666495e-02
8.887867957333326144e-03 3.990415427946666371e-01 5.516533105386667302e-01 4.041727870933333605e-02
8.859562666666660757e-03 3.987759786666666417e-01 5.518693546666666450e-01 4.049510399999999705e-02
8.831317535999996110e-03 3.985103940586666171e-01 5.520852592746666732e-01 4.057302913066668237e-02
8.803132501333332458e-03 3.982447891626667014e-01 5.523010241706666212e-01 4.065105416533333627e-02
8.775007498666668321e-03 3.979791641706666994e-01 5.525166491626666287e-01 4.072917916799999316e-02
8.746942464000002221e-03 3.977135192746667491e-01 5.527321340586667242e-01 4.080740420266667362e-02
8.718937333333337883e-03 3.974478546666667111e-01 5.529474786666666031e-01 4.088572933333333576e-02
8.690992042666658215e-03 3.971821705386666124e-01 5.531626827946667380e-01 4.096415462400001400e-02
8.663106527999994699e-03 3.969164670826666463e-01 5.533777462506667133e-01 4.104268013866667342e-02
8.635280725333331978e-03 3.966507444906666735e-01 5.535926688426666686e-01 4.112130594133332762e-02
8.607514570666661632e-03 3.963850029546666098e-01 5.538074503786667435e-01 4.120003209600001104e-02
8.579807999999997797e-03 3.961192426666666488e-01 5.540220906666667444e-01 4.127885866666666792e-02
8.552160949333330320e-03 3.958534638186665400e-01 5.542365895146668109e-01 4.135778571733334658e-02
8.524573354666668129e-03 3.955876666026666433e-01 5.544509467306667494e-01 4.143681331200000512e-02
8.497045152000004542e-03 3.953218512106666527e-01 5.546651621226665885e-01 4.151594151466666410e-02
8.469576277333338080e-03 3.950560178346666507e-01 5.548792354986666897e-01 4.159517038933333716e-02
8.442166666666674202e-03 3.947901666666667198e-01 5.550931666666667486e-01 4.167450000000000321e-02
8.414816256000002756e-03 3.945242978986666094e-01 5.553069554346666825e-01 4.175393041066668282e-02
8.387524981333339610e-03 3.942584117226666796e-01 5.555206016106666311e-01 4.183346168533334103e-02
8.360292778666674612e-03 3.939925083306666798e-01 5.557341050026666229e-01 4.191309388799999841e-02
8.333119583999988936e-03 3.937265879146665259e-01 5.559474654186666864e-01 4.199282708266668246e-02
8.306005333333326204e-03 3.934606506666665782e-01 5.561606826666666281e-01 4.207266133333333047e-02
8.278949962666660653e-03 3.931946967786665859e-01 5.563737565546666985e-01 4.215259670400001157e-02
8.251953407999996007e-03 3.929287264426666870e-01 5.565866868906667042e-01 4.223263325866667001e-02
8.225015605333330787e-03 3.926627398506666866e-01 5.567994734826666736e-01 4.231277106133333327e-02
8.198136490666665249e-03 3.923967371946666671e-01 5.570121161386666353e-01 4.239301017600001498e-02
8.171316000000003119e-03 3.921307186666666555e-01 5.572246146666666178e-01 4.247335066666667325e-02
8.144554069333323834e-03 3.918646844586666234e-01 5.574369688746667606e-01 4.255379259733334946e-02
8.117850634666658877e-03 3.915986347626665975e-01 5.576491785706667592e-01 4.263433603200000865e-02
8.091205631999996359e-03 3.913325697706666606e-01 5.578612435626666421e-01 4.271498103466666446e-02
8.064618997333324393e-03 3.910664896746666175e-01 5.580731636586666600e-01 4.279572766933334438e-02
8.038090666666660583e-03 3.908003946666666062e-01 5.582849386666666192e-01 4.287657599999999958e-02
8.011620575999994776e-03 3.905342849386666537e-01 5.584965683946666593e-01 4.295752609066668531e-02
7.985208661333332431e-03 3.902681606826666760e-01 5.587080526506666978e-01 4.303857800533333888e-02
7.958854858666668600e-03 3.900020220906667001e-01 5.589193912426666522e-01 4.311973180799999472e-02
7.932559104000000069e-03 3.897358693546667530e-01 5.591305839786666620e-01 4.320098756266668033e-02
7.906321333333337503e-03 3.894697026666666950e-01 5.593416306666665339e-01 4.328234533333333300e-02
7.880141482666665545e-03 3.892035222186666088e-01 5.595525311146667402e-01 4.336380518400001494e-02
7.854019488000003532e-03 3.889373282026666878e-01 5.597632851306666435e-01 4.344536717866667036e-02
7.827955285333339577e-03 3.886711208106666815e-01 5.599738925226667163e-01 4.352703138133332678e-02
7.801948810666660926e-03 3.884049002346665613e-01 5.601843530986666542e-01 4.360879785600001862e-02
7.775999999999995589e-03 3.881386666666665208e-01 5.603946666666667076e-01 4.369066666666666932e-02
7.750108789333330812e-03 3.878724202986665870e-01 5.606048330346667941e-01 4.377263787733334799e-02
7.724275114666665984e-03 3.876061613226665648e-01 5.608148520106666091e-01 4.385471155200000581e-02
7.698498912000003094e-03 3.873398899306666476e-01 5.610247234026667362e-01 4.393688775466666335e-02
7.672780117333336328e-03 3.870736063146665851e-01 5.612344470186667600e-01 4.401916654933334117e-02
7.647118666666672879e-03 3.868073106666666261e-01 5.614440226666667089e-01 4.410154800000000430e-02
7.621514495999987850e-03 3.865410031786666867e-01 5.616534501546666114e-01 4.418403217066668720e-02
7.595967541333324864e-03 3.862746840426666273e-01 5.618627292906666071e-01 4.426661912533334103e-02
7.570477738666660759e-03 3.860083534506666969e-01 5.620718598826666135e-01 4.434930892800000024e-02
7.545045023999987985e-03 3.857420115946665895e-01 5.622808417386667701e-01 4.443210164266667844e-02
7.519669333333325878e-03 3.854756586666666096e-01 5.624896746666666614e-01 4.451499733333334069e-02
7.494350602666658215e-03 3.852092948586666732e-01 5.626983584746667599e-01 4.459799606400001448e-02
7.469088767999995659e-03 3.849429203626666407e-01 5.629068929706666502e-01 4.468109789866667181e-02
7.443883765333331529e-03 3.846765353706666501e-01 5.631152779626666938e-01 4.476430290133333323e-02
7.418735530666665211e-03 3.844101400746666730e-01 5.633235132586666971e-01 4.484761113600001237e-02
7.393644000000002166e-03 3.841437346666667363e-01 5.635315986666666888e-01 4.493102266666667427e-02
7.368609109333330506e-03 3.838773193386665894e-01 5.637395339946666972e-01 4.501453755733334644e-02
7.343630794666666101e-03 3.836108942826665924e-01 5.639473190506666400e-01 4.509815587200000780e-02
7.318708992000002266e-03 3.833444596906666613e-01 5.641549536426666567e-01 4.518187767466666505e-02
7.293843637333324512e-03 3.830780157546666564e-01 5.643624375786666647e-01 4.526570302933334566e-02
7.269034666666660850e-03 3.828115626666667159e-01 5.645697706666666926e-01 4.534963200000000083e-02
7.244282015999996792e-03 3.825451006186667002e-01 5.647769527146666579e-01 4.543366465066665805e-02
7.219585621333330858e-03 3.822786298026666363e-01 5.649839835306667002e-01 4.551780104533334481e-02
7.194945418666666773e-03 3.820121504106667176e-01 5.651908629226665148e-01 4.560204124799999842e-02
7.170361344000000456e-03 3.817456626346666937e-01 5.653975906986666855e-01 4.568638532266668106e-02
7.145833333333336500e-03 3.814791666666667580e-01 5.656041666666666856e-01 4.577083333333333698e-02
7.121361322666672558e-03 3.812126626986667155e-01 5.658105906346666547e-01 4.585538534399999366e-02
7.096945247999995009e-03 3.809461509226666487e-01 5.660168624106667323e-01 4.594004141866667862e-02
7.072585045333330996e-03 3.806796315306666401e-01 5.662229818026667250e-01 4.602480162133333608e-02
7.048280650666660825e-03 3.804131047146666056e-01 5.664289486186667721e-01 4.610966601600002129e-02
7.024031999999996896e-03 3.801465706666665723e-01 5.666347626666667914e-01 4.619463466666667156e-02
6.999839029333332525e-03 3.798800295786665115e-01 5.668404237546667002e-01 4.627970763733332826e-02
6.975701674666665367e-03 3.796134816426666170e-01 5.670459316906667491e-01 4.636488499200001195e-02
6.951619872000002615e-03 3.793469270506666380e-01 5.672512862826667446e-01 4.645016679466666687e-02
6.927593557333335851e-03 3.790803659946666571e-01 5.674564873386667152e-01 4.653555310933334133e-02
6.903622666666671404e-03 3.788137986666666457e-01 5.676615346666666895e-01 4.662104400000000731e-02
6.879707136000007793e-03 3.785472252586666864e-01 5.678664280746666959e-01 4.670663953066665763e-02
6.855846901333337469e-03 3.782806459626666395e-01 5.680711673706666520e-01 4.679233976533334061e-02
6.832041898666672830e-03 3.780140609706666988e-01 5.682757523626666973e-01 4.687814476800000046e-02
6.808292063999988979e-03 3.777474704746665579e-01 5.684801828586667494e-01 4.696405460266667858e-02
6.784597333333325202e-03 3.774808746666665216e-01 5.686844586666666146e-01 4.705006933333334002e-02
6.760957642666661806e-03 3.772142737386666167e-01 5.688885795946666546e-01 4.713618902399999144e-02
6.737372927999994709e-03 3.769476678826666483e-01 5.690925454506667869e-01 4.722241373866668118e-02
6.713843125333330240e-03 3.766810572906666432e-01 5.692963560426667069e-01 4.730874354133333265e-02
6.690368170666664317e-03 3.764144421546666841e-01 5.695000111786666652e-01 4.739517849600002192e-02
6.666947999999999798e-03 3.761478226666667424e-01 5.697035106666665794e-01 4.748171866666667240e-02
6.643582549333336938e-03 3.758811990186666785e-01 5.699068543146665888e-01 4.756836411733333242e-02
6.620271754666659514e-03 3.756145714026665750e-01 5.701100419306667222e-01 4.765511491200001559e-02
6.597015551999995536e-03 3.753479400106666253e-01 5.703130733226666749e-01 4.774197111466667309e-02
6.573813877333324444e-03 3.750813050346665789e-01 5.705159482986666974e-01 4.782893278933334630e-02
6.550666666666660372e-03 3.748146666666666293e-01 5.707186666666665964e-01 4.791600000000000720e-02
6.527573855999996635e-03 3.745480250986666371e-01 5.709212282346666223e-01 4.800317281066666247e-02
6.504535381333330021e-03 3.742813805226666291e-01 5.711236328106666926e-01 4.809045128533334656e-02
6.481551178666665990e-03 3.740147331306666878e-01 5.713258802026666139e-01 4.817783548800000371e-02
6.458621183999999592e-03 3.737480831146667293e-01 5.715279702186667476e-01 4.826532548266668221e-02
6.435745333333335420e-03 3.734814306666667250e-01 5.717299026666666784e-01 4.835292133333334019e-02
6.412923562666671996e-03 3.732147759786667574e-01 5.719316773546665456e-01 4.844062310399999821e-02
6.390155808000000902e-03 3.729481192426666314e-01 5.721332940906667108e-01 4.852843085866667683e-02
6.367442005333337138e-03 3.726814606506666516e-01 5.723347526826666476e-01 4.861634466133333415e-02
6.344782090666660143e-03 3.724148003946665675e-01 5.725360529386668285e-01 4.870436457600001851e-02
6.322175999999996195e-03 3.721481386666665725e-01 5.727371946666667268e-01 4.879249066666668105e-02
6.299623669333331670e-03 3.718814756586665826e-01 5.729381776746667043e-01 4.888072299733333542e-02
6.277125034666665958e-03 3.716148115626666248e-01 5.731390017706666784e-01 4.896906163200001605e-02
6.254680032000001048e-03 3.713481465706666151e-01 5.733396667626666776e-01 4.905750663466666717e-02
6.232288597333334595e-03 3.710814808746666360e-01 5.735401724586667305e-01 4.914605806933334403e-02
6.209950666666671192e-03 3.708148146666666589e-01 5.737405186666667545e-01 4.923471600000000475e-02
6.187666176000006756e-03 3.705481481386667664e-01 5.739407051946667782e-01 4.932348049066666296e-02
6.165435061333324196e-03 3.702814814826666523e-01 5.741407318506666080e-01 4.941235160533334614e-02
6.143257258666660198e-03 3.700148148906666767e-01 5.743405984426667166e-01 4.950132940800000547e-02
6.121132703999988996e-03 3.697481485546665336e-01 5.745403047786666884e-01 4.959041396266668233e-02
6.099061333333324723e-03 3.694814826666665830e-01 5.747398506666666629e-01 4.967960533333334178e-02
6.077043082666660698e-03 3.692148174186665743e-01 5.749392359146666687e-01 4.976890358399999742e-02
6.055077887999994572e-03 3.689481530026666456e-01 5.751384603306667342e-01 4.985830877866667676e-02
6.033165685333330940e-03 3.686814896106667128e-01 5.753375237226666661e-01 4.994782098133333098e-02
6.011306410666663984e-03 3.684148274346666918e-01 5.755364258986667148e-01 5.003744025600002227e-02
5.989500000000000032e-03 3.681481666666667207e-01 5.757351666666666867e-01 5.012716666666668097e-02
5.967746389333335871e-03 3.678815074986667710e-01 5.759337458346666105e-01 5.021700027733333460e-02
5.946045514666665685e-03 3.676148501226665921e-01 5.761321632106667368e-01 5.030694115200001759e-02
5.924397312000001005e-03 3.673481947306665996e-01 5.763304186026667608e-01 5.039698935466667418e-02
5.902801717333324739e-03 3.670815415146665983e-01 5.765285118186667113e-01 5.048714494933334573e-02
5.881258666666659696e-03 3.668148906666665598e-01 5.767264426666667276e-01 5.057740800000000425e-02
5.859768095999995721e-03 3.665482423786666777e-01 5.769242109546667274e-01 5.066777857066666335e-02
5.838329941333330469e-03 3.662815968426666458e-01 5.771218164906667392e-01 5.075825672533335053e-02
5.816944138666665931e-03 3.660149542506667131e-01 5.773192590826666803e-01 5.084884252800001003e-02
5.795610623999998892e-03 3.657483147946666291e-01 5.775165385386666905e-01 5.093953604266669016e-02
5.774329333333334813e-03 3.654816786666667539e-01 5.777136546666666872e-01 5.103033733333334210e-02
5.753100202666670479e-03 3.652150460586667813e-01 5.779106072746666989e-01 5.112124646400000028e-02
5.731923167999994004e-03 3.649484171626666273e-01 5.781073961706667541e-01 5.121226349866667832e-02
5.710798165333329929e-03 3.646817921706666521e-01 5.783040211626666594e-01 5.130338850133333434e-02
5.689725130666665499e-03 3.644151712746666605e-01 5.785004820586666652e-01 5.139462153599998889e-02
5.668703999999995767e-03 3.641485546666665130e-01 5.786967786666666891e-01 5.148596266666667642e-02
5.647734709333331396e-03 3.638819425386665696e-01 5.788929107946666486e-01 5.157741195733334116e-02
5.626817194666664836e-03 3.636153350826666353e-01 5.790888782506666832e-01 5.166896947200001755e-02
5.605951392000000678e-03 3.633487324906666260e-01 5.792846808426667105e-01 5.176063527466667064e-02
5.585137237333335711e-03 3.630821349546666243e-01 5.794803183786667589e-01 5.185240942933332792e-02
5.564374666666670188e-03 3.628155426666666572e-01 5.796757906666666349e-01 5.194429200000000302e-02
5.543663616000005234e-03 3.625489558186666406e-01 5.798710975146667002e-01 5.203628305066666793e-02
5.523004021333335900e-03 3.622823746026666569e-01 5.800662387306666501e-01 5.212838264533335014e-02
5.502395818666671115e-03 3.620157992106666778e-01 5.802612141226666242e-01 5.222059084800000778e-02
5.481838944000006798e-03 3.617492298346666746e-01 5.804560234986666512e-01 5.231290772266666139e-02
5.461333333333324991e-03 3.614826666666666188e-01 5.806506666666667593e-01 5.240533333333334542e-02
5.440878922666660643e-03 3.612161098986665930e-01 5.808451434346666442e-01 5.249786774399999717e-02
5.420475647999994928e-03 3.609495597226665686e-01 5.810394536106666674e-01 5.259051101866668576e-02
5.400123445333329837e-03 3.606830163306666837e-01 5.812335970026667464e-01 5.268326322133333461e-02
5.379822250666665626e-03 3.604164799146666320e-01 5.814275734186666877e-01 5.277612441599999205e-02
5.359571999999999080e-03 3.601499506666667183e-01 5.816213826666667419e-01 5.286909466666668556e-02
5.339372629333334792e-03 3.598834287786666919e-01 5.818150245546666044e-01 5.296217403733333162e-02
5.319224074666659141e-03 3.596169144426666353e-01 5.820084988906667478e-01 5.305536259200002019e-02
5.299126271999994933e-03 3.593504078506666310e-01 5.822018054826667566e-01 5.314866039466667469e-02
5.279079157333330281e-03 3.590839091946666506e-01 5.823949441386666592e-01 5.324206750933332954e-02
5.259082666666660237e-03 3.588174186666666099e-01 5.825879146666665953e-01 5.333558400000000532e-02
5.239136735999996332e-03 3.585509364586666470e-01 5.827807168746665933e-01 5.342920993066666707e-02
5.219241301333329280e-03 3.582844627626666223e-01 5.829733505706666818e-01 5.352294536533334923e-02
5.199396298666665410e-03 3.580179977706666739e-01 5.831658155626666673e-01 5.361679036800000991e-02
5.179601664000000640e-03 3.577515416746667176e-01 5.833581116586665782e-01 5.371074500266666274e-02
5.159857333333334357e-03 3.574850946666666696e-01 5.835502386666666652e-01 5.380480933333334215e-02
5.140163242666669421e-03 3.572186569386666677e-01 5.837421963946666237e-01 5.389898342399999931e-02
5.120519328000000016e-03 3.569522286826666280e-01 5.839339846506667042e-01 5.399326733866668254e-02
5.100925525333335070e-03 3.566858100906666329e-01 5.841256032426666023e-01 5.408766114133333608e-02
5.081381770666670503e-03 3.564194013546667095e-01 5.843170519786666794e-01 5.418216489599999436e-02
5.061887999999995294e-03 3.561530026666665516e-01 5.845083306666667422e-01 5.427677866666668488e-02
5.042444149333330516e-03 3.558866142186665749e-01 5.846994391146667081e-01 5.437150251733333800e-02
5.023050154666664283e-03 3.556202362026665842e-01 5.848903771306667165e-01 5.446633651200001591e-02
5.003705952000000318e-03 3.553538688106666066e-01 5.850811445226666851e-01 5.456128071466666979e-02
4.984411477333335408e-03 3.550875122346666135e-01 5.852717410986667534e-01 5.465633518933333407e-02
4.965166666666669809e-03 3.548211666666666875e-01 5.854621666666666169e-01 5.475150000000000849e-02
4.945971456000004644e-03 3.545548322986666334e-01 5.856524210346666370e-01 5.484677521066666506e-02
4.926825781333323689e-03 3.542885093226666449e-01 5.858425040106667314e-01 5.494216088533335901e-02
4.907729578666659292e-03 3.540221979306666378e-01 5.860324154026665955e-01 5.503765708800000683e-02
4.888682783999995229e-03 3.537558983146667502e-01 5.862221550186665908e-01 5.513326388266667072e-02
4.869685333333325684e-03 3.534896106666666205e-01 5.864117226666667460e-01 5.522898133333334347e-02
4.850737162666660454e-03 3.532233351786665532e-01 5.866011181546666453e-01 5.532480950400000402e-02
4.831838207999993723e-03 3.529570720426665753e-01 5.867903412906666505e-01 5.542074845866667987e-02
4.812988405333329216e-03 3.526908214506666583e-01 5.869793918826666790e-01 5.551679826133334300e-02
4.794187690666664586e-03 3.524245835946666627e-01 5.871682697386666483e-01 5.561295897600000010e-02
4.775435999999999223e-03 3.521583586666666710e-01 5.873569746666666980e-01 5.570923066666667867e-02
4.756733269333334249e-03 3.518921468586667101e-01 5.875455064746666345e-01 5.580561339733333681e-02
4.738079434666663849e-03 3.516259483626665849e-01 5.877338649706667084e-01 5.590210723200002285e-02
4.719474432000000420e-03 3.513597633706666001e-01 5.879220499626667262e-01 5.599871223466668102e-02
4.700918197333334679e-03 3.510935920746666716e-01 5.881100612586667165e-01 5.609542846933333188e-02
4.682410666666660809e-03 3.508274346666666599e-01 5.882978986666667076e-01 5.619225600000000986e-02
4.663951775999995546e-03 3.505612913386666474e-01 5.884855619946667282e-01 5.628919489066666615e-02
4.645541461333329604e-03 3.502951622826666056e-01 5.886730510506666958e-01 5.638624520533335599e-02
4.627179658666664974e-03 3.500290476906666726e-01 5.888603656426666388e-01 5.648340700800000974e-02
4.608866304000000177e-03 3.497629477546666532e-01 5.890475055786665859e-01 5.658068036266666878e-02
4.590601333333333735e-03 3.494968626666666855e-01 5.892344706666665655e-01 5.667806533333334673e-02
4.572384682666669371e-03 3.492307926186666855e-01 5.894212607146666061e-01 5.677556198400000170e-02
4.554216287999994332e-03 3.489647378026665692e-01 5.896078755306667363e-01 5.687317037866668201e-02
4.536096085333329690e-03 3.486986984106666410e-01 5.897943149226666515e-01 5.697089058133334577e-02
4.518024010666665292e-03 3.484326746346666503e-01 5.899805786986667133e-01 5.706872265599999966e-02
4.499999999999995323e-03 3.481666666666665688e-01 5.901666666666667282e-01 5.716666666666668506e-02
4.482023989333330447e-03 3.479006746986665344e-01 5.903525786346666138e-01 5.726472267733333926e-02
4.464095914666666581e-03 3.476346989226666295e-01 5.905383144106666204e-01 5.736289075200000365e-02
4.446215711999999647e-03 3.473687395306666037e-01 5.907238738026667768e-01 5.746117095466667796e-02
4.428383317333334235e-03 3.471027967146665949e-01 5.909092566186666673e-01 5.755956334933333418e-02
4.410598666666668867e-03 3.468368706666666301e-01 5.910944626666666535e-01 5.765806800000001370e-02
4.392861696000003799e-03 3.465709615786666808e-01 5.912794917546667639e-01 5.775668497066667462e-02
4.375172341333339286e-03 3.463050696426667185e-01 5.914643436906666940e-01 5.785541432533332362e-02
4.357530538666669513e-03 3.460391950506666592e-01 5.916490182826666944e-01 5.795425612800001597e-02
4.339936224000004276e-03 3.457733379946666963e-01 5.918335153386666825e-01 5.805321044266666813e-02
4.322389333333325617e-03 3.455074986666665238e-01 5.920178346666666869e-01 5.815227733333334925e-02
4.304889802666660679e-03 3.452416772586666127e-01 5.922019760746666250e-01 5.825145686400000355e-02
4.287437567999995841e-03 3.449758739626666015e-01 5.923859393706666365e-01 5.835074909866665854e-02
4.270032565333329623e-03 3.447100889706666282e-01 5.925697243626667499e-01 5.845015410133334866e-02
4.252674730666664883e-03 3.444443224746666643e-01 5.927533308586666605e-01 5.854967193599999731e-02
4.235363999999998408e-03 3.441785746666667367e-01 5.929367586666667300e-01 5.864930266666668751e-02
4.218100309333333922e-03 3.439128457386667059e-01 5.931200075946667649e-01 5.874904635733334268e-02
4.200883594666669080e-03 3.436471358826667100e-01 5.933030774506666827e-01 5.884890307199999726e-02
4.183713791999994595e-03 3.433814452906666093e-01 5.934859680426667339e-01 5.894887287466668568e-02
4.166590837333329807e-03 3.431157741546666529e-01 5.936686791786667250e-01 5.904895582933333137e-02
4.149514666666660224e-03 3.428501226666665902e-01 5.938512106666666845e-01 5.914915200000002427e-02
4.132485215999995645e-03 3.425844910186666148e-01 5.940335623146666411e-01 5.924946145066667391e-02
4.115502421333331121e-03 3.423188794026665871e-01 5.942157339306666231e-01 5.934988424533332863e-02
4.098566218666664304e-03 3.420532880106666451e-01 5.943977253226666591e-01 5.945042044800001590e-02
4.081676543999999789e-03 3.417877170346667048e-01 5.945795362986666666e-01 5.955107012266667305e-02
4.064833333333333493e-03 3.415221666666666822e-01 5.947611666666666741e-01 5.965183333333335530e-02
4.048036522666668274e-03 3.412566370986667152e-01 5.949426162346665992e-01 5.975271014400000691e-02
4.031286048000003522e-03 3.409911285226667199e-01 5.951238848106665813e-01 5.985370061866666924e-02
4.014581845333334287e-03 3.407256411306666122e-01 5.953049722026667601e-01 5.995480482133334205e-02
3.997923850666669499e-03 3.404601751146666411e-01 5.954858782186667199e-01 6.005602281600000425e-02
3.981311999999995535e-03 3.401947306666665005e-01 5.956666026666667113e-01 6.015735466666668335e-02
3.964746229333330867e-03 3.399293079786665506e-01 5.958471453546667629e-01 6.025880043733334440e-02
3.948226474666665341e-03 3.396639072426665962e-01 5.960275060906666811e-01 6.036036019199999408e-02
3.931752671999999213e-03 3.393985286506666088e-01 5.962076846826667165e-01 6.046203399466667378e-02
3.915324757333334474e-03 3.391331723946666155e-01 5.963876809386666755e-01 6.056382190933334159e-02
3.898942666666667476e-03 3.388678386666666431e-01 5.965674946666668088e-01 6.066572400000001808e-02
3.882606336000002812e-03 3.386025276586666077e-01 5.967471256746667008e-01 6.076774033066667524e-02
3.866315701333338569e-03 3.383372395626667029e-01 5.969265737706667130e-01 6.086987096533333363e-02
3.850070698666659824e-03 3.380719745706667334e-01 5.971058387626666519e-01 6.097211596800001382e-02
3.833871263999994589e-03 3.378067328746667264e-01 5.972849204586666572e-01 6.107447540266666697e-02
3.817717333333325771e-03 3.375415146666665422e-01 5.974638186666667572e-01 6.117694933333335527e-02
3.801608842666660999e-03 3.372763201386665965e-01 5.976425331946667585e-01 6.127953782400000909e-02
3.785545727999995325e-03 3.370111494826665832e-01 5.978210638506666896e-01 6.138224093866666287e-02
3.769527925333329439e-03 3.367460028906665848e-01 5.979994104426666901e-01 6.148505874133335103e-02
3.753555370666664462e-03 3.364808805546666282e-01 5.981775727786666774e-01 6.158799129600000394e-02
3.737627999999998049e-03 3.362157826666666294e-01 5.983555506666666801e-01 6.169103866666669073e-02
3.721745749333333058e-03 3.359507094186667264e-01 5.985333439146667267e-01 6.179420091733334869e-02
3.705908554666668443e-03 3.356856610026666687e-01 5.987109523306666237e-01 6.189747811200000532e-02
3.690116351999999256e-03 3.354206376106666498e-01 5.988883757226667326e-01 6.200087031466667425e-02
3.674369077333333993e-03 3.351556394346666412e-01 5.990656138986667489e-01 6.210437758933333441e-02
3.658666666666660766e-03 3.348906666666666143e-01 5.992426666666667012e-01 6.220800000000001329e-02
3.643009055999995877e-03 3.346257194986665962e-01 5.994195338346666180e-01 6.231173761066666900e-02
3.627396181333330909e-03 3.343607981226666692e-01 5.995962152106666387e-01 6.241559048533332904e-02
3.611827978666664381e-03 3.340959027306666385e-01 5.997727106026666810e-01 6.251955868800002092e-02
3.596304383999999153e-03 3.338310335146666974e-01 5.999490198186666623e-01 6.262364228266667499e-02
3.580825333333332444e-03 3.335661906666666510e-01 6.001251426666667221e-01 6.272784133333335344e-02
3.565390762666667979e-03 3.333013743786666927e-01 6.003010789546666670e-01 6.283215590400001438e-02
3.550000608000002979e-03 3.330365848426667386e-01 6.004768284906666365e-01 6.293658605866667144e-02
3.534654805333329458e-03 3.327718222506666490e-01 6.006523910826666590e-01 6.304113186133335212e-02
3.519353290666664153e-03 3.325070867946666731e-01 6.008277665386666522e-01 6.314579337600000064e-02
3.504095999999995610e-03 3.322423786666665602e-01 6.010029546666667555e-01 6.325057066666668615e-02
3.488882869333330156e-03 3.319776980586665593e-01 6.011779552746667754e-01 6.335546379733335287e-02
3.473713834666665445e-03 3.317130451626666421e-01 6.013527681706667405e-01 6.346047283200000055e-02
3.458588831999998697e-03 3.314484201706666133e-01 6.015273931626666792e-01 6.356559783466668445e-02
3.443507797333334071e-03 3.311838232746666111e-01 6.017018300586667312e-01 6.367083886933334880e-02
3.428470666666667051e-03 3.309192546666666623e-01 6.018760786666667029e-01 6.377619600000002109e-02
3.413477376000002231e-03 3.306547145386666275e-01 6.020501387946667338e-01 6.388166929066667332e-02
3.398527861333337698e-03 3.303902030826667002e-01 6.022240102506666304e-01 6.398725880533333299e-02
3.383622058666668070e-03 3.301257204906666298e-01 6.023976928426666433e-01 6.409296460800002759e-02
3.368759904000003576e-03 3.298612669546666654e-01 6.025711863786666900e-01 6.419878676266667361e-02
3.353941333333337969e-03 3.295968426666666673e-01 6.027444906666665769e-01 6.430472533333334018e-02
3.339166282666660660e-03 3.293324478186665516e-01 6.029176055146666657e-01 6.441078038400001315e-02
3.324434687999995759e-03 3.290680826026666783e-01 6.030905307306666518e-01 6.451695197866666454e-02
3.309746485333329644e-03 3.288037472106666304e-01 6.032632661226666748e-01 6.462324018133334957e-02
3.295101610666664304e-03 3.285394418346666567e-01 6.034358114986666521e-01 6.472964505599999863e-02
3.280499999999999129e-03 3.282751666666667290e-01 6.036081666666666123e-01 6.483616666666665307e-02
3.265941589333332638e-03 3.280109218986666519e-01 6.037803314346665839e-01 6.494280507733335428e-02
3.251426314666667691e-03 3.277467077226667302e-01 6.039523056106665955e-01 6.504956035200000486e-02
3.236954111999994568e-03 3.274825243306665468e-01 6.041240890026666754e-01 6.515643255466668782e-02
3.222524917333329571e-03 3.272183719146666281e-01 6.042956814186667414e-01 6.526342174933333351e-02
3.208138666666664716e-03 3.269542506666666681e-01 6.044670826666667107e-01 6.537052799999999719e-02
3.193795295999995489e-03 3.266901607786666384e-01 6.046382925546667231e-01 6.547775137066667861e-02
3.179494741333330383e-03 3.264261024426666769e-01 6.048093108906666959e-01 6.558509192533333587e-02
3.165236938666664453e-03 3.261620758506666440e-01 6.049801374826666578e-01 6.569254972800002423e-02
3.151021823999998819e-03 3.258980811946666778e-01 6.051507721386666372e-01 6.580012484266667405e-02
3.136849333333334173e-03 3.256341186666666943e-01 6.053212146666666627e-01 6.590781733333334058e-02
3.122719402666667299e-03 3.253701884586667203e-01 6.054914648746666517e-01 6.601562726400000969e-02
3.108631968000002358e-03 3.251062907626667275e-01 6.056615225706666328e-01 6.612355469866666724e-02
3.094586965333333533e-03 3.248424257706666318e-01 6.058313875626667455e-01 6.623159970133334074e-02
3.080584330666668452e-03 3.245785936746666267e-01 6.060010596586666853e-01 6.633976233600000216e-02
3.066624000000003035e-03 3.243147946666666837e-01 6.061705386666667028e-01 6.644804266666665127e-02
3.052705909333330164e-03 3.240510289386666076e-01 6.063398243946667154e-01 6.655644075733334331e-02
3.038829994666664841e-03 3.237872966826665921e-01 6.065089166506667517e-01 6.666495667200000863e-02
3.024996191999998647e-03 3.235235980906665532e-01 6.066778152426667292e-01 6.677359047466668862e-02
3.011204437333333574e-03 3.232599333546666287e-01 6.068465199786666764e-01 6.688234222933334139e-02
2.997454666666668575e-03 3.229963026666666237e-01 6.070150306666667328e-01 6.699121199999999443e-02
2.983746816000002171e-03 3.227327062186666762e-01 6.071833471146667049e-01 6.710019985066667525e-02
2.970080821333336788e-03 3.224691442026666466e-01 6.073514691306667324e-01 6.720930584533332808e-02
2.956456618666660537e-03 3.222056168106666174e-01 6.075193965226666215e-01 6.731853004800002205e-02
2.942874143999994925e-03 3.219421242346666712e-01 6.076871290986666230e-01 6.742787252266668752e-02
2.929333333333329799e-03 3.216786666666666683e-01 6.078546666666666543e-01 6.753733333333333810e-02
2.915834122666660644e-03 3.214152442986665803e-01 6.080220090346667439e-01 6.764691254400001519e-02
2.902376447999995522e-03 3.211518573226666007e-01 6.081891560106666983e-01 6.775661021866667688e-02
2.888960245333329485e-03 3.208885059306666454e-01 6.083561074026666571e-01 6.786642642133335068e-02
2.875585450666664090e-03 3.206251903146666304e-01 6.085228630186666487e-01 6.797636121600000858e-02
2.862251999999998724e-03 3.203619106666666938e-01 6.086894226666667018e-01 6.808641466666665032e-02
2.848959829333332777e-03 3.200986671786666959e-01 6.088557861546666228e-01 6.819658683733334503e-02
2.835708874666667371e-03 3.198354600426666638e-01 6.090219532906666622e-01 6.830687779200000920e-02
2.822499071999998860e-03 3.195722894506665690e-01 6.091879238826667375e-01 6.841728759466668419e-02
2.809330357333333136e-03 3.193091555946666049e-01 6.093536977386667663e-01 6.852781630933334200e-02
2.796202666666667853e-03 3.190460586666666321e-01 6.095192746666666661e-01 6.863846399999999626e-02
2.783115935999995461e-03 3.187829988586666219e-01 6.096846544746666874e-01 6.874923073066667445e-02
2.770070101333330526e-03 3.185199763626666569e-01 6.098498369706666367e-01 6.886011656533333469e-02
2.757065098666664198e-03 3.182569913706666531e-01 6.100148219626666535e-01 6.897112156800001836e-02
2.744100863999998467e-03 3.179940440746666375e-01 6.101796092586666553e-01 6.908224580266668358e-02
2.731177333333333589e-03 3.177311346666666925e-01 6.103441986666666708e-01 6.919348933333333007e-02
2.718294442666667216e-03 3.174682633386666786e-01 6.105085899946667283e-01 6.930485222400001311e-02
2.705452128000001340e-03 3.172054302826667338e-01 6.106727830506666344e-01 6.941633453866667691e-02
2.692650325333329278e-03 3.169426356906666076e-01 6.108367776426667506e-01 6.952793634133334899e-02
2.679888970666663862e-03 3.166798797546666044e-01 6.110005735786667724e-01 6.963965769600000133e-02
2.667167999999998842e-03 3.164171626666666959e-01 6.111641706666666174e-01 6.975149866666666143e-02
2.654487349333330137e-03 3.161544846186665203e-01 6.113275687146667581e-01 6.986345931733335679e-02
2.641846954666664943e-03 3.158918458026666043e-01 6.114907675306666679e-01 6.997553971200000389e-02
2.629246751999998310e-03 3.156292464106665863e-01 6.116537669226667084e-01 7.008773991466668574e-02
2.616686677333333096e-03 3.153666866346666042e-01 6.118165666986666862e-01 7.020005998933334657e-02
2.604166666666667823e-03 3.151041666666666297e-01 6.119791666666667407e-01 7.031250000000000000e-02
2.591686656000001445e-03 3.148416866986666340e-01 6.121415666346667894e-01 7.042506001066668742e-02
2.579246581333336386e-03 3.145792469226666443e-01 6.123037664106666389e-01 7.053774008533335305e-02
2.566846378666667264e-03 3.143168475306666321e-01 6.124657658026666507e-01 7.065054028800002439e-02
2.554485984000002142e-03 3.140544887146666797e-01 6.126275646186667423e-01 7.076346068266667344e-02
2.542165333333336504e-03 3.137921706666667032e-01 6.127891626666666092e-01 7.087650133333332769e-02
2.529884362666661064e-03 3.135298935786665631e-01 6.129505597546667239e-01 7.098966230400002853e-02
2.517643007999996029e-03 3.132676576426666193e-01 6.131117556906666710e-01 7.110294365866667854e-02
2.505441205333330812e-03 3.130054630506666213e-01 6.132727502826667010e-01 7.121634546133333299e-02
2.493278890666663934e-03 3.127433099946666517e-01 6.134335433386666203e-01 7.132986777600001937e-02
2.481155999999998685e-03 3.124811986666666819e-01 6.135941346666666796e-01 7.144351066666666805e-02
2.469072469333332288e-03 3.122191292586666833e-01 6.137545240746666853e-01 7.155727419733334815e-02
2.457028234666667164e-03 3.119571019626666830e-01 6.139147113706666659e-01 7.167115843200000391e-02
2.445023232000001837e-03 3.116951169706667080e-01 6.140746963626666499e-01 7.178516343466666283e-02
2.433057397333329621e-03 3.114331744746666186e-01 6.142344788586666660e-01 7.189928926933335240e-02
2.421130666666664218e-03 3.111712746666666640e-01 6.143940586666666315e-01 7.201353600000000299e-02
2.409242975999995474e-03 3.109094177386665936e-01 6.145534355946666860e-01 7.212790369066669760e-02
2.397394261333330584e-03 3.106476038826666564e-01 6.147126094506666361e-01 7.224239240533335271e-02
2.385584458666665034e-03 3.103858332906666573e-01 6.148715800426666211e-01 7.235700220799999582e-02
2.373813503999998645e-03 3.101241061546666233e-01 6.150303471786666698e-01 7.247173316266668219e-02
2.362081333333332974e-03 3.098624226666666925e-01 6.151889106666666995e-01 7.258658533333332830e-02
2.350387882666666543e-03 3.096007830186666698e-01 6.153472703146666278e-01 7.270155878400001714e-02
2.338733088000001341e-03 3.093391874026666932e-01 6.155054259306665942e-01 7.281665357866667909e-02
2.327116885333335890e-03 3.090776360106667342e-01 6.156633773226666273e-01 7.293186978133332776e-02
2.315539210666667409e-03 3.088161290346665977e-01 6.158211242986666445e-01 7.304720745600001841e-02
2.304000000000001793e-03 3.085546666666666993e-01 6.159786666666666743e-01 7.316266666666666751e-02
2.292499189333330190e-03 3.082932490986665663e-01 6.161360042346667454e-01 7.327824747733334421e-02
2.281036714666664564e-03 3.080318765226665589e-01 6.162931368106666641e-01 7.339394995199999272e-02
2.269612511999999534e-03 3.077705491306666485e-01 6.164500642026666810e-01 7.350977415466665443e-02
2.258226517333332753e-03 3.075092671146666401e-01 6.166067862186667137e-01 7.362572014933334297e-02
2.246878666666667513e-03 3.072480306666666161e-01 6.167633026666666796e-01 7.374178800000000256e-02
2.235568896000001034e-03 3.069868399786666591e-01 6.169196133546667182e-01 7.385797777066668846e-02
2.224297141333335306e-03 3.067256952426666294e-01 6.170757180906667472e-01 7.397428952533334490e-02
2.213063338666670151e-03 3.064645966506667207e-01 6.172316166826667949e-01 7.409072332800001326e-02
2.201867423999995417e-03 3.062035443946666824e-01 6.173873089386666679e-01 7.420727924266667941e-02
2.190709333333330008e-03 3.059425386666667079e-01 6.175427946666667278e-01 7.432395733333332921e-02
2.179589002666661168e-03 3.056815796586666023e-01 6.176980736746666700e-01 7.444075766400003180e-02
2.168506367999996094e-03 3.054206675626665590e-01 6.178531457706667451e-01 7.455768029866667590e-02
2.157461365333330702e-03 3.051598025706666606e-01 6.180080107626666486e-01 7.467472530133333064e-02
2.146453930666664383e-03 3.048989848746666009e-01 6.181626684586666309e-01 7.479189273600002352e-02
2.135483999999998692e-03 3.046382146666666291e-01 6.183171186666667207e-01 7.490918266666668490e-02
2.124551509333332151e-03 3.043774921386666610e-01 6.184713611946666134e-01 7.502659515733335616e-02
2.113656394666666750e-03 3.041168174826667236e-01 6.186253958506666706e-01 7.514413027200000927e-02
2.102798592000001011e-03 3.038561908906667330e-01 6.187792224426665877e-01 7.526178807466665788e-02
2.091978037333332586e-03 3.035956125546666051e-01 6.189328407786667263e-01 7.537956862933335722e-02
2.081194666666666936e-03 3.033350826666666444e-01 6.190862506666666709e-01 7.549747200000000991e-02
2.070448415999995642e-03 3.030746014186666004e-01 6.192394519146666720e-01 7.561549825066669894e-02
2.059739221333330237e-03 3.028141690026665556e-01 6.193924443306666472e-01 7.573364744533335469e-02
2.049067018666664904e-03 3.025537856106666479e-01 6.195452277226666249e-01 7.585191964800000464e-02
2.038431743999998165e-03 3.022934514346666823e-01 6.196978018986667447e-01 7.597031492266667629e-02
2.027833333333332877e-03 3.020331666666666859e-01 6.198501666666667020e-01 7.608883333333332777e-02
2.017271722666666260e-03 3.017729314986666300e-01 6.200023218346666365e-01 7.620747494400002819e-02
2.006746848000000739e-03 3.015127461226667083e-01 6.201542672106665766e-01 7.632623981866668017e-02
1.996258645333335267e-03 3.012526107306667256e-01 6.203060026026666618e-01 7.644512802133332507e-02
1.985807050666664030e-03 3.009925255146666534e-01 6.204575278186666987e-01 7.656413961600001816e-02
1.975391999999998559e-03 3.007324906666666298e-01 6.206088426666667157e-01 7.668327466666668979e-02
1.965013429333330001e-03 3.004725063786665706e-01 6.207599469546667414e-01 7.680253323733335358e-02
1.954671274666664686e-03 3.002125728426665585e-01 6.209108404906666934e-01 7.692191539200000927e-02
1.944365471999999180e-03 2.999526902506665649e-01 6.210615230826666000e-01 7.704142119466665661e-02
1.934095957333332658e-03 2.996928587946665612e-01 6.212119945386667119e-01 7.716105070933336474e-02
1.923862666666667108e-03 2.994330786666666300e-01 6.213622546666667246e-01 7.728080400000000849e-02
1.913665536000000618e-03 2.991733500586666317e-01 6.215123032746667775e-01 7.740068113066669864e-02
1.903504501333334962e-03 2.989136731626666488e-01 6.216621401706666772e-01 7.752068216533335165e-02
1.893379498666669528e-03 2.986540481706667083e-01 6.218117651626666742e-01 7.764080716800000892e-02
1.883290464000001102e-03 2.983944752746666706e-01 6.219611780586666860e-01 7.776105620266668406e-02
1.873237333333335579e-03 2.981349546666666739e-01 6.221103786666666302e-01 7.788142933333333517e-02
1.863220042666661721e-03 2.978754865386665229e-01 6.222593667946667573e-01 7.800192662400003141e-02
1.853238527999996263e-03 2.976160710826665778e-01 6.224081422506667627e-01 7.812254813866668923e-02
1.843292725333330571e-03 2.973567084906665881e-01 6.225567048426665639e-01 7.824329394133333615e-02
1.833382570666664251e-03 2.970973989546666361e-01 6.227050543786666337e-01 7.836416409600002742e-02
1.823507999999998425e-03 2.968381426666666378e-01 6.228531906666666673e-01 7.848515866666667951e-02
1.813668949333332048e-03 2.965789398186666759e-01 6.230011135146666934e-01 7.860627771733334768e-02
1.803865354666666461e-03 2.963197906026667217e-01 6.231488227306667405e-01 7.872752131200000392e-02
1.794097152000000833e-03 2.960606952106666911e-01 6.232963181226667260e-01 7.884888951466666185e-02
1.784364277333329784e-03 2.958016538346665558e-01 6.234435994986666785e-01 7.897038238933336285e-02
1.774666666666664411e-03 2.955426666666666202e-01 6.235906666666667375e-01 7.909200000000000952e-02
1.765004255999998682e-03 2.952837338986666893e-01 6.237375194346667096e-01 7.921374241066665711e-02
1.755376981333330467e-03 2.950248557226666235e-01 6.238841576106666231e-01 7.933560968533334701e-02
1.745784778666664792e-03 2.947660323306666164e-01 6.240305810026667288e-01 7.945760188800000956e-02
1.736227583999998226e-03 2.945072639146666393e-01 6.241767894186667220e-01 7.957971908266668615e-02
1.726705333333332761e-03 2.942485506666666639e-01 6.243227826666666314e-01 7.970196133333333488e-02
1.717217962666666917e-03 2.939898927786667171e-01 6.244685605546667073e-01 7.982432870399999714e-02
1.707765408000000516e-03 2.937312904426666593e-01 6.246141228906666454e-01 7.994682125866668654e-02
1.698347605333334898e-03 2.934727438506667396e-01 6.247594694826665851e-01 8.006943906133333344e-02
1.688964490666666632e-03 2.932142531946666519e-01 6.249046001386666660e-01 8.019218217600002085e-02
1.679616000000001179e-03 2.929558186666666453e-01 6.250495146666666946e-01 8.031505066666669301e-02
1.670302069333335542e-03 2.926974404586666911e-01 6.251942128746665883e-01 8.043804459733333578e-02
1.661022634666664772e-03 2.924391187626665389e-01 6.253386945706667088e-01 8.056116403200000442e-02
1.651777631999998882e-03 2.921808537706666042e-01 6.254829595626667516e-01 8.068440903466667091e-02
1.642566997333332274e-03 2.919226456746665810e-01 6.256270076586667450e-01 8.080777966933336276e-02
1.633390666666666938e-03 2.916644946666666627e-01 6.257708386666667177e-01 8.093127600000001032e-02
1.624248576000001179e-03 2.914064009386666543e-01 6.259144523946666983e-01 8.105489809066666884e-02
1.615140661333334601e-03 2.911483646826666938e-01 6.260578486506667151e-01 8.117864600533335195e-02
1.606066858666668979e-03 2.908903860906666416e-01 6.262010272426666857e-01 8.130251980800000389e-02
1.597027103999995677e-03 2.906324653546666359e-01 6.263439879786667497e-01 8.142651956266669377e-02
1.588021333333329912e-03 2.903746026666666480e-01 6.264867306666667135e-01 8.155064533333333809e-02
1.579049482666664353e-03 2.901167982186667049e-01 6.266292551146666057e-01 8.167489718399999210e-02
1.570111487999996435e-03 2.898590522026666116e-01 6.267715611306666768e-01 8.179927517866668329e-02
1.561207285333330533e-03 2.896013648106666172e-01 6.269136485226667332e-01 8.192377938133334203e-02
1.552336810666664086e-03 2.893437362346665820e-01 6.270555170986666926e-01 8.204840985600003744e-02
1.543499999999998432e-03 2.890861666666665886e-01 6.271971666666666945e-01 8.217316666666668601e-02
1.534696789333332744e-03 2.888286562986666639e-01 6.273385970346666562e-01 8.229804987733332911e-02
1.525927114666666192e-03 2.885712053226666685e-01 6.274798080106667175e-01 8.242305955200002199e-02
1.517190912000000334e-03 2.883138139306666847e-01 6.276207994026666848e-01 8.254819575466666726e-02
1.508488117333332389e-03 2.880564823146665732e-01 6.277615710186666975e-01 8.267345854933336180e-02
1.499818666666666517e-03 2.877992106666666383e-01 6.279021226666666733e-01 8.279884800000000822e-02
1.491182496000001021e-03 2.875419991786666296e-01 6.280424541546667516e-01 8.292436417066666177e-02
1.482579541333330303e-03 2.872848480426666296e-01 6.281825652906667390e-01 8.305000712533334994e-02
1.474009738666664593e-03 2.870277574506666096e-01 6.283224558826665529e-01 8.317577692800000311e-02
1.465473023999998292e-03 2.867707275946665968e-01 6.284621257386666660e-01 8.330167364266669039e-02
1.456969333333332306e-03 2.865137586666666736e-01 6.286015746666666626e-01 8.342769733333334214e-02
1.448498602666666675e-03 2.862568508586667004e-01 6.287408024746666824e-01 8.355384806399998587e-02
1.440060768000000352e-03 2.860000043626666488e-01 6.288798089706666428e-01 8.368012589866669071e-02
1.431655765333334461e-03 2.857432193706667678e-01 6.290185939626666833e-01 8.380653090133334537e-02
1.423283530666664271e-03 2.854864960746665847e-01 6.291571572586667216e-01 8.393306313600003288e-02
1.414943999999998493e-03 2.852298346666666817e-01 6.292954986666666750e-01 8.405972266666668358e-02
1.406637109333332830e-03 2.849732353386666972e-01 6.294336179946666832e-01 8.418650955733333885e-02
1.398362794666664502e-03 2.847166982826665471e-01 6.295715150506666635e-01 8.431342387200001232e-02
1.390120991999998969e-03 2.844602236906665915e-01 6.297091896426667557e-01 8.444046567466667597e-02
1.381911637333332150e-03 2.842038117546665799e-01 6.298466415786667660e-01 8.456763502933335730e-02
1.373734666666666685e-03 2.839474626666666501e-01 6.299838706666667232e-01 8.469493200000001443e-02
1.365590016000000880e-03 2.836911766186666628e-01 6.301208767146666556e-01 8.482235665066666097e-02
1.357477621333334121e-03 2.834349538026667004e-01 6.302576595306668139e-01 8.494990904533336606e-02
1.349397418666668401e-03 2.831787944106666788e-01 6.303942189226667825e-01 8.507758924800001843e-02
1.341349344000000504e-03 2.829226986346665695e-01 6.305305546986667009e-01 8.520539732266668720e-02
1.333333333333334590e-03 2.826666666666666217e-01 6.306666666666667087e-01 8.533333333333334436e-02
1.325349322666668963e-03 2.824106986986666401e-01 6.308025546346667234e-01 8.546139734399998966e-02
1.317397247999996289e-03 2.821547949226665963e-01 6.309382184106666625e-01 8.558958941866667836e-02
1.309477045333330703e-03 2.818989555306666284e-01 6.310736578026666654e-01 8.571790962133334080e-02
1.301588650666664218e-03 2.816431807146665967e-01 6.312088726186666499e-01 8.584635801600003224e-02
1.293731999999998394e-03 2.813874706666666392e-01 6.313438626666666442e-01 8.597493466666669693e-02
1.285907029333332617e-03 2.811318255786666720e-01 6.314786277546666771e-01 8.610363963733334847e-02
1.278113674666666059e-03 2.808762456426666110e-01 6.316131676906666659e-01 8.623247299200001437e-02
1.270351872000000278e-03 2.806207310506667052e-01 6.317474822826667502e-01 8.636143479466668049e-02
1.262621557333330107e-03 2.803652819946665375e-01 6.318815713386667365e-01 8.649052510933336047e-02
1.254922666666664259e-03 2.801098986666666346e-01 6.320154346666666534e-01 8.661974400000001240e-02
1.247255135999998437e-03 2.798545812586666348e-01 6.321490720746667513e-01 8.674909153066666379e-02
1.239618901333330511e-03 2.795993299626665651e-01 6.322824833706666148e-01 8.687856776533335601e-02
1.232013898666664640e-03 2.793441449706666191e-01 6.324156683626667164e-01 8.700817276800001943e-02
1.224440063999998260e-03 2.790890264746666571e-01 6.325486268586666405e-01 8.713790660266668153e-02
1.216897333333332495e-03 2.788339746666666508e-01 6.326813586666666378e-01 8.726776933333334207e-02
1.209385642666666733e-03 2.785789897386666825e-01 6.328138635946667367e-01 8.739776102400000080e-02
1.201904928000000145e-03 2.783240718826666682e-01 6.329461414506666328e-01 8.752788173866668520e-02
1.194455125333334288e-03 2.780692212906667460e-01 6.330781920426666876e-01 8.765813154133333951e-02
1.187036170666668335e-03 2.778144381546667208e-01 6.332100151786665965e-01 8.778851049599999123e-02
1.179648000000000372e-03 2.775597226666666195e-01 6.333416106666666101e-01 8.791901866666669563e-02
1.172290549333334557e-03 2.773050750186666913e-01 6.334729783146666460e-01 8.804965611733334141e-02
1.164963754666664643e-03 2.770504954026665190e-01 6.336041179306666216e-01 8.818042291200001159e-02
1.157667551999998689e-03 2.767959840106665181e-01 6.337350293226666764e-01 8.831131911466666429e-02
1.150401877333332833e-03 2.765415410346666047e-01 6.338657122986667281e-01 8.844234478933331312e-02
1.143166666666666463e-03 2.762871666666665837e-01 6.339961666666666940e-01 8.857350000000002721e-02
1.135961856000000702e-03 2.760328610986666487e-01 6.341263922346667137e-01 8.870478481066666754e-02
1.128787381333333853e-03 2.757786245226666044e-01 6.342563888106667047e-01 8.883619928533335874e-02
1.121643178666668125e-03 2.755244571306666446e-01 6.343861562026666956e-01 8.896774348800001730e-02
1.114529184000002037e-03 2.752703591146666851e-01 6.345156942186667148e-01 8.909941748266665684e-02
1.107445333333330426e-03 2.750163306666666974e-01 6.346450026666666799e-01 8.923122133333333261e-02
1.100391562666664606e-03 2.747623719786666530e-01 6.347740813546667304e-01 8.936315510399998885e-02
1.093367807999996808e-03 2.745084832426665233e-01 6.349029300906666728e-01 8.949521885866669468e-02
1.086374005333330759e-03 2.742546646506666130e-01 6.350315486826667577e-01 8.962741266133333884e-02
1.079410090666664979e-03 2.740009163946666160e-01 6.351599369386666805e-01 8.975973657600000433e-02
1.072475999999998424e-03 2.737472386666666146e-01 6.352880946666666917e-01 8.989219066666669089e-02
1.065571669333332432e-03 2.734936316586666361e-01 6.354160216746667089e-01 9.002477499733334276e-02
1.058697034666665959e-03 2.732400955626666517e-01 6.355437177706666496e-01 9.015748963200001520e-02
1.051852032000000128e-03 2.729866305706667440e-01 6.356711827626666533e-01 9.029033463466668019e-02
1.045036597333334110e-03 2.727332368746667179e-01 6.357984164586667486e-01 9.042331006933332360e-02
1.038250666666666209e-03 2.724799146666666005e-01 6.359254186666667419e-01 9.055641600000002844e-02
1.031494176000000368e-03 2.722266641386666408e-01 6.360521891946666617e-01 9.068965249066666956e-02
1.024767061333330771e-03 2.719734854826665327e-01 6.361787278506666476e-01 9.082301960533337160e-02
1.018069258666664829e-03 2.717203788906666362e-01 6.363050344426666172e-01 9.095651740800002327e-02
1.011400703999998894e-03 2.714673445546666453e-01 6.364311087786667098e-01 9.109014596266667985e-02
1.004761333333332356e-03 2.712143826666666424e-01 6.365569506666667321e-01 9.122390533333334106e-02
9.981510826666665538e-04 2.709614934186667101e-01 6.366825599146666015e-01 9.135779558399999278e-02
9.915698879999997918e-04 2.707086770026667089e-01 6.368079363306666796e-01 9.149181677866670415e-02
9.850176853333338436e-04 2.704559336106667211e-01 6.369330797226666618e-01 9.162596898133333612e-02
9.784944106666680977e-04 2.702032634346667739e-01 6.370579898986666878e-01 9.176025225599999946e-02
9.719999999999983644e-04 2.699506666666666166e-01 6.371826666666666750e-01 9.189466666666669392e-02
9.655343893333323806e-04 2.696981434986666648e-01 6.373071098346666519e-01 9.202921227733334986e-02
9.590975146666646557e-04 2.694456941226665014e-01 6.374313192106666470e-01 9.216388915200000864e-02
9.526893119999988065e-04 2.691933187306665420e-01 6.375552946026666890e-01 9.229869735466668390e-02
9.463097173333328118e-04 2.689410175146665916e-01 6.376790358186665841e-01 9.243363694933331987e-02
9.399586666666661684e-04 2.686887906666666215e-01 6.378025426666666942e-01 9.256870800000001343e-02
9.336360960000003248e-04 2.684366383786666033e-01 6.379258149546667145e-01 9.270391057066666718e-02
9.273419413333338019e-04 2.681845608426666194e-01 6.380488524906666736e-01 9.283924472533336414e-02
9.210761386666678312e-04 2.679325582506666414e-01 6.381716550826667111e-01 9.297471052800002078e-02
9.148386240000016927e-04 2.676806307946666963e-01 6.382942225386666335e-01 9.311030804266666461e-02
9.086293333333340157e-04 2.674287786666666444e-01 6.384165546666666913e-01 9.324603733333335087e-02
9.024482026666680919e-04 2.671770020586666794e-01 6.385386512746666909e-01 9.338189846399999605e-02
8.962951679999969128e-04 2.669253011626665506e-01 6.386605121706666610e-01 9.351789149866669704e-02
8.901701653333309256e-04 2.666736761706666181e-01 6.387821371626667410e-01 9.365401650133334255e-02
8.840731306666649650e-04 2.664221272746666314e-01 6.389035260586666265e-01 9.379027353600000172e-02
8.780039999999984194e-04 2.661706546666666173e-01 6.390246786666666790e-01 9.392666266666668817e-02
8.719627093333324119e-04 2.659192585386666585e-01 6.391455947946667049e-01 9.406318395733334614e-02
8.659491946666658972e-04 2.656679390826666709e-01 6.392662742506666218e-01 9.419983747200001700e-02
8.599633919999997815e-04 2.654166964906666260e-01 6.393867168426666803e-01 9.433662327466667274e-02
8.540052373333337785e-04 2.651655309546666617e-01 6.395069223786666868e-01 9.447354142933332699e-02
8.480746666666644576e-04 2.649144426666666385e-01 6.396268906666666698e-01 9.461059200000002112e-02
8.421716159999984713e-04 2.646634318186665835e-01 6.397466215146667690e-01 9.474777505066667160e-02
8.362960213333309797e-04 2.644124986026665791e-01 6.398661147306666797e-01 9.488509064533337534e-02
8.304478186666649489e-04 2.641616432106666523e-01 6.399853701226667635e-01 9.502253884800002104e-02
8.246269439999988999e-04 2.639108658346666081e-01 6.401043874986666049e-01 9.516011972266667784e-02
8.188333333333322212e-04 2.636601666666666399e-01 6.402231666666666765e-01 9.529783333333334550e-02
8.130669226666662527e-04 2.634095458986666638e-01 6.403417074346666737e-01 9.543567974400000986e-02
8.073276479999997321e-04 2.631590037226667067e-01 6.404600096106667362e-01 9.557365901866669844e-02
8.016154453333336743e-04 2.629085403306666846e-01 6.405780730026666703e-01 9.571177122133335546e-02
7.959302506666675759e-04 2.626581559146667355e-01 6.406958974186667266e-01 9.585001641600000843e-02
7.902719999999999580e-04 2.624078506666666089e-01 6.408134826666667117e-01 9.598839466666669873e-02
7.846406293333340037e-04 2.621576247786666647e-01 6.409308285546666539e-01 9.612690603733334282e-02
7.790360746666679086e-04 2.619074784426667080e-01 6.410479348906665820e-01 9.626555059199999598e-02
7.734582719999987845e-04 2.616574118506665436e-01 6.411648014826667463e-01 9.640432839466668569e-02
7.679071573333326331e-04 2.614074251946665872e-01 6.412814281386667314e-01 9.654323950933332843e-02
7.623826666666661325e-04 2.611575186666665882e-01 6.413978146666667879e-01 9.668228400000003497e-02
7.568847360000000805e-04 2.609076924586666291e-01 6.415139608746667221e-01 9.682146193066668016e-02
7.514133013333340822e-04 2.606579467626666258e-01 6.416298665706666737e-01 9.696077336533333313e-02
7.459682986666675260e-04 2.604082817706666053e-01 6.417455315626666712e-01 9.710021836800003525e-02
7.405496640000013182e-04 2.601586976746667057e-01 6.418609556586667431e-01 9.723979700266667525e-02
7.351573333333308357e-04 2.599091946666666764e-01 6.419761386666666958e-01 9.737950933333335002e-02
7.297912426666647908e-04 2.596597729386667108e-01 6.420910803946666690e-01 9.751935542400000378e-02
7.244513279999986689e-04 2.594104326826666695e-01 6.422057806506666910e-01 9.765933533866666405e-02
7.191375253333310994e-04 2.591611740906665795e-01 6.423202392426665686e-01 9.779944914133334444e-02
7.138497706666650485e-04 2.589119973546665787e-01 6.424344559786666631e-01 9.793969689600000306e-02
7.085879999999984951e-04 2.586629026666666387e-01 6.425484306666666701e-01 9.808007866666669516e-02
7.033521493333323455e-04 2.584138902186666198e-01 6.426621631146666180e-01 9.822059451733335111e-02
6.981421546666663133e-04 2.581649602026666601e-01 6.427756531306666465e-01 9.836124451200001229e-02
6.929579519999997869e-04 2.579161128106667311e-01 6.428889005226667841e-01 9.850202871466667842e-02
6.877994773333336725e-04 2.576673482346666932e-01 6.430019050986666151e-01 9.864294718933333539e-02
6.826666666666660575e-04 2.574186666666666290e-01 6.431146666666667233e-01 9.878400000000002457e-02
6.775594560000000165e-04 2.571700682986666209e-01 6.432271850346666930e-01 9.892518721066667631e-02
6.724777813333338537e-04 2.569215533226666404e-01 6.433394600106666639e-01 9.906650888533333199e-02
6.674215786666650059e-04 2.566731219306666034e-01 6.434514914026667753e-01 9.920796508800003299e-02
6.623907839999988246e-04 2.564247743146665925e-01 6.435632790186666119e-01 9.934955588266668192e-02
6.573853333333323128e-04 2.561765106666666347e-01 6.436748226666666461e-01 9.949128133333336177e-02
6.524051626666661600e-04 2.559283311786666459e-01 6.437861221546666846e-01 9.963314150400001679e-02
6.474502080000000799e-04 2.556802360426667087e-01 6.438971772906666446e-01 9.977513645866666059e-02
6.425204053333334608e-04 2.554322254506666834e-01 6.440079878826666659e-01 9.991726626133334843e-02
6.376156906666673174e-04 2.551842995946667081e-01 6.441185537386666660e-01 1.000595309759999968e-01
6.327359999999984360e-04 2.549364586666665877e-01 6.442288746666666732e-01 1.002019306666667164e-01
6.278812693333323848e-04 2.546887028586666268e-01 6.443389504746666052e-01 1.003444653973333545e-01
6.230514346666662755e-04 2.544410323626666859e-01 6.444487809706667125e-01 1.004871352319999939e-01
6.182464319999988458e-04 2.541934473706665143e-01 6.445583659626665796e-01 1.006299402346666760e-01
6.134661973333326284e-04 2.539459480746665831e-01 6.446677052586666790e-01 1.007728804693333313e-01
6.087106666666660358e-04 2.536985346666665864e-01 6.447767986666667062e-01 1.009159560000000289e-01
6.039797759999998659e-04 2.534512073386666065e-01 6.448856459946666897e-01 1.010591668906666851e-01
5.992734613333337238e-04 2.532039662826666704e-01 6.449942470506666581e-01 1.012025132053333276e-01
5.945916586666672148e-04 2.529568116906666941e-01 6.451026016426667509e-01 1.013459950080000394e-01
5.899343040000011367e-04 2.527097437546666492e-01 6.452107095786666635e-01 1.014896123626666813e-01
5.853013333333336853e-04 2.524627626666666180e-01 6.453185706666666466e-01 1.016333653333333642e-01
5.806926826666675015e-04 2.522158686186666832e-01 6.454261847146667286e-01 1.017772539840000046e-01
5.761082880000013232e-04 2.519690618026666495e-01 6.455335515306666050e-01 1.019212783786666576e-01
5.715480853333313946e-04 2.517223424106665997e-01 6.456406709226667484e-01 1.020654385813333509e-01
5.670120106666651271e-04 2.514757106346665605e-01 6.457475426986666323e-01 1.022097346560000147e-01
5.624999999999986565e-04 2.512291666666666146e-01 6.458541666666666181e-01 1.023541666666667044e-01
5.580119893333323469e-04 2.509827106986666778e-01 6.459605426346666235e-01 1.024987346773333502e-01
5.535479146666662372e-04 2.507363429226666107e-01 6.460666704106665659e-01 1.026434387520000213e-01
5.491077119999996075e-04 2.504900635306666623e-01 6.461725498026666958e-01 1.027882789546666759e-01
5.446913173333334723e-04 2.502438727146666375e-01 6.462781806186665978e-01 1.029332553493333413e-01
5.402986666666648348e-04 2.499977706666666188e-01 6.463835626666667444e-01 1.030783680000000313e-01
5.359296959999987212e-04 2.497517575786666055e-01 6.464886957546667201e-01 1.032236169706666901e-01
5.315843413333325683e-04 2.495058336426666523e-01 6.465935796906666644e-01 1.033690023253333312e-01
5.272625386666651140e-04 2.492599990506666197e-01 6.466982142826667168e-01 1.035145241280000239e-01
5.229642239999988907e-04 2.490142539946666178e-01 6.468025993386665728e-01 1.036601824426666707e-01
5.186893333333324196e-04 2.487685986666666182e-01 6.469067346666665941e-01 1.038059773333333685e-01
5.144378026666661732e-04 2.485230332586666757e-01 6.470106200746665870e-01 1.039519088640000061e-01
5.102095679999999736e-04 2.482775579626666784e-01 6.471142553706666911e-01 1.040979770986666664e-01
5.060045653333333174e-04 2.480321729706666811e-01 6.472176403626666019e-01 1.042441821013333492e-01
5.018227306666672195e-04 2.477868784746667663e-01 6.473207748586666810e-01 1.043905239360000126e-01
4.976639999999997671e-04 2.475416746666666001e-01 6.474236586666666238e-01 1.045370026666667118e-01
4.935283093333336013e-04 2.472965617386666259e-01 6.475262915946666809e-01 1.046836183573333634e-01
4.894155946666673513e-04 2.470515398826666487e-01 6.476286734506666587e-01 1.048303710720000087e-01
4.853257919999988878e-04 2.468066092906665843e-01 6.477308040426668079e-01 1.049772608746666752e-01
4.812588373333326407e-04 2.465617701546665985e-01 6.478326831786667128e-01 1.051242878293333488e-01
4.772146666666661008e-04 2.463170226666665796e-01 6.479343106666667351e-01 1.052714520000000292e-01
4.731932159999998493e-04 2.460723670186666379e-01 6.480356863146666813e-01 1.054187534506666746e-01
4.691944213333335998e-04 2.458278034026666337e-01 6.481368099306666908e-01 1.055661922453333262e-01
4.652182186666670117e-04 2.455833320106666218e-01 6.482376813226666812e-01 1.057137684480000256e-01
4.612645440000007744e-04 2.453389530346666847e-01 6.483383002986666810e-01 1.058614821226666891e-01
4.573333333333345473e-04 2.450946666666666829e-01 6.484386666666667187e-01 1.060093333333333304e-01
4.534245226666650083e-04 2.448504730986666433e-01 6.485387802346667119e-01 1.061573221440000186e-01
4.495380479999988100e-04 2.446063725226667041e-01 6.486386408106666890e-01 1.063054486186666564e-01
4.456738453333315459e-04 2.443623651306665867e-01 6.487382482026666786e-01 1.064537128213333544e-01
4.418318506666653149e-04 2.441184511146665959e-01 6.488376022186667091e-01 1.066021148160000154e-01
4.380119999999990718e-04 2.438746306666666197e-01 6.489367026666665872e-01 1.067506546666666528e-01
4.342142293333324217e-04 2.436309039786666297e-01 6.490355493546666743e-01 1.068993324373333637e-01
4.304384746666662168e-04 2.433872712426666252e-01 6.491341420906666659e-01 1.070481481920000227e-01
4.266846719999995742e-04 2.431437326506666885e-01 6.492324806826667016e-01 1.071971019946666853e-01
4.229527573333334003e-04 2.429002883946667080e-01 6.493305649386666989e-01 1.073461939093333373e-01
4.192426666666671377e-04 2.426569386666667383e-01 6.494283946666665752e-01 1.074954239999999783e-01
4.155543359999997952e-04 2.424136836586666122e-01 6.495259696746666922e-01 1.076447923306666915e-01
4.118877013333335259e-04 2.421705235626666064e-01 6.496232897706666343e-01 1.077942989653333378e-01
4.082426986666652787e-04 2.419274585706666092e-01 6.497203547626666520e-01 1.079439439680000418e-01
4.046192639999990500e-04 2.416844888746665920e-01 6.498171644586666629e-01 1.080937274026666783e-01
4.010173333333327101e-04 2.414416146666666652e-01 6.499137186666666954e-01 1.082436493333333305e-01
3.974368426666661353e-04 2.411988361386666335e-01 6.500100171946666672e-01 1.083937098240000257e-01
3.938777279999998524e-04 2.409561534826666629e-01 6.501060598506667176e-01 1.085439089386666667e-01
3.903399253333332498e-04 2.407135668906666692e-01 6.502018464426666533e-01 1.086942467413333641e-01
3.868233706666670169e-04 2.404710765546667073e-01 6.502973767786666137e-01 1.088447232960000066e-01
3.833280000000007046e-04 2.402286826666667208e-01 6.503926506666666274e-01 1.089953386666666635e-01
3.798537493333324546e-04 2.399863854186666257e-01 6.504876679146666119e-01 1.091460929173333622e-01
3.764005546666662088e-04 2.397441850026666432e-01 6.505824283306665956e-01 1.092969861120000191e-01
3.729683519999989704e-04 2.395020816106665507e-01 6.506769317226667182e-01 1.094480183146666896e-01
3.695570773333327298e-04 2.392600754346665692e-01 6.507711778986666751e-01 1.095991895893333318e-01
3.661666666666664417e-04 2.390181666666665872e-01 6.508651666666667168e-01 1.097505000000000008e-01
3.627970559999997655e-04 2.387763554986666314e-01 6.509588978346667609e-01 1.099019496106666827e-01
3.594481813333334991e-04 2.385346421226666180e-01 6.510523712106666139e-01 1.100535384853333493e-01
3.561199786666669224e-04 2.382930267306666294e-01 6.511455866026667483e-01 1.102052666880000420e-01
3.528123840000005622e-04 2.380515095146666926e-01 6.512385438186667486e-01 1.103571342826666912e-01
3.495253333333342947e-04 2.378100906666666958e-01 6.513312426666666433e-01 1.105091413333333383e-01
3.462587626666670205e-04 2.375687703786666383e-01 6.514236829546666829e-01 1.106612879040000247e-01
3.430126080000007300e-04 2.373275488426666857e-01 6.515158644906666741e-01 1.108135740586666668e-01
3.397868053333317215e-04 2.370864262506665598e-01 6.516077870826666452e-01 1.109659998613333753e-01
3.365812906666654008e-04 2.368454027946665930e-01 6.516994505386666248e-01 1.111185653760000253e-01
3.333959999999991505e-04 2.366044786666666178e-01 6.517908546666666414e-01 1.112712706666666718e-01
3.302308693333325757e-04 2.363636540586666335e-01 6.518819992746666125e-01 1.114241157973333701e-01
3.270858346666662034e-04 2.361229291626666671e-01 6.519728841706666778e-01 1.115771008320000091e-01
3.239608319999995843e-04 2.358823041706666346e-01 6.520635091626666435e-01 1.117302258346666993e-01
3.208557973333332454e-04 2.356417792746667017e-01 6.521538740586666494e-01 1.118834908693333297e-01
3.177706666666669545e-04 2.354013546666667012e-01 6.522439786666667239e-01 1.120368959999999831e-01
3.147053759999989073e-04 2.351610305386666044e-01 6.523338227946666734e-01 1.121904412906667009e-01
3.116598613333326122e-04 2.349208070826666328e-01 6.524234062506666376e-01 1.123441268053333442e-01
3.086340586666654518e-04 2.346806844906666190e-01 6.525127288426667560e-01 1.124979526080000375e-01
3.056279039999990912e-04 2.344406629546666176e-01 6.526017903786666130e-01 1.126519187626666835e-01
3.026413333333327562e-04 2.342007426666666559e-01 6.526905906666666812e-01 1.128060253333333374e-01
2.996742826666661604e-04 2.339609238186666496e-01 6.527791295146666561e-01 1.129602723840000267e-01
2.967266879999998306e-04 2.337212066026667090e-01 6.528674067306666773e-01 1.131146599786666679e-01
2.937984853333332094e-04 2.334815912106666669e-01 6.529554221226666622e-01 1.132691881813333579e-01
2.908896106666668236e-04 2.332420778346667167e-01 6.530431754986666393e-01 1.134238570560000131e-01
2.880000000000004952e-04 2.330026666666667190e-01 6.531306666666666372e-01 1.135786666666666611e-01
2.851295893333333415e-04 2.327633578986666174e-01 6.532178954346666844e-01 1.137336170773333710e-01
2.822783146666669736e-04 2.325241517226666332e-01 6.533048616106666984e-01 1.138887083520000176e-01
2.794461119999990992e-04 2.322850483306665437e-01 6.533915650026667077e-01 1.140439405546666979e-01
2.766329173333327389e-04 2.320460479146665700e-01 6.534780054186666298e-01 1.141993137493333560e-01
2.738386666666663594e-04 2.318071506666666004e-01 6.535641826666667153e-01 1.143548280000000056e-01
2.710632959999997285e-04 2.315683567786665786e-01 6.536500965546666597e-01 1.145104833706667019e-01
2.683067413333334273e-04 2.313296664426666704e-01 6.537357468906667135e-01 1.146662799253333337e-01
2.655689386666667900e-04 2.310910798506666253e-01 6.538211334826666832e-01 1.148222177280000533e-01
2.628498240000003974e-04 2.308525971946666644e-01 6.539062561386667083e-01 1.149782968426666940e-01
2.601493333333340175e-04 2.306142186666666483e-01 6.539911146666665953e-01 1.151345173333333527e-01
2.574674026666654123e-04 2.303759444586666594e-01 6.540757088746667058e-01 1.152908792640000152e-01
2.548039679999990659e-04 2.301377747626666692e-01 6.541600385706667353e-01 1.154473826986666812e-01
2.521589653333319815e-04 2.298997097706665660e-01 6.542441035626667123e-01 1.156040277013333784e-01
2.495323306666656074e-04 2.296617496746665987e-01 6.543279036586666653e-01 1.157608143360000230e-01
2.469239999999992235e-04 2.294238946666666279e-01 6.544114386666666228e-01 1.159177426666666705e-01
2.443339093333325978e-04 2.291861449386666250e-01 6.544947083946666133e-01 1.160748127573333621e-01
2.417619946666662027e-04 2.289485006826666447e-01 6.545777126506666654e-01 1.162320246720000144e-01
2.392081919999998333e-04 2.287109620906666585e-01 6.546604512426665856e-01 1.163893784746666688e-01
2.366724373333332302e-04 2.284735293546666934e-01 6.547429239786666244e-01 1.165468742293333387e-01
2.341546666666668389e-04 2.282362026666666932e-01 6.548251306666665883e-01 1.167045119999999964e-01
2.316548159999997497e-04 2.279989822186665738e-01 6.549070711146667279e-01 1.168622918506666969e-01
2.291728213333333567e-04 2.277618682026666397e-01 6.549887451306666275e-01 1.170202138453333429e-01
2.267086186666669397e-04 2.275248608106666681e-01 6.550701525226667599e-01 1.171782780479999897e-01
2.242621439999992097e-04 2.272879602346666306e-01 6.551512930986667094e-01 1.173364845226666925e-01
2.218333333333327804e-04 2.270511666666666650e-01 6.552321666666667266e-01 1.174948333333333400e-01
2.194221226666661728e-04 2.268144802986666597e-01 6.553127730346666180e-01 1.176533245440000153e-01
2.170284479999997783e-04 2.265779013226666416e-01 6.553931120106666341e-01 1.178119582186666764e-01
2.146522453333333646e-04 2.263414299306666932e-01 6.554731834026665815e-01 1.179707344213333231e-01
2.122934506666667267e-04 2.261050663146667028e-01 6.555529870186667107e-01 1.181296532160000246e-01
2.099520000000003642e-04 2.258688106666666973e-01 6.556325226666666062e-01 1.182887146666666695e-01
2.076278293333326357e-04 2.256326631786666204e-01 6.557117901546666294e-01 1.184479188373333686e-01
2.053208746666662090e-04 2.253966240426666379e-01 6.557907892906666980e-01 1.186072657920000245e-01
2.030310719999998221e-04 2.251606934506666657e-01 6.558695198826666184e-01 1.187667555946666786e-01
2.007583573333327821e-04 2.249248715946665367e-01 6.559479817386666411e-01 1.189263883093333446e-01
1.985026666666663475e-04 2.246891586666666107e-01 6.560261746666666838e-01 1.190861640000000082e-01
1.962639359999997170e-04 2.244535548586666096e-01 6.561040984746666638e-01 1.192460827306666971e-01
1.940421013333333089e-04 2.242180603626665880e-01 6.561817529706667207e-01 1.194061445653333553e-01
1.918370986666668911e-04 2.239826753706666285e-01 6.562591379626666610e-01 1.195663495680000105e-01
1.896488640000002586e-04 2.237474000746666469e-01 6.563362532586667353e-01 1.197266978026667039e-01
1.874773333333338296e-04 2.235122346666666704e-01 6.564130986666667500e-01 1.198871893333333521e-01
1.853224426666668029e-04 2.232771793386666426e-01 6.564896739946666226e-01 1.200478242240000382e-01
1.831841280000003557e-04 2.230422342826666460e-01 6.565659790506666038e-01 1.202086025386666784e-01
1.810623253333339306e-04 2.228073996906667076e-01 6.566420136426667220e-01 1.203695243413333282e-01
1.789569706666657505e-04 2.225726757546665768e-01 6.567177775786666727e-01 1.205305896960000289e-01
1.768679999999993237e-04 2.223380626666665860e-01 6.567932706666665954e-01 1.206917986666666692e-01
1.747953493333326833e-04 2.221035606186665956e-01 6.568684927146666297e-01 1.208531513173333738e-01
1.727389546666662477e-04 2.218691698026666326e-01 6.569434435306666931e-01 1.210146477120000313e-01
1.706987519999998118e-04 2.216348904106666684e-01 6.570181229226665920e-01 1.211762879146666833e-01
1.686746773333331706e-04 2.214007226346667023e-01 6.570925306986666881e-01 1.213380719893333570e-01
1.666666666666667424e-04 2.211666666666667058e-01 6.571666666666666767e-01 1.214999999999999969e-01
1.646746559999991838e-04 2.209327226986665949e-01 6.572405306346666976e-01 1.216620720106666997e-01
1.626985813333327563e-04 2.206988909226666462e-01 6.573141224106666680e-01 1.218242880853333404e-01
1.607383786666663060e-04 2.204651715306666371e-01 6.573874418026666167e-01 1.219866482880000019e-01
1.587939839999993029e-04 2.202315647146666222e-01 6.574604886186666830e-01 1.221491526826667118e-01
1.568653333333328698e-04 2.199980706666666286e-01 6.575332626666666735e-01 1.223118013333333448e-01
1.549523626666662326e-04 2.197646895786666554e-01 6.576057637546667278e-01 1.224745943040000257e-01
1.530550079999997825e-04 2.195314216426666465e-01 6.576779916906667633e-01 1.226375316586666708e-01
1.511732053333333416e-04 2.192982670506667120e-01 6.577499462826666976e-01 1.228006134613333217e-01
1.493068906666667047e-04 2.190652259946667124e-01 6.578216273386667812e-01 1.229638397760000335e-01
1.474560000000002091e-04 2.188322986666667025e-01 6.578930346666667095e-01 1.231272106666666810e-01
1.456204693333332429e-04 2.185994852586666259e-01 6.579641680746666221e-01 1.232907261973333751e-01
1.438002346666667939e-04 2.183667859626666208e-01 6.580350273706665476e-01 1.234543864320000323e-01
1.419952320000003316e-04 2.181342009706666862e-01 6.581056123626667365e-01 1.236181914346666660e-01
1.402053973333328379e-04 2.179017304746665440e-01 6.581759228586666621e-01 1.237821412693333595e-01
1.384306666666663846e-04 2.176693746666665541e-01 6.582459586666666862e-01 1.239462360000000013e-01
1.366709759999997637e-04 2.174371337386666048e-01 6.583157195946667262e-01 1.241104756906667023e-01
1.349262613333332850e-04 2.172050078826666120e-01 6.583852054506666995e-01 1.242748604053333511e-01
1.331964586666667979e-04 2.169729972906666304e-01 6.584544160426666348e-01 1.244393902080000031e-01
1.314815040000001515e-04 2.167411021546666594e-01 6.585233511786666716e-01 1.246040651626666995e-01
1.297813333333336827e-04 2.165093226666666704e-01 6.585920106666667273e-01 1.247688853333333570e-01
1.280958826666658043e-04 2.162776590186666625e-01 6.586603943146667195e-01 1.249338507840000306e-01
1.264250879999993197e-04 2.160461114026666629e-01 6.587285019306666767e-01 1.250989615786666787e-01
1.247688853333328584e-04 2.158146800106666707e-01 6.587963333226667384e-01 1.252642177813333424e-01
1.231272106666659173e-04 2.155833650346665464e-01 6.588638882986666001e-01 1.254296194560000355e-01
1.214999999999994161e-04 2.153521666666665946e-01 6.589311666666666234e-01 1.255951666666666744e-01
1.198871893333327838e-04 2.151210850986666201e-01 6.589981682346666148e-01 1.257608594773333699e-01
1.182887146666663033e-04 2.148901205226666500e-01 6.590648928106666027e-01 1.259266979520000385e-01
1.167045119999998238e-04 2.146592731306666557e-01 6.591313402026666157e-01 1.260926821546666798e-01
1.151345173333331807e-04 2.144285431146666643e-01 6.591975102186666824e-01 1.262588121493333770e-01
1.135786666666666842e-04 2.141979306666667027e-01 6.592634026666666092e-01 1.264250879999999910e-01
1.120368960000001969e-04 2.139674359786667146e-01 6.593290173546666466e-01 1.265915097706666603e-01
1.105091413333332561e-04 2.137370592426666160e-01 6.593943540906667122e-01 1.267580775253333569e-01
1.089953386666667548e-04 2.135068006506666283e-01 6.594594126826667235e-01 1.269247913279999973e-01
1.074954239999994306e-04 2.132766603946666395e-01 6.595241929386667090e-01 1.270916512426666922e-01
1.060093333333329217e-04 2.130466386666666212e-01 6.595886946666666972e-01 1.272586573333333582e-01
1.045370026666664267e-04 2.128167356586666836e-01 6.596529176746667167e-01 1.274258096639999949e-01
1.030783679999997947e-04 2.125869515626666595e-01 6.597168617706666849e-01 1.275931082986666854e-01
1.016333653333332816e-04 2.123572865706666590e-01 6.597805267626666303e-01 1.277605533013333461e-01
1.002019306666666551e-04 2.121277408746667092e-01 6.598439124586666926e-01 1.279281447360000323e-01
9.878400000000013028e-05 2.118983146666667261e-01 6.599070186666666782e-01 1.280958826666666883e-01
9.737950933333361055e-05 2.116690081386667366e-01 6.599698451946667266e-01 1.282637671573333416e-01
9.598839466666633520e-05 2.114398214826666567e-01 6.600323918506666443e-01 1.284317982720000195e-01
9.461059199999982032e-05 2.112107548906666799e-01 6.600946584426665709e-01 1.285999760746666665e-01
9.324603733333292576e-05 2.109818085546665556e-01 6.601566447786666458e-01 1.287683006293333654e-01
9.189466666666640867e-05 2.107529826666665884e-01 6.602183506666665647e-01 1.289367720000000050e-01
9.055641599999990137e-05 2.105242774186665833e-01 6.602797759146665779e-01 1.291053902506666407e-01
8.923122133333325303e-05 2.102956930026666227e-01 6.603409203306667141e-01 1.292741554453333552e-01
8.791901866666673292e-05 2.100672296106666503e-01 6.604017837226666687e-01 1.294430676480000098e-01
8.661974400000009534e-05 2.098388874346666377e-01 6.604623658986668033e-01 1.296121269226667150e-01
8.533333333333356890e-05 2.096106666666666396e-01 6.605226666666667024e-01 1.297813333333333596e-01
8.405972266666702987e-05 2.093825674986667107e-01 6.605826858346668384e-01 1.299506869439999990e-01
8.279884800000015122e-05 2.091545901226666837e-01 6.606424232106666850e-01 1.301201878186666883e-01
8.155064533333360882e-05 2.089267347306666966e-01 6.607018786026666035e-01 1.302898360213333440e-01
8.031505066666605919e-05 2.086990015146665822e-01 6.607610518186666226e-01 1.304596316160000491e-01
7.909199999999954700e-05 2.084713906666665895e-01 6.608199426666665488e-01 1.306295746666666924e-01
7.788142933333299983e-05 2.082439023786666621e-01 6.608785509546666326e-01 1.307996652373333291e-01
7.668327466666636171e-05 2.080165368426666328e-01 6.609368764906666804e-01 1.309699033920000144e-01
7.549747199999982060e-05 2.077892942506666674e-01 6.609949190826667209e-01 1.311402891946666649e-01
7.432395733333318501e-05 2.075621747946666262e-01 6.610526785386666715e-01 1.313108227093333635e-01
7.316266666666664290e-05 2.073351786666667029e-01 6.611101546666666717e-01 1.314815039999999990e-01
7.201353600000011119e-05 2.071083060586667024e-01 6.611673472746666391e-01 1.316523331306666544e-01
7.087650133333293760e-05 2.068815571626666239e-01 6.612242561706667132e-01 1.318233101653333572e-01
6.975149866666639428e-05 2.066549321706666331e-01 6.612808811626667005e-01 1.319944351679999961e-01
6.863846399999955791e-05 2.064284312746665906e-01 6.613372220586666295e-01 1.321657082026667096e-01
6.753733333333300948e-05 2.062020546666666065e-01 6.613932786666666397e-01 1.323371293333333587e-01
6.644804266666646262e-05 2.059758025386666525e-01 6.614490507946666487e-01 1.325086986240000264e-01
6.537052799999982068e-05 2.057496750826666720e-01 6.615045382506666849e-01 1.326804161386666847e-01
6.430472533333327165e-05 2.055236724906666923e-01 6.615597408426667769e-01 1.328522819413333333e-01
6.325057066666662402e-05 2.052977949546666570e-01 6.616146583786666202e-01 1.330242960960000276e-01
6.220800000000006576e-05 2.050720426666667040e-01 6.616692906666665763e-01 1.331964586666666839e-01
6.117694933333351378e-05 2.048464158186667217e-01 6.617236375146666738e-01 1.333687697173333297e-01
6.015735466666668173e-05 2.046209146026666259e-01 6.617776987306666081e-01 1.335412293120000482e-01
5.914915200000011669e-05 2.043955392106666380e-01 6.618314741226666298e-01 1.337138375146667002e-01
5.815227733333301732e-05 2.041702898346665906e-01 6.618849634986667674e-01 1.338865943893333688e-01
5.716666666666645250e-05 2.039451666666665663e-01 6.619381666666666053e-01 1.340595000000000259e-01
5.619225599999989868e-05 2.037201698986665643e-01 6.619910834346666162e-01 1.342325544106666713e-01
5.522898133333324568e-05 2.034952997226666116e-01 6.620437136106667175e-01 1.344057576853333602e-01
5.427677866666668824e-05 2.032705563306666519e-01 6.620960570026667158e-01 1.345791098880000092e-01
5.333558400000004164e-05 2.030459399146666011e-01 6.621481134186666395e-01 1.347526110826667289e-01
5.240533333333347352e-05 2.028214506666666528e-01 6.621998826666666282e-01 1.349262613333333527e-01
5.148596266666690758e-05 2.025970887786666674e-01 6.622513645546665995e-01 1.351000607040000190e-01
5.057740799999957632e-05 2.023728544426666720e-01 6.623025588906666927e-01 1.352740092586666720e-01
4.967960533333301619e-05 2.021487478506666935e-01 6.623534654826667145e-01 1.354481070613333393e-01
4.879249066666620899e-05 2.019247691946665646e-01 6.624040841386666933e-01 1.356223541760000484e-01
4.791599999999964085e-05 2.017009186666666176e-01 6.624544146666666578e-01 1.357967506666666879e-01
4.705006933333307281e-05 2.014771964586666020e-01 6.625044568746666362e-01 1.359712965973333409e-01
4.619463466666642182e-05 2.012536027626666280e-01 6.625542105706666574e-01 1.361459920320000350e-01
4.534963199999985549e-05 2.010301377706666115e-01 6.626036755626665276e-01 1.363208370346666864e-01
4.451499733333320945e-05 2.008068016746666629e-01 6.626528516586667195e-01 1.364958316693333507e-01
4.369066666666663099e-05 2.005835946666666703e-01 6.627017386666665955e-01 1.366709760000000273e-01
4.287657600000005059e-05 2.003605169386666884e-01 6.627503363946666282e-01 1.368462700906666607e-01
4.207266133333324964e-05 2.001375686826665778e-01 6.627986446506666240e-01 1.370217140053333615e-01
4.127885866666668039e-05 1.999147500906666153e-01 6.628466632426666116e-01 1.371973078080000186e-01
4.049510399999966344e-05 1.996920613546665779e-01 6.628943919786666195e-01 1.373730515626667148e-01
3.972133333333308471e-05 1.994695026666666038e-01 6.629418306666665650e-01 1.375489453333333667e-01
3.895748266666650199e-05 1.992470742186666643e-01 6.629889791146665878e-01 1.377249891840000018e-01
3.820348799999985251e-05 1.990247762026666478e-01 6.630358371306666054e-01 1.379011831786667031e-01
3.745928533333327005e-05 1.988026088106666367e-01 6.630824045226666463e-01 1.380775273813333592e-01
3.672481066666668506e-05 1.985805722346667135e-01 6.631286810986667390e-01 1.382540218559999978e-01
3.600000000000002802e-05 1.983586666666666831e-01 6.631746666666666901e-01 1.384306666666667018e-01
3.528478933333343946e-05 1.981368922986667391e-01 6.632203610346667499e-01 1.386074618773333322e-01
3.457911466666645684e-05 1.979152493226666309e-01 6.632657640106667252e-01 1.387844075520000275e-01
3.388291199999987120e-05 1.976937379306666354e-01 6.633108754026666443e-01 1.389615037546667042e-01
3.319611733333328098e-05 1.974723583146666961e-01 6.633556950186666468e-01 1.391387505493333343e-01
3.251866666666650824e-05 1.972511106666665626e-01 6.634002226666666502e-01 1.393161480000000285e-01
3.185049599999991034e-05 1.970299951786665671e-01 6.634444581546665720e-01 1.394936961706666478e-01
3.119154133333326191e-05 1.968090120426665979e-01 6.634884012906666628e-01 1.396713951253333863e-01
3.054173866666666282e-05 1.965881614506665986e-01 6.635320518826666181e-01 1.398492449280000216e-01
2.990102400000006725e-05 1.963674435946666519e-01 6.635754097386666883e-01 1.400272456426666645e-01
2.926933333333341247e-05 1.961468586666666458e-01 6.636184746666666801e-01 1.402053973333333703e-01
2.864660266666681188e-05 1.959264068586666629e-01 6.636612464746667328e-01 1.403837000640000277e-01
2.803276800000004351e-05 1.957060883626666470e-01 6.637037249706667641e-01 1.405621538986666919e-01
2.742776533333343762e-05 1.954859033706666804e-01 6.637459099626666914e-01 1.407407589013333349e-01
2.683153066666683659e-05 1.952658520746667070e-01 6.637878012586666543e-01 1.409195151359999842e-01
2.624399999999974737e-05 1.950459346666666149e-01 6.638293986666666813e-01 1.410984226666666952e-01
2.566510933333314738e-05 1.948261513386666255e-01 6.638707019946666898e-01 1.412774815573333564e-01
2.509479466666649273e-05 1.946065022826666269e-01 6.639117110506667085e-01 1.414566918720000510e-01
2.453299199999989008e-05 1.943869876906666461e-01 6.639524256426666549e-01 1.416360536746666954e-01
2.397963733333328685e-05 1.941676077546666546e-01 6.639928455786666683e-01 1.418155670293333448e-01
2.343466666666662706e-05 1.939483626666666793e-01 6.640329706666667775e-01 1.419952320000000268e-01
2.289801600000002075e-05 1.937292526186666641e-01 6.640728007146665668e-01 1.421750486506666578e-01
2.236962133333312056e-05 1.935102778026666082e-01 6.641123355306666198e-01 1.423550170453333763e-01
2.184941866666651426e-05 1.932914384106666217e-01 6.641515749226667431e-01 1.425351372480000156e-01
2.133734399999990533e-05 1.930727346346666484e-01 6.641905186986667431e-01 1.427154093226666587e-01
2.083333333333315984e-05 1.928541666666666043e-01 6.642291666666666483e-01 1.428958333333333608e-01
2.033732266666654710e-05 1.926357346986666552e-01 6.642675186346667093e-01 1.430764093440000384e-01
1.984924799999989253e-05 1.924174389226666337e-01 6.643055744106667326e-01 1.432571374186666913e-01
1.936904533333327907e-05 1.921992795306666779e-01 6.643433338026667467e-01 1.434380176213333469e-01
1.889665066666666770e-05 1.919812567146667037e-01 6.643807966186667802e-01 1.436190500160000050e-01
1.843200000000000581e-05 1.917633706666666826e-01 6.644179626666666394e-01 1.438002346666666931e-01
1.797502933333338990e-05 1.915456215786667249e-01 6.644548317546667970e-01 1.439815716373333554e-01
1.752567466666664879e-05 1.913280096426666077e-01 6.644914036906666155e-01 1.441630609920000472e-01
1.708387200000003144e-05 1.911105350506666356e-01 6.645276782826665674e-01 1.443447027946666850e-01
1.664955733333341073e-05 1.908931979946666690e-01 6.645636553386666812e-01 1.445264971093333517e-01
1.622266666666655449e-05 1.906759986666665685e-01 6.645993346666667634e-01 1.447084440000000194e-01
1.580313599999993190e-05 1.904589372586665830e-01 6.646347160746666205e-01 1.448905435306666600e-01
1.539090133333327693e-05 1.902420139626665729e-01 6.646697993706667251e-01 1.450727957653333844e-01
1.498589866666665388e-05 1.900252289706666486e-01 6.647045843626666617e-01 1.452552007680000257e-01
1.458806400000003218e-05 1.898085824746666705e-01 6.647390708586666808e-01 1.454377586026666669e-01
1.419733333333337110e-05 1.895920746666666656e-01 6.647732586666668109e-01 1.456204693333333910e-01
1.381364266666674511e-05 1.893757057386666609e-01 6.648071475946666364e-01 1.458033330240000036e-01
1.343692799999980854e-05 1.891594758826666278e-01 6.648407374506666301e-01 1.459863497386666986e-01
1.306712533333318475e-05 1.889433852906666489e-01 6.648740280426665983e-01 1.461695195413333648e-01
1.270417066666656025e-05 1.887274341546666956e-01 6.649070191786666806e-01 1.463528424960000018e-01
1.234799999999983671e-05 1.885116226666666006e-01 6.649397106666666835e-01 1.465363186666666928e-01
1.199854933333321228e-05 1.882959510186666130e-01 6.649721023146666354e-01 1.467199481173333542e-01
1.165575466666655304e-05 1.880804194026666487e-01 6.650041939306665650e-01 1.469037309120000412e-01
1.131955199999992499e-05 1.878650280106666237e-01 6.650359853226666118e-01 1.470876671146666981e-01
1.098987733333329588e-05 1.876497770346666483e-01 6.650674762986665822e-01 1.472717567893333523e-01
1.066666666666663513e-05 1.874346666666666661e-01 6.650986666666667269e-01 1.474560000000000315e-01
1.034985600000000366e-05 1.872196970986667042e-01 6.651295562346666301e-01 1.476403968106666797e-01
1.003938133333328620e-05 1.870048685226666230e-01 6.651601448106667647e-01 1.478249472853333801e-01
9.735178666666653778e-06 1.867901811306666437e-01 6.651904322026667149e-01 1.480096514880000214e-01
9.437184000000018233e-06 1.865756351146666270e-01 6.652204182186667314e-01 1.481945094826666864e-01
9.145333333333225331e-06 1.863612306666665996e-01 6.652501026666666206e-01 1.483795213333333751e-01
8.859562666666590094e-06 1.861469679786666442e-01 6.652794853546666332e-01 1.485646871040000316e-01
8.579807999999931187e-06 1.859328472426666212e-01 6.653085660906666865e-01 1.487500068586667112e-01
8.306005333333295969e-06 1.857188686506666686e-01 6.653373446826666981e-01 1.489354806613333304e-01
8.038090666666658957e-06 1.855050323946666746e-01 6.653658209386666966e-01 1.491211085759999999e-01
7.775999999999996362e-06 1.852913386666666662e-01 6.653939946666667105e-01 1.493068906666666917e-01
7.519669333333358086e-06 1.850777876586667259e-01 6.654218656746666571e-01 1.494928269973333501e-01
7.269034666666718645e-06 1.848643795626667141e-01 6.654494337706666762e-01 1.496789176320000025e-01
7.024031999999942442e-06 1.846511145706666579e-01 6.654766987626666852e-01 1.498651626346667043e-01
6.784597333333302996e-06 1.844379928746666952e-01 6.655036604586666016e-01 1.500515620693333441e-01
6.550666666666598640e-06 1.842250146666665755e-01 6.655303186666666759e-01 1.502381160000000326e-01
6.322175999999958051e-06 1.840121801386666034e-01 6.655566731946667147e-01 1.504248244906666587e-01
6.099061333333316782e-06 1.837994894826666115e-01 6.655827238506666355e-01 1.506116876053333331e-01
5.881258666666654431e-06 1.835869428906665990e-01 6.656084704426665777e-01 1.507987054080000278e-01
5.668704000000010736e-06 1.833745405546666207e-01 6.656339127786666809e-01 1.509858779626666869e-01
5.461333333333347508e-06 1.831622826666666481e-01 6.656590506666667517e-01 1.511732053333333936e-01
5.259082666666702792e-06 1.829501694186666527e-01 6.656838839146667075e-01 1.513606875840000365e-01
5.061888000000057033e-06 1.827382010026666614e-01 6.657084123306666879e-01 1.515483247786666710e-01
4.869685333333356794e-06 1.825263776106666735e-01 6.657326357226667213e-01 1.517361169813333521e-01
4.682410666666710425e-06 1.823146994346666883e-01 6.657565538986667253e-01 1.519240642559999965e-01
4.499999999999912023e-06 1.821031666666665938e-01 6.657801666666667284e-01 1.521121666666667149e-01
4.322389333333267294e-06 1.818917794986666114e-01 6.658034738346666481e-01 1.523004242773333683e-01
4.149514666666621159e-06 1.816805381226666294e-01 6.658264752106666240e-01 1.524888371519999841e-01
3.981311999999958300e-06 1.814694427306666469e-01 6.658491706026665735e-01 1.526774053546667009e-01
3.817717333333310829e-06 1.812584935146666354e-01 6.658715598186666362e-01 1.528661289493333519e-01
3.658666666666647336e-06 1.810476906666666497e-01 6.658936426666667296e-01 1.530550080000000202e-01
3.504095999999998239e-06 1.808370343786666889e-01 6.659154189546666602e-01 1.532440425706666776e-01
3.353941333333347798e-06 1.806265248426666969e-01 6.659368884906666786e-01 1.534332327253333239e-01
3.208138666666616740e-06 1.804161622506666174e-01 6.659580510826667021e-01 1.536225785280000145e-01
3.066623999999966779e-06 1.802059467946666438e-01 6.659789065386667595e-01 1.538120800426666657e-01
2.929333333333278831e-06 1.799958786666666088e-01 6.659994546666667681e-01 1.540017373333333883e-01
2.796202666666628212e-06 1.797859580586666506e-01 6.660196952746666454e-01 1.541915504640000156e-01
2.667167999999976307e-06 1.795761851626666572e-01 6.660396281706666421e-01 1.543815194986666861e-01
2.542165333333312881e-06 1.793665601706666279e-01 6.660592531626666757e-01 1.545716445013333717e-01
2.421130666666659884e-06 1.791570832746666453e-01 6.660785700586666636e-01 1.547619255360000168e-01
2.303999999999995644e-06 1.789477546666666807e-01 6.660975786666667453e-01 1.549523626666667042e-01
2.190709333333341263e-06 1.787385745386667057e-01 6.661162787946666164e-01 1.551429559573333505e-01
2.081194666666686505e-06 1.785295430826667196e-01 6.661346702506667494e-01 1.553337054720000110e-01
1.975392000000001652e-06 1.783206604906666104e-01 6.661527528426666178e-01 1.555246112746667131e-01
1.873237333333345711e-06 1.781119269546666550e-01 6.661705263786665832e-01 1.557156734293333455e-01
1.774666666666635600e-06 1.779033426666665751e-01 6.661879906666666740e-01 1.559068920000000469e-01
1.679615999999980303e-06 1.776949078186665920e-01 6.662051455146666967e-01 1.560982670506666781e-01
1.588021333333324266e-06 1.774866226026666216e-01 6.662219907306666800e-01 1.562897986453333221e-01
1.499818666666659370e-06 1.772784872106666354e-01 6.662385261226666522e-01 1.564814868480000343e-01
1.414944000000002271e-06 1.770705018346666326e-01 6.662547514986667530e-01 1.566733317226666755e-01
1.333333333333337014e-06 1.768626666666666125e-01 6.662706666666666777e-01 1.568653333333333844e-01
1.254922666666678562e-06 1.766549818986666576e-01 6.662862714346666770e-01 1.570574917440000218e-01
1.179648000000019643e-06 1.764474477226667115e-01 6.663015656106667794e-01 1.572498070186666708e-01
1.107445333333300892e-06 1.762400643306666348e-01 6.663165490026666804e-01 1.574422792213333588e-01
1.038250666666643150e-06 1.760328319146666765e-01 6.663312214186667415e-01 1.576349084160000025e-01
9.719999999999667227e-07 1.758257506666665582e-01 6.663455826666666582e-01 1.578276946666667124e-01
9.086293333333082786e-07 1.756188207786666122e-01 6.663596325546666810e-01 1.580206380373333774e-01
8.480746666666492161e-07 1.754120424426666436e-01 6.663733708906667275e-01 1.582137385920000250e-01
7.902719999999843802e-07 1.752054158506666237e-01 6.663867974826667151e-01 1.584069963946667103e-01
7.351573333333243923e-07 1.749989411946666629e-01 6.663999121386665614e-01 1.586004115093333500e-01
6.826666666666590153e-07 1.747926186666666493e-01 6.664127146666667389e-01 1.587939840000000546e-01
6.327359999999980235e-07 1.745864484586666932e-01 6.664252048746666102e-01 1.589877139306666853e-01
5.853013333333365796e-07 1.743804307626666827e-01 6.664373825706666477e-01 1.591816013653333250e-01
5.402986666666624352e-07 1.741745657706666173e-01 6.664492475626666579e-01 1.593756463680000290e-01
4.976640000000006108e-07 1.739688536746666347e-01 6.664607996586666694e-01 1.595698490026666860e-01
4.573333333333164115e-07 1.737632946666665956e-01 6.664720386666667107e-01 1.597642093333333790e-01
4.192426666666547634e-07 1.735578889386666379e-01 6.664829643946665882e-01 1.599587274240000245e-01
3.833279999999926180e-07 1.733526366826666221e-01 6.664935766506665527e-01 1.601534033386666778e-01
3.495253333333269912e-07 1.731475380906666306e-01 6.665038752426666324e-01 1.603482371413333663e-01
3.177706666666641102e-07 1.729425933546666627e-01 6.665138599786666340e-01 1.605432288960000065e-01
2.879999999999980790e-07 1.727378026666666899e-01 6.665235306666666970e-01 1.607383786666667091e-01
2.601493333333345426e-07 1.725331662186667114e-01 6.665328871146667389e-01 1.609336865173333631e-01
2.341546666666705432e-07 1.723286842026667265e-01 6.665419291306666771e-01 1.611291525120000234e-01
2.099519999999932233e-07 1.721243568106666233e-01 6.665506565226666513e-01 1.613247767146667178e-01
1.874773333333294301e-07 1.719201842346666231e-01 6.665590690986666900e-01 1.615205591893333625e-01
1.666666666666597152e-07 1.717161666666665309e-01 6.665671666666665995e-01 1.617165000000000408e-01
1.474559999999956262e-07 1.715123042986665958e-01 6.665749490346666306e-01 1.619125992106666967e-01
1.297813333333311613e-07 1.713085973226665948e-01 6.665824160106665897e-01 1.621088568853333300e-01
1.135786666666649774e-07 1.711050459306666105e-01 6.665895674026667272e-01 1.623052730880000238e-01
9.878400000000000629e-08 1.709016503146666144e-01 6.665964030186666278e-01 1.625018478826666946e-01
8.533333333333474596e-08 1.706984106666666612e-01 6.666029226666667640e-01 1.626985813333333142e-01
7.316266666666814448e-08 1.704953271786666669e-01 6.666091261546667202e-01 1.628954735040000490e-01
6.220800000000247186e-08 1.702924000426666862e-01 6.666150132906667469e-01 1.630925244586666767e-01
5.240533333333398285e-08 1.700896294506666628e-01 6.666205838826666508e-01 1.632897342613333636e-01
4.369066666666815030e-08 1.698870155946666516e-01 6.666258377386666822e-01 1.634871029759999983e-01
3.600000000000208922e-08 1.696845586666666794e-01 6.666307746666666478e-01 1.636846306666666639e-01
2.926933333333062829e-08 1.694822588586666068e-01 6.666353944746665761e-01 1.638823173973333602e-01
2.343466666666492807e-08 1.692801163626665994e-01 6.666396969706666065e-01 1.640801632320000036e-01
1.843199999999859963e-08 1.690781313706666289e-01 6.666436819626666566e-01 1.642781682346667049e-01
1.419733333333258451e-08 1.688763040746666388e-01 6.666473492586666438e-01 1.644763324693333528e-01
1.066666666666639988e-08 1.686746346666666840e-01 6.666506986666667078e-01 1.646746560000000026e-01
7.775999999999829218e-09 1.684731233386666527e-01 6.666537299946666550e-01 1.648731388906666817e-01
5.461333333333423662e-09 1.682717702826666828e-01 6.666564430506667360e-01 1.650717812053333344e-01
3.658666666666038196e-09 1.680705756906666071e-01 6.666588376426667573e-01 1.652705830080000438e-01
2.303999999999665307e-09 1.678695397546666190e-01 6.666609135786667473e-01 1.654695443626666707e-01
1.333333333333188935e-09 1.676686626666666624e-01 6.666626706666667346e-01 1.656686653333333259e-01
6.826666666664885334e-10 1.674679446186666254e-01 6.666641087146666367e-01 1.658679459840000370e-01
2.879999999999314869e-10 1.672673858026666460e-01 6.666652275306667041e-01 1.660673863786666926e-01
8.533333333330513424e-11 1.670669864106666402e-01 6.666660269226667435e-01 1.662669865813333758e-01
1.066666666666314178e-11 1.668667466346666350e-01 6.666665066986666721e-01 1.664667466560000308e-01
